product_name,review_rating,review_count,skin_type,review_text,url
[습윤장벽] 동아제약 딥-베리어 프로 크림제 50ml 기획 (+10ml),5.0,646,복합성,"너무 묽지도, 너무 빽빽하지도 않은 쫀쫀하면서 밀도감 있는 크림 제형이라 사용하기 좋아요",https://www.oliveyoung.co.kr/store/goods/getGoodsDetail.do?goodsNo=A000000263679&dispCatNo=100000100010015&trackingCd=Cat100000100010015_Small&t_page=카테고리관&t_click=크림_전체__상품상세&t_number=14
[습윤장벽] 동아제약 딥-베리어 프로 크림제 50ml 기획 (+10ml),5.0,646,복합성,제형이 굉장히 쫀쫀한 제형이라 건성분들이 바르기 좋아요~ 바르는순간 각질도 싹 잠재워주고 건조한것도 잘 잡아줍니당!! 피부에 바르면서 보습막을 싹 만들어줘서 피부장벽케어에도 좋아요~~,https://www.oliveyoung.co.kr/store/goods/getGoodsDetail.do?goodsNo=A000000263679&dispCatNo=100000100010015&trackingCd=Cat100000100010015_Small&t_page=카테고리관&t_click=크림_전체__상품상세&t_number=14
[습윤장벽] 동아제약 딥-베리어 프로 크림제 50ml 기획 (+10ml),5.0,646,복합성,동아제약 제품들 올리브영에 나오고 진짜 다 써본 것 같아요!! 이번에 장벽 케어용 새로 나왔는데 기존 제품들에 비해 더더욱 덜 자극적인 것 같아요!! 한 달 뒤에 한달리뷰로 돌아올게요!,https://www.oliveyoung.co.kr/store/goods/getGoodsDetail.do?goodsNo=A000000263679&dispCatNo=100000100010015&trackingCd=Cat100000100010015_Small&t_page=카테고리관&t_click=크림_전체__상품상세&t_number=14
[습윤장벽] 동아제약 딥-베리어 프로 크림제 50ml 기획 (+10ml),5.0,646,없음,점점 수분이 날라가서 푸석푸석해지니까 작은 자극에도 피부가 따끔따끔 거리더라구요 피부장벽이 무너져서 그렇다고해서 장벽크림 구매했는데 쫀쫀하고 너무 좋아요 !,https://www.oliveyoung.co.kr/store/goods/getGoodsDetail.do?goodsNo=A000000263679&dispCatNo=100000100010015&trackingCd=Cat100000100010015_Small&t_page=카테고리관&t_click=크림_전체__상품상세&t_number=14
[습윤장벽] 동아제약 딥-베리어 프로 크림제 50ml 기획 (+10ml),5.0,646,없음,"저는 크림 고를 때 보습력도 중요하지만 화장 전에 발랐을 때 밀리는지를 제일 많이 보는 편이에요! 아무리 촉촉해도 베이스가 밀리면 아침에는 결국 손이 안 가더라고요ㅠ 이번에 동아제약 딥-베리어 프로 크림제를 써봤는데 양만 잘 조절하면 아침에도 꽤 사용하기 편해서 만족했어요💙 제형은 적당히 크리미하면서 피부에 부드럽게 펴 발리는 타입이고, 저는 손바닥으로 문지르기보다는 얼굴에 조금씩 나눠 올린 다음 얇게 펴 발라주고 있어요. 특히 코 옆, 입가, 볼처럼 베이스가 잘 뜨는 부위에 소량 발라주면 메이크업 전에 피부가 한결 촉촉하게 정돈되는 느낌이었어요✨ 중요한 건 바르고 바로 쿠션이나 파운데이션을 올리지 않는 거! 저는 크림을 얇게 바른 다음 2~3분 정도 충분히 흡수시키고 선크림, 베이스 순서로 넘어가는데 이렇게 사용하니까 훨씬 깔끔하더라고요ㅎㅎ 밤에는 반대로 조금 넉넉하게 발라서 보습 위주로 사용하고 있어요. 💡 저만의 꿀팁은 아침에는 콩알보다 적은 양으로 시작해서 필요한 부분에만 추가하는 거예요! 특히 T존은 최소한으로 바르고 볼, 입가 위주로 발라주니까 번들거림 부담도 줄고 메이크업하기 편했어요😊 본품 50ml에 10ml 추가 구성이라 작은 사이즈는 파우치에 넣어 다니거나 여행용으로 쓰기 좋다는 점도 마음에 들어요. 아침저녁으로 양 조절해서 활용할 수 있는 크림 찾으신다면 한 번 참고해보셔도 좋을 것 같아요💄✨ 제 후기가 조금이라도 도움이 되셨다면 ‘도움돼요’ 버튼 한 번 부탁드려요 🩷",https://www.oliveyoung.co.kr/store/goods/getGoodsDetail.do?goodsNo=A000000263679&dispCatNo=100000100010015&trackingCd=Cat100000100010015_Small&t_page=카테고리관&t_click=크림_전체__상품상세&t_number=14
[습윤장벽] 동아제약 딥-베리어 프로 크림제 50ml 기획 (+10ml),5.0,646,없음,크림이 너무 묽지 않고 적당히 쫀쫀한 제형이라 피부에 펴 바를 때 밀착되는 느낌이었어요! 그렇다고 바른 뒤 유분감이 겉돌거나 답답하게 남는 느낌은 심하지 않았고 건조해서 당기는 부위에는 한 번 더 덧발라주기 좋았어요. 특히 밤에 듬뿍 발라두고 자면 다음 날까지 피부가 푸석하지 않고 촉촉한 느낌이 남아 있어서 요즘 나이트 크림으로 자주 사용하고 있습니당,https://www.oliveyoung.co.kr/store/goods/getGoodsDetail.do?goodsNo=A000000263679&dispCatNo=100000100010015&trackingCd=Cat100000100010015_Small&t_page=카테고리관&t_click=크림_전체__상품상세&t_number=14
[습윤장벽] 동아제약 딥-베리어 프로 크림제 50ml 기획 (+10ml),5.0,646,복합성,피부 장벽이 무너진 듯 따갑고 건조할 때 사용해봤어요. 크림이 부드럽게 펴 발리고 겉돌지 않아 편했어요. 바르고 나면 속당김이 덜하고 촉촉함이 오래가서 밤에 듬뿍 바르기 좋아요. 향이 강하지 않은 점도 마음에 들어요. 민감할 때도 잘 썼어요.,https://www.oliveyoung.co.kr/store/goods/getGoodsDetail.do?goodsNo=A000000263679&dispCatNo=100000100010015&trackingCd=Cat100000100010015_Small&t_page=카테고리관&t_click=크림_전체__상품상세&t_number=14
[습윤장벽] 동아제약 딥-베리어 프로 크림제 50ml 기획 (+10ml),5.0,646,복합성,파티온 라인 잘 쓰는데용 동아제약에서 나왔다해서 바로 겓 했어요! 제형이 적당히 쫀쫀한 편인데 피부에 펴 바르면 부드럽게 발리고 촉촉하게 발리네융. 건조해서 피부가 당기는 날 듬뿍 발라주면 보습감이 오래 유지되는 느낌이라 굳굳입니당! 자기 전에 꾸준히 발라주고 있는데 아침에 일어났을 때 피부가 촉촉~ 발에 발라줘도 보습이 잘 돼요... 가을되니 좀 건조한느낌?! 발 갈라짐에도 좋은건 비밀!,https://www.oliveyoung.co.kr/store/goods/getGoodsDetail.do?goodsNo=A000000263679&dispCatNo=100000100010015&trackingCd=Cat100000100010015_Small&t_page=카테고리관&t_click=크림_전체__상품상세&t_number=14
[습윤장벽] 동아제약 딥-베리어 프로 크림제 50ml 기획 (+10ml),5.0,646,복합성,피부 장벽이 무너진 느낌이 들어서 구매해봤어요. 편안하게 스며드는 편이라 매일 밤 부담 없이 쓸 수 있었어요. 며칠 발라주니까 예전엔 자주 당기던 볼 부위가 한결 촉촉하게 유지되는것같아요!,https://www.oliveyoung.co.kr/store/goods/getGoodsDetail.do?goodsNo=A000000263679&dispCatNo=100000100010015&trackingCd=Cat100000100010015_Small&t_page=카테고리관&t_click=크림_전체__상품상세&t_number=14
[습윤장벽] 동아제약 딥-베리어 프로 크림제 50ml 기획 (+10ml),5.0,646,복합성,촉촉하고 부드러운 크림 제형이라 건조한 피부에 바르기 좋았음. 너무 무겁거나 끈적이지 않으면서 피부가 편안하고 촉촉하게 유지되는 느낌이라 데일리 보습용으로 만족스러웠음. 10ml 추가 구성도 실용적이었음.,https://www.oliveyoung.co.kr/store/goods/getGoodsDetail.do?goodsNo=A000000263679&dispCatNo=100000100010015&trackingCd=Cat100000100010015_Small&t_page=카테고리관&t_click=크림_전체__상품상세&t_number=14
[9월 올영픽/산리오 콜라보] 구달 청귤 비타C 잡티케어 크림 알파 75ml+75ml 리필 기획(+폼폼푸린 카드케이스),5.0,"1,375",복합성,벌써 이 계열 세럼 + 크림까지 거의 3년동안 n통째 비워가는 중입니다!! 솔직히 사용할 때만 해도 효과가 있으려나 싶었지만 그냥 속는 셈 치고 나이트 케어 때마다 마지막에 발라주고 자는 동안 흡수시켜줬는데요.. 안 바르던 시기의 사진이랑 꾸준히 발라온 후의 사진에서 피부 차이가 보여서 진짜 너무 놀랬어욬ㅋㅋㅋ 참고로 사진은 성형외과에서 쌩얼에 DSLR 카메라로 찍힌 거라 그냥 적나라 그 자체였습니다;; 저뿐만 아니라 그 때 같이 봤던 원장쌤도 왤케 피부가 화사해졌냐고 안색이 좋아졌다고 하셧어요.. 전 갠적으로 얼굴에 세럼이랑 크림을 과할 정도로 듬뿍 올린 다음에 기름종이를 올려서 팩처럼 하는 방식을 자주 했어요! 저 진짜 이렇게 길게 쓰는 리뷰 많이 없는데 이 정도로 쓴 거면 효과 있다고 봐주셔야 합니다… 대신 세럼이나 이 크림도 마찬가지로 제형이 무겁기 때문에 꼭 나이트 케어로만 사용하세요!!!,https://www.oliveyoung.co.kr/store/goods/getGoodsDetail.do?goodsNo=A000000263564&dispCatNo=100000100010015&trackingCd=Cat100000100010015_Small&t_page=카테고리관&t_click=크림_전체__상품상세&t_number=15
[9월 올영픽/산리오 콜라보] 구달 청귤 비타C 잡티케어 크림 알파 75ml+75ml 리필 기획(+폼폼푸린 카드케이스),5.0,"1,375",복합성,"매번 쓰는건데 다 써서 또 구매했어요 구달 비타라인은 복합성, 건성도 쓸만하고 이미 어두워진 잡티가 바로 밝아지는건 아니지만 얼굴 안색이 전체적으로 좋아지는게 느껴져서 계속 사게되네요 추천추천",https://www.oliveyoung.co.kr/store/goods/getGoodsDetail.do?goodsNo=A000000263564&dispCatNo=100000100010015&trackingCd=Cat100000100010015_Small&t_page=카테고리관&t_click=크림_전체__상품상세&t_number=15
[9월 올영픽/산리오 콜라보] 구달 청귤 비타C 잡티케어 크림 알파 75ml+75ml 리필 기획(+폼폼푸린 카드케이스),5.0,"1,375",건성,제가 정말 귀차니즘이 심한 사람이라 항상 앰플에 토너패드 해주거나 아니면 팩 붙이고 끝내는게 다인데 이번에 크림도 발라볼까 싶어서 마침 폼푸 콜라보라 구매해봤는데 제가 기대한거보다 훨씬 좋은거 같아요 일단 발림성이 진짜 물처럼 스르륵 녹듯이? 발리구 제가 또 크림안에 캡슐같이 들어있는 크림을 좋아하는 편이라 넘 만족해요 꾸준히 써보려고 해요 다음에 재구매 의사 있습니당!!,https://www.oliveyoung.co.kr/store/goods/getGoodsDetail.do?goodsNo=A000000263564&dispCatNo=100000100010015&trackingCd=Cat100000100010015_Small&t_page=카테고리관&t_click=크림_전체__상품상세&t_number=15
[9월 올영픽/산리오 콜라보] 구달 청귤 비타C 잡티케어 크림 알파 75ml+75ml 리필 기획(+폼폼푸린 카드케이스),5.0,"1,375",복합성,"최근 얼굴에서 갑자기 잡티 파티가 열려서 구매했습니다.. 꾸준히 바르고 있는데 신경 쓰이던 잡티랑 트러블 흔적들이 눈에 띄게 옅어져서 너무 만족하고 있어요!! 오히려 피부도 쫀쫀해지고 은은하게 광이 도는 느낌이라 피부 컨디션 자체가 좋아 보이더라구여 크림 먼저 사고 너무 마음에 들어서 같은 라인 세럼까지 추가로 구매했는데, 개인적으로 이 크림은 같은 라인 세럼이랑 같이 사용할 때 더 잘 맞는 것 같아요! 세럼 사기 전에는 다른 브랜드 세럼이랑 같이 사용했는데 시간이 조금만 지나도 개기름이 올라와서 어떡하나 고민했었거든요ㅜㅜ 근데 청귤 비타C 세럼 + 크림 조합으로 바꾸고 나서는 신기하게 유분 올라오는 게 확 줄었어요! 촉촉하면서도 번들거리지 않고 피부가 쫀쫀하게 마무리돼서 너무 좋음!! 잡티랑 흔적 케어도 만족스럽고 피부결이나 광까지 좋아 보이는 느낌이라 저는 세럼이랑 세트로 꾸준히 사용하려구요 같이 발랐을 때 시너지가 더 좋은 듯!! 완전 만족입니당ㅎㅎ",https://www.oliveyoung.co.kr/store/goods/getGoodsDetail.do?goodsNo=A000000263564&dispCatNo=100000100010015&trackingCd=Cat100000100010015_Small&t_page=카테고리관&t_click=크림_전체__상품상세&t_number=15
[9월 올영픽/산리오 콜라보] 구달 청귤 비타C 잡티케어 크림 알파 75ml+75ml 리필 기획(+폼폼푸린 카드케이스),5.0,"1,375",복합성,폼폼이랑 콜라보라니 너무 귀엽고 잘 쓰고 있습니다. 추천해요,https://www.oliveyoung.co.kr/store/goods/getGoodsDetail.do?goodsNo=A000000263564&dispCatNo=100000100010015&trackingCd=Cat100000100010015_Small&t_page=카테고리관&t_click=크림_전체__상품상세&t_number=15
[9월 올영픽/산리오 콜라보] 구달 청귤 비타C 잡티케어 크림 알파 75ml+75ml 리필 기획(+폼폼푸린 카드케이스),5.0,"1,375",복합성,배송 빠르고 할인도 자주해요! 꾸준히 사용하고 있습니다.,https://www.oliveyoung.co.kr/store/goods/getGoodsDetail.do?goodsNo=A000000263564&dispCatNo=100000100010015&trackingCd=Cat100000100010015_Small&t_page=카테고리관&t_click=크림_전체__상품상세&t_number=15
[9월 올영픽/산리오 콜라보] 구달 청귤 비타C 잡티케어 크림 알파 75ml+75ml 리필 기획(+폼폼푸린 카드케이스),5.0,"1,375",복합성,여름 다 지나갔으니까 비타민C 크림으로 꾸준히 미백 케어해주려고 구매했어요! 폼폼푸린 카드케이스는 위시템 뽑기 실패ㅠ,https://www.oliveyoung.co.kr/store/goods/getGoodsDetail.do?goodsNo=A000000263564&dispCatNo=100000100010015&trackingCd=Cat100000100010015_Small&t_page=카테고리관&t_click=크림_전체__상품상세&t_number=15
[9월 올영픽/산리오 콜라보] 구달 청귤 비타C 잡티케어 크림 알파 75ml+75ml 리필 기획(+폼폼푸린 카드케이스),5.0,"1,375",건성,지금 딱 사서 화이트닝 관리 해주려구요 좋은데 카드케이스에 카드가 안 들어가요 포카넣어 다닐래요,https://www.oliveyoung.co.kr/store/goods/getGoodsDetail.do?goodsNo=A000000263564&dispCatNo=100000100010015&trackingCd=Cat100000100010015_Small&t_page=카테고리관&t_click=크림_전체__상품상세&t_number=15
[9월 올영픽/산리오 콜라보] 구달 청귤 비타C 잡티케어 크림 알파 75ml+75ml 리필 기획(+폼폼푸린 카드케이스),5.0,"1,375",없음,구달 제품 좋은거야 당연히 알고있었고 이번 카드케이스가 탐나서 구매해봤어요~ 갤럭시 유저로서 맥세이프 카드케이스 보면 대부분 카메라를 가리는데 얘는 딱 맞아서 너무 맘에 들었습니다!!,https://www.oliveyoung.co.kr/store/goods/getGoodsDetail.do?goodsNo=A000000263564&dispCatNo=100000100010015&trackingCd=Cat100000100010015_Small&t_page=카테고리관&t_click=크림_전체__상품상세&t_number=15
[9월 올영픽/산리오 콜라보] 구달 청귤 비타C 잡티케어 크림 알파 75ml+75ml 리필 기획(+폼폼푸린 카드케이스),5.0,"1,375",없음,"크림인데 너무 꾸덕하거나 무거운 느낌 없이 부드럽게 펴 발리고, 피부에 촉촉하게 밀착되는 느낌이라 데일리 스킨케어로 사용하기 좋았어요. 바르고 나면 피부가 한층 매끄럽고 촉촉해 보이면서 은은하게 윤기가 돌아서 만족스러웠어요. 저는 주로 저녁 스킨케어 마지막 단계에 사용하고 있는데 끈적임이 심하지 않아 부담 없이 바를 수 있었어요. 청귤 비타C 성분이 들어간 제품이라 피부톤과 잡티가 신경 쓰일 때 꾸준히 관리해주기 좋을 것 같더라고요. 한두 번 사용해서 큰 변화를 기대하기보다는 매일 꾸준하게 사용하면서 피부 컨디션을 관리하는 용도로 사용하고 있어요. 75ml 본품에 리필 75ml까지 구성되어 있어서 양도 정말 넉넉하고, 리필이 함께 들어 있어 실용적인 점도 마음에 들었어요",https://www.oliveyoung.co.kr/store/goods/getGoodsDetail.do?goodsNo=A000000263564&dispCatNo=100000100010015&trackingCd=Cat100000100010015_Small&t_page=카테고리관&t_click=크림_전체__상품상세&t_number=15
[NEW리뷰이벤트/붉은기진정크림] 동국제약 루온셀 듀얼 아쿠아 크림 50ml,5.0,16,건성,"자극받아서 피부가 쉽게 붉어지는 편이라 진정 크림을 찾다가 사용해봤는데 꽤 만족스러워요. 제형은 너무 무겁거나 답답하지 않고 부드럽게 발려서 데일리로 사용하기 좋았어요. 세안 후 피부가 살짝 달아오르거나 붉은기가 올라올 때 발라주면 피부가 편안해지는 느낌이 들고, 건조해서 당기는 느낌도 덜했어요. 수분감 낭낭해서 촉촉하고 요즘처럼 피부 컨디션이 들쑥날쑥할 때 기본 진정 크림으로 두고 쓰기 괜찮은 제품이에요.",https://www.oliveyoung.co.kr/store/goods/getGoodsDetail.do?goodsNo=A000000263511&dispCatNo=100000100010015&trackingCd=Cat100000100010015_Small&t_page=카테고리관&t_click=크림_전체__상품상세&t_number=17
[NEW리뷰이벤트/붉은기진정크림] 동국제약 루온셀 듀얼 아쿠아 크림 50ml,5.0,16,건성,와..피부가 요즘 뒤집어져서 제약회사 브랜드 믿고 구매해봤는데 제 얼굴에 잘받네요 젤크림이라 무겁지 않아서 여름에도 바르기 좋네용 흡수가 진짜 빨라서 롤링해주니까 어느순간 싹 들어갔어요 마무리감도 끈적임 없고 매끈합니다 패키지에 2개의 크림이 들어있어요 투명한 수분크림이 겉에 있고 보습장벽크림은 안의 튜브에 들어있어요 2in1이라서 간단해서 좋네용,https://www.oliveyoung.co.kr/store/goods/getGoodsDetail.do?goodsNo=A000000263511&dispCatNo=100000100010015&trackingCd=Cat100000100010015_Small&t_page=카테고리관&t_click=크림_전체__상품상세&t_number=17
[NEW리뷰이벤트/붉은기진정크림] 동국제약 루온셀 듀얼 아쿠아 크림 50ml,5.0,16,복합성,홍조있는피부라서 넘 좋어요!! 제형 부드럽고 촉촉합니당 요즘 유행하는 캡슐크림이 튜브형으로 나온 느낌이라 단지형보다 위생적으로 쓰기 좋아요!! 크림도 유분기가 많지 않아서 좋았어여 안에 있는 크림이랑 젤이 잘 섞여서 넘 편해요!! 다쓰면 재구매할거같습니당,https://www.oliveyoung.co.kr/store/goods/getGoodsDetail.do?goodsNo=A000000263511&dispCatNo=100000100010015&trackingCd=Cat100000100010015_Small&t_page=카테고리관&t_click=크림_전체__상품상세&t_number=17
[NEW리뷰이벤트/붉은기진정크림] 동국제약 루온셀 듀얼 아쿠아 크림 50ml,5.0,16,복합성,자극없이 순하게 바를수 있는 아쿠아크림입니다 자외선 노출이 심한 여름에 쓰기에 딱좋네요 열감을 잡아주고 피부결을 정돈시켜주는 기분입니다 ㅎㅎ 동생도 이거 써보더니 좋다고 하나 구매한다고 하네요 ㅎㅎ 세일때마다 쟁여두고 쓸예정입니다. 저처럼 피부가 민감한분들이 쓰면 효과가 바로 나타나는 아쿠아 크림입니다 흡수력도 빨라서 촉촉하니 좋아요!! ㅎㅎ,https://www.oliveyoung.co.kr/store/goods/getGoodsDetail.do?goodsNo=A000000263511&dispCatNo=100000100010015&trackingCd=Cat100000100010015_Small&t_page=카테고리관&t_click=크림_전체__상품상세&t_number=17
[NEW리뷰이벤트/붉은기진정크림] 동국제약 루온셀 듀얼 아쿠아 크림 50ml,5.0,16,복합성,타제품대비해서 보습력이 좋은크림입니다.ㅎㅎ 사이즈도 여행용으로도 딱 좋네요 ㅎㅎ 계속 사용하고 있는데 피부가 하루종일 촉촉하고 좋아지는 것 같습니다 ㅎㅎ 바르면 피부에 빠르게 흡수되는 산뜻한 마무리가 되는 느낌입니다 성분이 순해서 예민한 피부에 쓰게 딱좋네요ㅎㅎ 원하는 만큼 짜서 쓸수 있어서 좋네요 ㅎㅎ 피부에 바르고 나면 광채도 약간 도는것 같아서 좋네요,https://www.oliveyoung.co.kr/store/goods/getGoodsDetail.do?goodsNo=A000000263511&dispCatNo=100000100010015&trackingCd=Cat100000100010015_Small&t_page=카테고리관&t_click=크림_전체__상품상세&t_number=17
[NEW리뷰이벤트/붉은기진정크림] 동국제약 루온셀 듀얼 아쿠아 크림 50ml,5.0,16,복합성,"루온셀 듀얼 아쿠아 크림 새로 장만했는데, 촉촉한 수분감부터 뛰어난 사용감까지 너무 마음에 들어서 남겨보는 솔직한 후기. 주름·미백개선 2중 기능성에 비건 인증까지 받은 제품이라 믿고 쓰기 좋으며, 피부에 부드럽게 펴 바르면 끈적임 없이 촉촉한 수분이 꽉 채워지는 느낌임. 가볍고 산뜻한 수분 제형이라 데일리로 수시로 챙겨 바르기에 아주 실용적임. 건조하고 지친 피부에 순하게 수분 영양을 채우고 싶은 분들에게 무조건 추천하고 싶은 나의 최애 수분크림 꿀템인 듯.",https://www.oliveyoung.co.kr/store/goods/getGoodsDetail.do?goodsNo=A000000263511&dispCatNo=100000100010015&trackingCd=Cat100000100010015_Small&t_page=카테고리관&t_click=크림_전체__상품상세&t_number=17
[NEW리뷰이벤트/붉은기진정크림] 동국제약 루온셀 듀얼 아쿠아 크림 50ml,5.0,16,없음,와.. 최근에 써본 기초제품중 젤 조아요 극 예민 민감성 트러블피부인데 피부결도 엄청 부드럽고 화장전 사용하기도 좋아요 최고입니다,https://www.oliveyoung.co.kr/store/goods/getGoodsDetail.do?goodsNo=A000000263511&dispCatNo=100000100010015&trackingCd=Cat100000100010015_Small&t_page=카테고리관&t_click=크림_전체__상품상세&t_number=17
[NEW리뷰이벤트/붉은기진정크림] 동국제약 루온셀 듀얼 아쿠아 크림 50ml,5.0,16,건성,피부가 엄청 얇아서 아무거나 못써요 ㅠ 진짜 아무거나 바르면 금방 붉게 올라오고 따끔거리는데 이건 붉은기를 진정시켜주네요 진정효과 진짜 빠릅니다 저는 기초화장 마지막단계에서 이걸로 마무리하는데 이거 바르고 화장해도 밀림현상 없어요 듀얼이라서 튜브가운데 살짝 눌러 짜쓰고 양 생각보다 많아서 오래 쓸 것 같네요 성분 좋고 가격 착해요 티존은 지성이고 나머지 건성인데 잘 쓰고 있어요,https://www.oliveyoung.co.kr/store/goods/getGoodsDetail.do?goodsNo=A000000263511&dispCatNo=100000100010015&trackingCd=Cat100000100010015_Small&t_page=카테고리관&t_click=크림_전체__상품상세&t_number=17
[NEW리뷰이벤트/붉은기진정크림] 동국제약 루온셀 듀얼 아쿠아 크림 50ml,5.0,16,없음,제형이 한쪽은 젤처럼 촉촉하고 한쪽은 크림이라 그날 피부 상태에 따라 양 조절해서 쓰기 좋더라고요. 젤은 가볍게 수분감 채워주는 느낌이고 크림까지 같이 바르면 피부가 촉촉하게 마무리돼요. 특히 바르고 나서 번들거리거나 답답한 느낌이 심하지 않아서 아침 메이컵 전에도 부담 없이 사용하고 있어요. 요즘 피부가 예민해서 붉은기가 신경 쓰였는데 며칠 꾸준히 사용하니 피부가 편안해진 느낌이에요.,https://www.oliveyoung.co.kr/store/goods/getGoodsDetail.do?goodsNo=A000000263511&dispCatNo=100000100010015&trackingCd=Cat100000100010015_Small&t_page=카테고리관&t_click=크림_전체__상품상세&t_number=17
[NEW리뷰이벤트/붉은기진정크림] 동국제약 루온셀 듀얼 아쿠아 크림 50ml,5.0,16,없음,"요즘 피부가 조금만 자극받아도 붉어져서 진정용으로 써보려고 구매했어요. 처음에는 듀얼이라 뭐가 다른가 했는데 젤 타입이랑 크림 타입이 같이 있어서 은근 편하네요. 가볍게 바르고 싶은 날에는 젤 위주로 쓰고, 건조한 날에는 크림을 조금 더 덧발라주고 있어요. 제형도 너무 무겁지 않고 피부에 부드럽게 펴발려서 좋았어요. 바르고 나면 촉촉하면서 피부가 편안해지는 느낌이고 끈적임도 심하지 않아서 손이 자주 가네요. 특히 세안하고 피부가 살짝 붉어졌을 때 발라주면 붉은기가 가라앉는 게 눈에 보여서 더 마음에 들어요.",https://www.oliveyoung.co.kr/store/goods/getGoodsDetail.do?goodsNo=A000000263511&dispCatNo=100000100010015&trackingCd=Cat100000100010015_Small&t_page=카테고리관&t_click=크림_전체__상품상세&t_number=17
[최초구성/수부지장벽케어] 라운드랩 자작나무 수분 크림 80ml 더블 기획 (+자작 드롭 세럼 20ml),5.0,"6,529",복합성,"와..진심 내 인생템 등극함. 개조아요 속수분 잘채워주고 유분기 그딴거 없음.흡수도 잘됨 기획도 개조아..세럼이 제 생각보다 더 좋았음 수분 딱 채워주고 흡수빠르고 순하고..쵝오..🙉이 세럼,크림은 피부타입 안가리고 좋을듯 특히 수부지 추천합니다.",https://www.oliveyoung.co.kr/store/goods/getGoodsDetail.do?goodsNo=A000000263179&dispCatNo=100000100010015&trackingCd=Cat100000100010015_Small&t_page=카테고리관&t_click=크림_전체__상품상세&t_number=18
[최초구성/수부지장벽케어] 라운드랩 자작나무 수분 크림 80ml 더블 기획 (+자작 드롭 세럼 20ml),5.0,"6,529",없음,지성 남편의 올인원으로 쓰는 크림인데 건성인 저도 종종 바르는데 지성 건성에 다 좋은거 같아요 촉촉함도 오래가요!,https://www.oliveyoung.co.kr/store/goods/getGoodsDetail.do?goodsNo=A000000263179&dispCatNo=100000100010015&trackingCd=Cat100000100010015_Small&t_page=카테고리관&t_click=크림_전체__상품상세&t_number=18
[최초구성/수부지장벽케어] 라운드랩 자작나무 수분 크림 80ml 더블 기획 (+자작 드롭 세럼 20ml),5.0,"6,529",없음,언니 사용으로 구매 해줬어요. 이가격에 용량이 대박이네요. 여름용 수분크림으로 좋다고 하네요,https://www.oliveyoung.co.kr/store/goods/getGoodsDetail.do?goodsNo=A000000263179&dispCatNo=100000100010015&trackingCd=Cat100000100010015_Small&t_page=카테고리관&t_click=크림_전체__상품상세&t_number=18
[최초구성/수부지장벽케어] 라운드랩 자작나무 수분 크림 80ml 더블 기획 (+자작 드롭 세럼 20ml),2.0,"6,529",지성,분명 예전엔 진짜 좋았는데 뭐지 진짜 별로에요. 발림성도 마무리감도,https://www.oliveyoung.co.kr/store/goods/getGoodsDetail.do?goodsNo=A000000263179&dispCatNo=100000100010015&trackingCd=Cat100000100010015_Small&t_page=카테고리관&t_click=크림_전체__상품상세&t_number=18
[최초구성/수부지장벽케어] 라운드랩 자작나무 수분 크림 80ml 더블 기획 (+자작 드롭 세럼 20ml),5.0,"6,529",복합성,촉촉한데 파데가 밀리지않아서 좋았어요 용량커서 만족해요,https://www.oliveyoung.co.kr/store/goods/getGoodsDetail.do?goodsNo=A000000263179&dispCatNo=100000100010015&trackingCd=Cat100000100010015_Small&t_page=카테고리관&t_click=크림_전체__상품상세&t_number=18
[최초구성/수부지장벽케어] 라운드랩 자작나무 수분 크림 80ml 더블 기획 (+자작 드롭 세럼 20ml),5.0,"6,529",지성,"자작나무 수분크림은 이미 한 번 사용해보고 만족해서 이번에 재구매했어요. 피부가 건조할 때 발라주면 촉촉함이 오래 유지되고, 제형도 너무 무겁거나 끈적이지 않아 데일리로 사용하기 좋습니다. 부드럽게 발리고 흡수도 빠른 편이라 아침저녁 부담 없이 바르고 있어요. 특히 세안 후 피부 당김이 있을 때 사용하면 피부가 편안하게 진정되는 느낌이라 손이 자주 가더라고요. 자극 없이 순하게 사용할 수 있는 점도 마음에 들었어요. 여러 수분크림을 써봤지만 가격과 사용감 모두 만족스러워서 결국 다시 찾게 됐습니다. 건조한 피부에 촉촉한 보습크림을 찾는 분들에게 추천하고 싶어요.",https://www.oliveyoung.co.kr/store/goods/getGoodsDetail.do?goodsNo=A000000263179&dispCatNo=100000100010015&trackingCd=Cat100000100010015_Small&t_page=카테고리관&t_click=크림_전체__상품상세&t_number=18
[최초구성/수부지장벽케어] 라운드랩 자작나무 수분 크림 80ml 더블 기획 (+자작 드롭 세럼 20ml),5.0,"6,529",없음,수분감이 가득하게 발립니다 지성피부에 좋을듯하구요 중학생 아들 여드름에 좋을듯합니다,https://www.oliveyoung.co.kr/store/goods/getGoodsDetail.do?goodsNo=A000000263179&dispCatNo=100000100010015&trackingCd=Cat100000100010015_Small&t_page=카테고리관&t_click=크림_전체__상품상세&t_number=18
[최초구성/수부지장벽케어] 라운드랩 자작나무 수분 크림 80ml 더블 기획 (+자작 드롭 세럼 20ml),5.0,"6,529",복합성,유명해서 샀다가 몇 년째 정착템 된 크림이에요. 가벼운데 속건조 잘 잡아주고 유분감도 과하지 않아서 사계절 내내 잘 쓰고 있어요. 특히 수부지 피부에 잘 맞는 느낌! 제 피부타입이 딱 수부지라 더 찰떡으로 잘 맞아요 특히 여름철엔 세럼이나 토너랑 이것만 발라도 충분해요!,https://www.oliveyoung.co.kr/store/goods/getGoodsDetail.do?goodsNo=A000000263179&dispCatNo=100000100010015&trackingCd=Cat100000100010015_Small&t_page=카테고리관&t_click=크림_전체__상품상세&t_number=18
[최초구성/수부지장벽케어] 라운드랩 자작나무 수분 크림 80ml 더블 기획 (+자작 드롭 세럼 20ml),5.0,"6,529",복합성,너무 순하고 촉촉하고 좋아요~~~ 발림성도 좋고 바르고 자면 아침까지 촉촉하네요...,https://www.oliveyoung.co.kr/store/goods/getGoodsDetail.do?goodsNo=A000000263179&dispCatNo=100000100010015&trackingCd=Cat100000100010015_Small&t_page=카테고리관&t_click=크림_전체__상품상세&t_number=18
[최초구성/수부지장벽케어] 라운드랩 자작나무 수분 크림 80ml 더블 기획 (+자작 드롭 세럼 20ml),5.0,"6,529",없음,약한 풀냄새?같은 냄새가 나요. 향도 강하지 않아서 좋고 기름지지 않고 쵹쵹해요:) 총 내용품: 80미리 단지형과 튜브형에 세럼 20미리,https://www.oliveyoung.co.kr/store/goods/getGoodsDetail.do?goodsNo=A000000263179&dispCatNo=100000100010015&trackingCd=Cat100000100010015_Small&t_page=카테고리관&t_click=크림_전체__상품상세&t_number=18
[9월올영픽] 바이오더마 시카비오 크림+ 100ml 더블 기획,5.0,"4,529",복합성,"몇일전 라방에서 바이오더마 싹다 샀는데 샘플로 온 시카비오+크림 맘에 들어 본품 구매했음!! 작년에 포마드 써봤는데.. 머드 같은 색에 넘 꾸덕하고 얼굴 가려워서 친구 줌. 친구는 악간성인데 나이트용으로 잘썼다고함. 나는 수부지+민감+좁쌀+모공+탄력 고민 많은 30대 후반이라 성분도 중요하고 너무 리치한건 얼굴이 갑갑하고 당장 세수하고 싶은데.. 이 크림이 딱 좋음!🫰 지금 바람 불고 환절기 넘어갈때 바르기 딱임~ 🌞낮에는 페이셜 로션 , 화잘먹으로 속보습 가볍게 채워줌. 🌙밤에는 시카비오 크림 , 쫀쫀하고 도톰하게 발림. 다음날 아침 푹 잔듯~피부가 온천♨️다녀온듯 스파광이 남.🛁 3일 쭉~~ 저 미니 써보고 본품 바로 산거임. 넘 만족스러워서 지인들한테 영업함~ 다들 월동준비 끝ㅋ 용량도 100미리 2개라 ❄️올 겨울은 바이오더마로~~ 짱짱하게 버틸듯✨ 비슷한 계열의 장벽 보습 크림으로 라로슈포제b5, 에스트라365같은 애들 꾸준히 쓰거든요. 이런 피부 편안한데 덜 끈적거리는 더마 크림 잘맞고 좋아하시는 분들은 만족할꺼임!",https://www.oliveyoung.co.kr/store/goods/getGoodsDetail.do?goodsNo=A000000263070&dispCatNo=100000100010015&trackingCd=Cat100000100010015_Small&t_page=카테고리관&t_click=크림_전체__상품상세&t_number=20
[9월올영픽] 바이오더마 시카비오 크림+ 100ml 더블 기획,5.0,"4,529",없음,장벽 크림중에 속건조 없는 크림으로 완전 추천 다른 장벽 크림은 아무래도 유분이 더 많고 속건조가 느껴지는 경우가 디게 많은데 이거는 속건조도 별로 없어서 너무 좋은 크림 ~~~ 가격이 비싸긴한뎅 장벽 크림은 원래 다 비싸니까능 1+1세일할때 왕왕 쟁여두기 수부지가 쓰기에도 생각보다 기름지지않고 건성도 좋아했고 다들 쓰기 좋은 장벽크림 추천추천,https://www.oliveyoung.co.kr/store/goods/getGoodsDetail.do?goodsNo=A000000263070&dispCatNo=100000100010015&trackingCd=Cat100000100010015_Small&t_page=카테고리관&t_click=크림_전체__상품상세&t_number=20
[9월올영픽] 바이오더마 시카비오 크림+ 100ml 더블 기획,5.0,"4,529",복합성,처음에는 크게 좋은 걸 못느꼈는데 장벽 간당간당할때 쓰면 진짜 좋아요,https://www.oliveyoung.co.kr/store/goods/getGoodsDetail.do?goodsNo=A000000263070&dispCatNo=100000100010015&trackingCd=Cat100000100010015_Small&t_page=카테고리관&t_click=크림_전체__상품상세&t_number=20
[9월올영픽] 바이오더마 시카비오 크림+ 100ml 더블 기획,5.0,"4,529",복합성,40미리 한통 다 비우고 큰 사이즈 기획으로 재구매 했습니다! 꾸덕한 제형이지만 발림성이 나쁘지 않으며 보습력이 좋아 건조함을 잘잡아줍니다! 개인적으로 시카/마데카소사이드/병풀이 들어간 제품들이 맞지 않는데 이 크림은 시카성분이 안들어가 있어서 그런지 제 피부에도 잘맞았어요 나이트용 크림으로 잘쓰고 있습니다,https://www.oliveyoung.co.kr/store/goods/getGoodsDetail.do?goodsNo=A000000263070&dispCatNo=100000100010015&trackingCd=Cat100000100010015_Small&t_page=카테고리관&t_click=크림_전체__상품상세&t_number=20
[9월올영픽] 바이오더마 시카비오 크림+ 100ml 더블 기획,5.0,"4,529",없음,"추워지는 계절에 필수품이에요. 꾸덕한 느낌이고, 저녁에 도톰하게 얹어놓고 자면 다음날 피부가 다릅니다. 피부 뒤집어졌을 때도 이거 바르고 괜찮아졌어요.",https://www.oliveyoung.co.kr/store/goods/getGoodsDetail.do?goodsNo=A000000263070&dispCatNo=100000100010015&trackingCd=Cat100000100010015_Small&t_page=카테고리관&t_click=크림_전체__상품상세&t_number=20
[9월올영픽] 바이오더마 시카비오 크림+ 100ml 더블 기획,5.0,"4,529",없음,제가 제일 애정하는 올리브영 추천템이예용 피부에 착 붙고 반질반질 보습도 최고,https://www.oliveyoung.co.kr/store/goods/getGoodsDetail.do?goodsNo=A000000263070&dispCatNo=100000100010015&trackingCd=Cat100000100010015_Small&t_page=카테고리관&t_click=크림_전체__상품상세&t_number=20
[9월올영픽] 바이오더마 시카비오 크림+ 100ml 더블 기획,5.0,"4,529",복합성,매번사용하는제품입니다. 추천합니다.보습엔 짱입니다.,https://www.oliveyoung.co.kr/store/goods/getGoodsDetail.do?goodsNo=A000000263070&dispCatNo=100000100010015&trackingCd=Cat100000100010015_Small&t_page=카테고리관&t_click=크림_전체__상품상세&t_number=20
[9월올영픽] 바이오더마 시카비오 크림+ 100ml 더블 기획,5.0,"4,529",건성,많지만 피부트러블용에 최고에요 추천해요 순하고 막바르기좋아요,https://www.oliveyoung.co.kr/store/goods/getGoodsDetail.do?goodsNo=A000000263070&dispCatNo=100000100010015&trackingCd=Cat100000100010015_Small&t_page=카테고리관&t_click=크림_전체__상품상세&t_number=20
[9월올영픽] 바이오더마 시카비오 크림+ 100ml 더블 기획,5.0,"4,529",복합성,"바이오더마 시카비오 크림+ 100ml 더블 기획, 9월 올영픽으로 골랐는데 만족스러워요. 제형이 부드럽고 흡수가 빨라서 답답하지 않고, 붉은기나 자극이 있는 부위에 바르면 금방 진정되는 느낌이에요. 성분이 순해서 예민한 피부에도 자극 없이 편하게 사용할 수 있었고, 얇게 펴 발라도 보습이 오래 유지돼요. 100ml 두 개 구성이라 하나는 얼굴용, 하나는 넉넉하게 바디나 예비용으로 써서 가성비도 좋았습니다. 재구매 의사 있어요! 💜😊",https://www.oliveyoung.co.kr/store/goods/getGoodsDetail.do?goodsNo=A000000263070&dispCatNo=100000100010015&trackingCd=Cat100000100010015_Small&t_page=카테고리관&t_click=크림_전체__상품상세&t_number=20
[9월올영픽] 바이오더마 시카비오 크림+ 100ml 더블 기획,1.0,"4,529",지성,좋아요 가격만 안올리고 계속 판매해주시면 평생 살거에요 !!,https://www.oliveyoung.co.kr/store/goods/getGoodsDetail.do?goodsNo=A000000263070&dispCatNo=100000100010015&trackingCd=Cat100000100010015_Small&t_page=카테고리관&t_click=크림_전체__상품상세&t_number=20
[온라인단독/한정수량]라로슈포제 시카플라스트 멀티 리페어 크림 100ml 더블기획 (+15ml+시카에센스 7.5ml),5.0,"20,170",건성,피부 상비약 같은 제품이라 화장대에 항상 올려져 있어요. 상처나면 후시딘이나 마데카솔 찾듯이 피부가 민감해지면 무조건 라로슈포제 b5제품 사용합니다. 볼이 빨개지거나 피부컨디션이 너무 안좋아보일 때 두툼하게 올리고 자면 다음날 급격하게 진정되어 있습니다. ‼️b5+말고 b5를 사셔야 합니다. b5가 더 비싼데 덜 기름지고 사용감이 더 좋아요. 징크성분 때문에 꾸덕해서 진입장벽이 높은데 일단 사용해 보면 맘이 바뀌게 됩니다.😊,https://www.oliveyoung.co.kr/store/goods/getGoodsDetail.do?goodsNo=A000000263021&dispCatNo=100000100010015&trackingCd=Cat100000100010015_Small&t_page=카테고리관&t_click=크림_전체__상품상세&t_number=22
[온라인단독/한정수량]라로슈포제 시카플라스트 멀티 리페어 크림 100ml 더블기획 (+15ml+시카에센스 7.5ml),5.0,"20,170",없음,장벽크림 중 지성한테 잘 맞는 건 이것 같아요! 밤보다는 발림성이 좋고 부드럽습니다 좀 더 촉촉함도 오래가는 것 같아요,https://www.oliveyoung.co.kr/store/goods/getGoodsDetail.do?goodsNo=A000000263021&dispCatNo=100000100010015&trackingCd=Cat100000100010015_Small&t_page=카테고리관&t_click=크림_전체__상품상세&t_number=22
[온라인단독/한정수량]라로슈포제 시카플라스트 멀티 리페어 크림 100ml 더블기획 (+15ml+시카에센스 7.5ml),1.0,"20,170",없음,"하 ….. 걱거걱ㄱ걱!!!!! 진짜 개빡치네 민감성 수부지 피부인데, 이거 쓰고 좁쌀 개올라오고 피부 장벽 다 무너짐. 피부 장벽 무너졌다는 후기보고 난 아니겠지 하면서 결제창 까지 갔던 나를 패고싶음. 바르니까 피부 간질간질하기 시작. 좁쌀 여드름 올라오고 눈가 피부 다 뒤집어져서 빨개짐. 가렵고 따갑고 아주 지들끼리 난리가 났음. 가격이 싼 것도 아니고 올영 장벽 크림 중에서는 가격이 탑라인으로 비싼 편인데, 효과가 미미한 수준도 아니고 오히려 피부가 오돌토돌 뒤집어지니까 진심 화가남. 나같은 대학생들에겐 큰마음 먹고 해야하는 소비인데 이거 보면 뒤도 돌아보지말고 그냥 나가세요. 다른거 사세요. 난 아니겠지? 하지마세요. 그냥 무난한 다른 장벽제품 사세요. 차라리 실패해도 싼거면 아쉽고 말지, 이걸 4만원 주고 샀다 생각하니까 길거리에서 소리지르고 싶음",https://www.oliveyoung.co.kr/store/goods/getGoodsDetail.do?goodsNo=A000000263021&dispCatNo=100000100010015&trackingCd=Cat100000100010015_Small&t_page=카테고리관&t_click=크림_전체__상품상세&t_number=22
[온라인단독/한정수량]라로슈포제 시카플라스트 멀티 리페어 크림 100ml 더블기획 (+15ml+시카에센스 7.5ml),4.0,"20,170",건성,부모님꺼 구매해드린 건데 부모님은 사용하고 트러블 났대요,https://www.oliveyoung.co.kr/store/goods/getGoodsDetail.do?goodsNo=A000000263021&dispCatNo=100000100010015&trackingCd=Cat100000100010015_Small&t_page=카테고리관&t_click=크림_전체__상품상세&t_number=22
[온라인단독/한정수량]라로슈포제 시카플라스트 멀티 리페어 크림 100ml 더블기획 (+15ml+시카에센스 7.5ml),1.0,"20,170",없음,"리뷰들이 다 극찬을 해서 구매했는데, 예상외로 너무 안맞았어요. 희한하게 바르면 촉촉해지기보다 파우더 처리한것마냥 보송해지면서 얼굴에는 오히려 홍조가 올라왔습니다. 시간이 지날수록 유분이 올라오면서 트러블도 같이 올라와서 사용중단하고 당근했습니다. 냄새도 좀 시큼? 화근내 비슷해서 별로였네요..",https://www.oliveyoung.co.kr/store/goods/getGoodsDetail.do?goodsNo=A000000263021&dispCatNo=100000100010015&trackingCd=Cat100000100010015_Small&t_page=카테고리관&t_click=크림_전체__상품상세&t_number=22
[온라인단독/한정수량]라로슈포제 시카플라스트 멀티 리페어 크림 100ml 더블기획 (+15ml+시카에센스 7.5ml),5.0,"20,170",지성,보습에도 좋고 진정에도 좋고 여러가지로 두루두루 좋아요 조아요,https://www.oliveyoung.co.kr/store/goods/getGoodsDetail.do?goodsNo=A000000263021&dispCatNo=100000100010015&trackingCd=Cat100000100010015_Small&t_page=카테고리관&t_click=크림_전체__상품상세&t_number=22
[온라인단독/한정수량]라로슈포제 시카플라스트 멀티 리페어 크림 100ml 더블기획 (+15ml+시카에센스 7.5ml),5.0,"20,170",없음,주로 아침에 사용중입니다 많이 무겁지않은데도 충분히 촉촉해서 좋아요,https://www.oliveyoung.co.kr/store/goods/getGoodsDetail.do?goodsNo=A000000263021&dispCatNo=100000100010015&trackingCd=Cat100000100010015_Small&t_page=카테고리관&t_click=크림_전체__상품상세&t_number=22
[온라인단독/한정수량]라로슈포제 시카플라스트 멀티 리페어 크림 100ml 더블기획 (+15ml+시카에센스 7.5ml),1.0,"20,170",복합성,어째서 B5+는 자극이 없었는데 이건 왜이리 따갑고 얼굴이 붉어지고 열감까지 오르는지.. 이거 쓰고나서 오히려 피부가 예민해졌음,https://www.oliveyoung.co.kr/store/goods/getGoodsDetail.do?goodsNo=A000000263021&dispCatNo=100000100010015&trackingCd=Cat100000100010015_Small&t_page=카테고리관&t_click=크림_전체__상품상세&t_number=22
[온라인단독/한정수량]라로슈포제 시카플라스트 멀티 리페어 크림 100ml 더블기획 (+15ml+시카에센스 7.5ml),5.0,"20,170",없음,재생크림용으로 매일 사용중이에요~ 용량대비 가격이 부담스럽긴한데 그래도 좋으니까 계속 구매해서 사용하게 되네요~ 아침에는 리페어크림쓰고 저녁엔B+ 쓰는데 굿굿~!,https://www.oliveyoung.co.kr/store/goods/getGoodsDetail.do?goodsNo=A000000263021&dispCatNo=100000100010015&trackingCd=Cat100000100010015_Small&t_page=카테고리관&t_click=크림_전체__상품상세&t_number=22
[온라인단독/한정수량]라로슈포제 시카플라스트 멀티 리페어 크림 100ml 더블기획 (+15ml+시카에센스 7.5ml),5.0,"20,170",복합성,"두 통째 쓰고 있는데 피부과 다녀오고 진정용으로 너무 좋고,장벽 손상 되었을 때도 이거 쓰면 일주일 정도면 돌아와요!",https://www.oliveyoung.co.kr/store/goods/getGoodsDetail.do?goodsNo=A000000263021&dispCatNo=100000100010015&trackingCd=Cat100000100010015_Small&t_page=카테고리관&t_click=크림_전체__상품상세&t_number=22
[9월 올영픽/산리오캐릭터즈 콜라보] 아누아 피디알엔 히알루론산 100 수분 크림 60ml 더블기획(+시나모롤 집게핀),2.0,"10,314",건성,"너튜브 광고에 이끌려 여기까지 왔습니다.🤣 *PDRN 이란? -연어 정소(정자)에서 추출한 DNA 조각으로 사람의 DNA와 유사한 구조를 가졌으며 콜라겐 생성 촉진, 피부 장벽 강화, 염증 개선, 혈액 순환 개선에 도움을 준다고 합니다. ✔️구매 동기 -30대가 되면서 점점 깊어지는 팔자로 인해 스트레스받던 차에 팔자 삭제템이란 광고를 보고 속는 셈 치고 구매했어요. ✔️제형 -로션과 크림 중간 묽기의 가벼운 수분 텍스처 ✔️사용감 -피부에 닿는 순간 쿨링감이 느껴지고 가벼운 수분 텍스처라 건성 기준 번들거리거나 겉돌지 않고 산뜻한 마무리감인데 피부 속은 수분으로 꽉 채워주는 느낌이에요. 가벼운 텍스처라 여름뿐만 아니라 사계절 내내 사용하기 무난해요. ✔️드롭퍼 타입의 입구 -위생적이고 양조절에 용이해서 사용하기 편리해요. ‼️제일 중요한 PDRN 함량‼️ -1000ppm = 0.1%입니다...있으나 마나 한 함량입니다. 찾아보니 최소 함량 1% 이상 권장한다는데....이거 제가 광고에 제대로 속은 건가요?...😭 그래도 이왕 산 거 열심히 쓰고 한 달 뒤에 다시 돌아올게요....🚶🏻‍♀️‍➡️🚶🏻‍♀️‍➡️🚶🏻‍♀️‍➡️",https://www.oliveyoung.co.kr/store/goods/getGoodsDetail.do?goodsNo=A000000262603&dispCatNo=100000100010015&trackingCd=Cat100000100010015_Small&t_page=카테고리관&t_click=크림_전체__상품상세&t_number=2
[9월 올영픽/산리오캐릭터즈 콜라보] 아누아 피디알엔 히알루론산 100 수분 크림 60ml 더블기획(+시나모롤 집게핀),5.0,"10,314",지성,"아누아 피디알엔 히알루론산 100 수분 크림 60ml 더블기획 후기 ✔️ 촉촉한 수분광 표현이 매력적인 데일리 수분크림 피부가 푸석하거나 속건조가 느껴질 때 수분을 채워주기 좋은 크림이에요. 특히 무겁고 답답한 크림보다는 촉촉한 수분감을 선호하는 분들이 데일리로 사용하기 좋은 제품입니다. ✔️ 보습감 (속수분부터 촉촉하게) 제품명처럼 PDRN과 히알루론산을 내세운 수분 크림이라 피부가 건조할 때 촉촉하게 관리하기 좋아요. 바르고 나면 피부 표면만 번들거리는 느낌보다는 수분을 머금은 듯한 윤기가 남아 피부결도 한층 매끈해 보이는 편이에요. ✔️ 사용감 (수분감 있지만 부담은 적어요) 수분크림답게 부드럽게 펴 발리고 피부에 촉촉하게 밀착되는 타입이에요. 너무 리치한 크림이 부담스러운 날에도 사용하기 좋고, 아침에는 얇게 발라주면 메이크업 전 스킨케어로 활용하기에도 괜찮습니다. ✔️ 수분광 표현 (푸석한 피부에 추천) 건조해서 피부가 칙칙하고 푸석해 보일 때 사용하면 은은하게 수분광이 올라오는 느낌이 장점이에요. 광이 과하게 번들거리기보다는 촉촉한 피부 표현을 원하는 분들에게 잘 맞을 것 같습니다. ✔️ 60ml × 2개라 넉넉한 더블기획 이번 구성은 60ml 두 개로 총 120ml라 본품 하나를 구매하는 것보다 넉넉하게 사용할 수 있다는 점이 좋아요. 매일 아침저녁으로 수분크림을 사용하는 분이라면 특히 실용적인 구성이에요. 현재 올리브영에서도 60ml 2입 기획으로 판매되고 있습니다. ✔️ 아쉬운 점 촉촉한 수분감과 광채 표현이 특징이라 유분이나 광이 쉽게 올라오는 피부는 많은 양을 바르면 다소 번들거리게 느껴질 수 있어요. 반대로 극건성 피부라면 한겨울에는 이것만으로 보습감이 부족해 조금 더 리치한 크림을 덧바르는 게 좋을 것 같습니다. ✔️ 총평 속건조는 신경 쓰이지만 무겁고 답답한 크림은 싫은 분들에게 추천하고 싶은 수분크림이에요. 촉촉한 사용감과 자연스러운 수분광 표현이 장점이고, 무엇보다 60ml 두 통이라 넉넉하게 사용할 수 있어 만족도가 높은 기획 구성입니다.",https://www.oliveyoung.co.kr/store/goods/getGoodsDetail.do?goodsNo=A000000262603&dispCatNo=100000100010015&trackingCd=Cat100000100010015_Small&t_page=카테고리관&t_click=크림_전체__상품상세&t_number=2
[9월 올영픽/산리오캐릭터즈 콜라보] 아누아 피디알엔 히알루론산 100 수분 크림 60ml 더블기획(+시나모롤 집게핀),5.0,"10,314",건성,PDRN 특유의 영양감 덕분에 가벼운 수분 크림과 묵직한 영양 크림의 장점만 모아둔것 같아요. 피부에 수분막을 형성하여 피부를 탄탄하게 해주는 것 같아요.,https://www.oliveyoung.co.kr/store/goods/getGoodsDetail.do?goodsNo=A000000262603&dispCatNo=100000100010015&trackingCd=Cat100000100010015_Small&t_page=카테고리관&t_click=크림_전체__상품상세&t_number=2
[9월 올영픽/산리오캐릭터즈 콜라보] 아누아 피디알엔 히알루론산 100 수분 크림 60ml 더블기획(+시나모롤 집게핀),5.0,"10,314",건성,건성피부에 충분히 수분 채워줍니다. 피부 컨디션이 떨어진 날이나 예민해진 상태에서도 편안하게 수분을 충전할 수 있습니다. 레이어링 해서 쓰고 있어요.,https://www.oliveyoung.co.kr/store/goods/getGoodsDetail.do?goodsNo=A000000262603&dispCatNo=100000100010015&trackingCd=Cat100000100010015_Small&t_page=카테고리관&t_click=크림_전체__상품상세&t_number=2
[9월 올영픽/산리오캐릭터즈 콜라보] 아누아 피디알엔 히알루론산 100 수분 크림 60ml 더블기획(+시나모롤 집게핀),5.0,"10,314",건성,"유분감이 과하지 않으면서도 PDRN이 속부터 밀도 있게 수분을 채워주어, 계절에 상관없이 사계절 내내 데일리 속건조·탄력 케어용으로 쓰기 좋아요.",https://www.oliveyoung.co.kr/store/goods/getGoodsDetail.do?goodsNo=A000000262603&dispCatNo=100000100010015&trackingCd=Cat100000100010015_Small&t_page=카테고리관&t_click=크림_전체__상품상세&t_number=2
[9월 올영픽/산리오캐릭터즈 콜라보] 아누아 피디알엔 히알루론산 100 수분 크림 60ml 더블기획(+시나모롤 집게핀),5.0,"10,314",복합성,아누아 추천템💚 ✨ PDRN + 10종 히알루론산 + 저분자 콜라겐 푸석한 피부에 촉촉함 제대로 채워주는 느낌! 속당김 없이 탱글촉촉한 피부 원한다면 이거 추천🫶🏻 아누아 수분크림은 처음 써보는데 진짜 발림성도 너무 좋고 끈적임도 없어서 더 좋았어요!!! 듬뿍 발라도 부담없고 이제 바람불기 시작해서 수분 채우기템으로 적합하더라고요!,https://www.oliveyoung.co.kr/store/goods/getGoodsDetail.do?goodsNo=A000000262603&dispCatNo=100000100010015&trackingCd=Cat100000100010015_Small&t_page=카테고리관&t_click=크림_전체__상품상세&t_number=2
[9월 올영픽/산리오캐릭터즈 콜라보] 아누아 피디알엔 히알루론산 100 수분 크림 60ml 더블기획(+시나모롤 집게핀),5.0,"10,314",복합성,무난무난 크림에 끝판왕 누구나 쓰기 좋은제형❗️ 건성분들도 여름용 수분크림으로 추천드려용.. 아 크림 다썼는데 뭐사지싶을 때 딱입니당 2개입 세트가 가격도 나쁘지않고 튜브형이라 사용할때도 편해요~ 제형은 묽은편이라 바를 때 슥슥 잘먹고 화장하기 전에 발라도 부담스럽지 않습니당,https://www.oliveyoung.co.kr/store/goods/getGoodsDetail.do?goodsNo=A000000262603&dispCatNo=100000100010015&trackingCd=Cat100000100010015_Small&t_page=카테고리관&t_click=크림_전체__상품상세&t_number=2
[9월 올영픽/산리오캐릭터즈 콜라보] 아누아 피디알엔 히알루론산 100 수분 크림 60ml 더블기획(+시나모롤 집게핀),5.0,"10,314",복합성,이번에 아누아 제품은 처음인데 피디알엔 히알루론산 100.. 수분 크림을 구매하면서 세럼하고 미스트도 구매를 했어요!! 이제 쌀쌀해지는 계절과 날씨에 보습은 기본이라 기대하는~ 테스트 해봤지만 일단 촉족하게 발리는 제형이라서 좋아요.. 증정으로 받은 시나모롤 집게핀도 세안 후 부터 잘 쓸께요^^,https://www.oliveyoung.co.kr/store/goods/getGoodsDetail.do?goodsNo=A000000262603&dispCatNo=100000100010015&trackingCd=Cat100000100010015_Small&t_page=카테고리관&t_click=크림_전체__상품상세&t_number=2
[9월 올영픽/산리오캐릭터즈 콜라보] 아누아 피디알엔 히알루론산 100 수분 크림 60ml 더블기획(+시나모롤 집게핀),5.0,"10,314",없음,"요즘 아누아 제품을 하나씩 써보고 있는데, 피디알엔 히알루론산 수분크림도 만족스러워요🩵 촉촉하고 쫀쫀하게 발리면서 피부에 수분막을 씌운 듯 은은한 광채가 돌아서 피부가 좋아 보이는 느낌! 수분감은 충분하지만 무겁고 답답하게 남지 않아 건성 기조의 복합성 피부인 저도 아침저녁으로 부담 없이 사용하고 있어요. 메이크업 전에는 얇게 발라주면 피부가 매끈하고 촉촉하게 표현되고, 저녁에는 조금 더 듬뿍 발라 수분을 채워주기 좋아요. 속건조와 수분광을 함께 챙기고 싶은 분들께 추천합니다✨",https://www.oliveyoung.co.kr/store/goods/getGoodsDetail.do?goodsNo=A000000262603&dispCatNo=100000100010015&trackingCd=Cat100000100010015_Small&t_page=카테고리관&t_click=크림_전체__상품상세&t_number=2
[9월 올영픽/산리오캐릭터즈 콜라보] 아누아 피디알엔 히알루론산 100 수분 크림 60ml 더블기획(+시나모롤 집게핀),5.0,"10,314",없음,매번 쓰던 아누아 수분크림 또 구매했습니다! 시나모롤 넘 귀여워요ㅜㅜ,https://www.oliveyoung.co.kr/store/goods/getGoodsDetail.do?goodsNo=A000000262603&dispCatNo=100000100010015&trackingCd=Cat100000100010015_Small&t_page=카테고리관&t_click=크림_전체__상품상세&t_number=2
[9월 올영픽/손상장벽집중케어]라로슈포제 시카플라스트밤 B5+ 100ml 기획 (+시카에센스7.5ml+히알루세럼3ml),5.0,"34,914",복합성,"기록하노라. 본인은 이 재생크림을 매일 밤 잠들기 전 꾸준히 사용하고 있으니 이제는 자기 전 바르는 것이 자연스러운 습관이 되었노라. 제형은 아무래도 재생크림답게 조금 묵직한 느낌이 있으나 욕심내어 두껍게 올리지 않고 얇게 펴 발라주면 답답함은 덜하고 피부에는 촉촉함이 남아 만족스러웠노라. 특히 밤에 스킨케어를 마무리하며 얇게 한 겹 올려주면 다음 날까지 피부가 편안하고 촉촉한 느낌이 들어 손이 자주 갔노라. 본인은 매일 사용해도 만족도가 높았기에 다 사용하고 나면 고민 없이 다시 들일 예정이며, 이미 본인에게는 확실한 재구매템으로 자리 잡았노라. 다만 지성 피부라면 조금 무겁게 느껴질 수도 있으니 시어버터가 들어간 더 무거운 밤 제형보다는 크림 제형을 함께 살펴보기를 권하노라. 또한 티트리 오일로 화상을 입었으나 이 물건 덕분에 3일만에 피부가 복구되었도다. 화장품 실록 평결 — 조금 묵직하나 얇게 바르면 촉촉함만 남으니 매일 밤 찾게 되는 재생크림으로 본인은 기꺼이 재구매하리라 기록하노라. 리뷰가 도움이 되었노라면 ❣️도움이 되었어요❣️한 번씩 눌러주시면 감사하겠노라.",https://www.oliveyoung.co.kr/store/goods/getGoodsDetail.do?goodsNo=A000000263009&dispCatNo=100000100010015&trackingCd=Cat100000100010015_Small&t_page=카테고리관&t_click=크림_전체__상품상세&t_number=3
[9월 올영픽/손상장벽집중케어]라로슈포제 시카플라스트밤 B5+ 100ml 기획 (+시카에센스7.5ml+히알루세럼3ml),5.0,"34,914",복합성,나름 재생크림 이것저것 써본 사람의 리뷰 건성이신분들은 라로슈포제 시카플라스트 밤 b+가 무조건 맞고 수부지나 지성이신 분들은 svr 재생 크림 사용하시면 됩니다. 저는 바이오더마 재생크림도 써봤는데 그건 라로슈포제보다 더 오일리해서 도저히 안되겠더라고요 병원에서 하나에 2만원인데 샘플 사이즈보다 작은 재생크림도 사서 써봤는데 라로슈포제 승입니다. 피부 뒤집어졌을 때 장벽 다 무너졌을 때 좁쌀 여드름 와다다 났을 때 피부과 시술 받았을 때 무조건 라로슈포제 시카플라스트밤 비플러스입니다. 피부과에서도 추천하더라고요ㅋ 이번에 피부 장벽 무너져서 얼굴 따갑고 난리도 아니었는데 이거 이주 동안 바르면서 회복했어요 피부가 약해서 자주 벗겨지고 트는 편인데 이거 바르니까 회복 속도가 빨라요 .,https://www.oliveyoung.co.kr/store/goods/getGoodsDetail.do?goodsNo=A000000263009&dispCatNo=100000100010015&trackingCd=Cat100000100010015_Small&t_page=카테고리관&t_click=크림_전체__상품상세&t_number=3
[9월 올영픽/손상장벽집중케어]라로슈포제 시카플라스트밤 B5+ 100ml 기획 (+시카에센스7.5ml+히알루세럼3ml),5.0,"34,914",없음,"리뷰에 앞서 추천하는 피부 타입은 복합성이에요! 건성 피부는 사용 후 속건조가 느껴지거나 당길 수 있고, 지성 피부는 모공이 막혀 있는 상태에서 사용하면 뾰루지가 올라올 수도 있을 것 같아요. 리뷰를 보면 뾰루지가 났다는 후기도 있던데, 저는 T존 지성 + 민감성 피부예요. 가끔 트러블도 올라오고 피부가 잘 빨개지는 편이라 아무거나 못 쓰거든요🥲 그런데 저는 크림까지 다 바른 후에 수면팩처럼 얇게 깔아주고 자는 방법으로 사용하니까 너무 잘 맞았어요. 여름에도 계속 손이 갈 정도로 만족해서 못 끊겠더라고요ㅎㅎ 두껍게 올리기보다는 자기 전에 얇게 한 겹 깔아주고 자는 게 제일 좋았어요. 다음 날 피부가 편안하고 촉촉해서 요즘은 세일할 때 쟁여두고 있어요🤍",https://www.oliveyoung.co.kr/store/goods/getGoodsDetail.do?goodsNo=A000000263009&dispCatNo=100000100010015&trackingCd=Cat100000100010015_Small&t_page=카테고리관&t_click=크림_전체__상품상세&t_number=3
[9월 올영픽/손상장벽집중케어]라로슈포제 시카플라스트밤 B5+ 100ml 기획 (+시카에센스7.5ml+히알루세럼3ml),5.0,"34,914",지성,"겨울철 누구나, 여름철 건성에게 좋은 진정템 피부 많이 뒤집어졌는데 병원가기 싫을 때는 이것만큼 조은게 없어요 대신 그만큼 시간은 좀 들여야합니당,",https://www.oliveyoung.co.kr/store/goods/getGoodsDetail.do?goodsNo=A000000263009&dispCatNo=100000100010015&trackingCd=Cat100000100010015_Small&t_page=카테고리관&t_click=크림_전체__상품상세&t_number=3
[9월 올영픽/손상장벽집중케어]라로슈포제 시카플라스트밤 B5+ 100ml 기획 (+시카에센스7.5ml+히알루세럼3ml),5.0,"34,914",없음,"리뷰에 앞서 추천하는 피부 타입은 복합성이에요! 건성 피부는 사용 후 속건조가 느껴지거나 당길 수 있고, 지성 피부는 모공이 막혀 있는 상태에서 사용하면 뾰루지가 올라올 수도 있을 것 같아요. 리뷰를 보면 뾰루지가 났다는 후기도 있던데, 저는 T존 지성 + 민감성 피부예요. 가끔 트러블도 올라오고 피부가 잘 빨개지는 편이라 아무거나 못 쓰거든요🥲 그런데 저는 크림까지 다 바른 후에 수면팩처럼 얇게 깔아주고 자는 방법으로 사용하니까 너무 잘 맞았어요. 여름에도 계속 손이 갈 정도로 만족해서 못 끊겠더라고요ㅎㅎ 두껍게 올리기보다는 자기 전에 얇게 한 겹 깔아주고 자는 게 제일 좋았어요. 다음 날 피부가 편안하고 촉촉해서 요즘은 세일할 때 쟁여두고 있어요🤍 시카크림보단 꾸덕한편이에요!",https://www.oliveyoung.co.kr/store/goods/getGoodsDetail.do?goodsNo=A000000263009&dispCatNo=100000100010015&trackingCd=Cat100000100010015_Small&t_page=카테고리관&t_click=크림_전체__상품상세&t_number=3
[9월 올영픽/손상장벽집중케어]라로슈포제 시카플라스트밤 B5+ 100ml 기획 (+시카에센스7.5ml+히알루세럼3ml),5.0,"34,914",복합성,"라로슈포제 시카플라스트 밤은 용량 큰거 사는게 이득인데요, 개봉후 6개월 내에 사용해야해서 나중엔 팔꿈치나 무릎에도 사용합니다. 건성이신 분들은 자기전에 도톰하게 발라서 수면팩으로 사용해도 좋아요. 약간의 백탁이 있지만 흡수되면 괜찮아지고요, 많이 바르면 지성피부는 기름집니다. 자극없이 진정에 좋아서 재구매 하는 제품입니다.",https://www.oliveyoung.co.kr/store/goods/getGoodsDetail.do?goodsNo=A000000263009&dispCatNo=100000100010015&trackingCd=Cat100000100010015_Small&t_page=카테고리관&t_click=크림_전체__상품상세&t_number=3
[9월 올영픽/손상장벽집중케어]라로슈포제 시카플라스트밤 B5+ 100ml 기획 (+시카에센스7.5ml+히알루세럼3ml),5.0,"34,914",건성,인생템ㅎㅎ저희가족 모두 사용해서 세일때재구매했어요 2만후반대가 최저가인듯. .,https://www.oliveyoung.co.kr/store/goods/getGoodsDetail.do?goodsNo=A000000263009&dispCatNo=100000100010015&trackingCd=Cat100000100010015_Small&t_page=카테고리관&t_click=크림_전체__상품상세&t_number=3
[9월 올영픽/손상장벽집중케어]라로슈포제 시카플라스트밤 B5+ 100ml 기획 (+시카에센스7.5ml+히알루세럼3ml),5.0,"34,914",건성,악건성에 트러블성 피부라면 무조건 아묻따 구매하세요 몇년동안 악건성에 좋다는 크림이란 크림은 다 구매해서 써봤지만 이거만큼 좋은거 못 봤어요 진짜 인생 구원템이에요 하양색 제형으로 온천수가 들어가 있어서 바르면 물광처럼 광이 돌고 척척해요 다만 바르는데 흡수는 빠르지 않아서 흡수력이 좋은 제품이나 뽀송함을 원하시는 분은 비추에요 추가로 트러블이 올라온 자리에 두툼하게 바르고 자고 일어나면 신기하게도 트러블이 없어져있어요 큰 트러블은 몇일 가지만 대부분 잘 없어져있어요,https://www.oliveyoung.co.kr/store/goods/getGoodsDetail.do?goodsNo=A000000263009&dispCatNo=100000100010015&trackingCd=Cat100000100010015_Small&t_page=카테고리관&t_click=크림_전체__상품상세&t_number=3
[9월 올영픽/손상장벽집중케어]라로슈포제 시카플라스트밤 B5+ 100ml 기획 (+시카에센스7.5ml+히알루세럼3ml),5.0,"34,914",복합성,라로슈포제 시카블라스트 밤은 8년째 꾸준히 구매해서 사용중입니다.적극 추천합니다 👍,https://www.oliveyoung.co.kr/store/goods/getGoodsDetail.do?goodsNo=A000000263009&dispCatNo=100000100010015&trackingCd=Cat100000100010015_Small&t_page=카테고리관&t_click=크림_전체__상품상세&t_number=3
[9월 올영픽/손상장벽집중케어]라로슈포제 시카플라스트밤 B5+ 100ml 기획 (+시카에센스7.5ml+히알루세럼3ml),4.0,"34,914",건성,무향에 수분충전용으로 쓰기 좋아요 겉도는 느낌이 있는데 잘 발라주면 흡수돼요,https://www.oliveyoung.co.kr/store/goods/getGoodsDetail.do?goodsNo=A000000263009&dispCatNo=100000100010015&trackingCd=Cat100000100010015_Small&t_page=카테고리관&t_click=크림_전체__상품상세&t_number=3
[1등크림] 에스트라 아토베리어365 크림 80ml 기획(+토너25ml+클렌징폼3g*3EA),5.0,"40,191",지성,지성인데 이거쓰면 기름 난리나요 적당히 조금만 바르면 ㄱㅊ 건성들만 듬뿍 바르세요,https://www.oliveyoung.co.kr/store/goods/getGoodsDetail.do?goodsNo=A000000261864&dispCatNo=100000100010015&trackingCd=Cat100000100010015_Small&t_page=카테고리관&t_click=크림_전체__상품상세&t_number=4
[1등크림] 에스트라 아토베리어365 크림 80ml 기획(+토너25ml+클렌징폼3g*3EA),5.0,"40,191",지성,"에스트라 아토베리어365 크림 80ml 후기 ✔️ 건조하고 민감한 피부에 든든한 장벽 보습 크림 피부가 쉽게 건조해지고 컨디션에 따라 예민해질 때 사용하기 좋은 크림이에요. 에스트라에서도 건조하고 민감한 피부의 장벽 케어를 위한 제품으로 소개하고 있어 데일리 보습크림으로 활용하기 좋습니다. ✔️ 보습력 (건조한 피부를 오래 촉촉하게) 공식적으로 120시간 보습 지속력을 내세우는 제품으로, 가벼운 수분크림보다 보습감이 탄탄한 편이에요. 피부가 쉽게 당기거나 겨울철처럼 건조한 환경에서 보습을 오래 유지하고 싶을 때 특히 잘 맞을 것 같아요. ✔️ 세라마이드 캡슐 (피부 장벽 케어에 집중) 크림을 자세히 보면 작은 알갱이처럼 보이는 고밀도 세라마이드 캡슐이 들어 있어요. 세라마이드NP를 포함한 4가지 세라마이드 성분을 사용하며, 바를 때 캡슐이 부드럽게 녹아 피부에 밀착되는 것이 특징입니다. ✔️ 성분 구성 (스쿠알란과 보습 성분까지) 글리세린과 스쿠알란, 베타인, 세라마이드NP, 콜레스테롤, 알란토인 등이 들어 있어 단순히 수분만 공급하기보다는 피부의 보습과 장벽 관리에 초점을 맞춘 구성이에요. ✔️ 사용감 (꾸덕하지만 부드럽게 밀착) 수분크림보다는 어느 정도 밀도감이 있는 크림 타입이에요. 적당량을 얇게 펴 바르면 피부를 감싸듯 마무리되어 저녁 스킨케어 마지막 단계에 사용하기 좋고, 건조한 부위에는 한 번 더 덧발라 활용하기도 좋아요. ✔️ 아쉬운 점 보습력이 탄탄한 만큼 유분이 많은 피부에서는 여름철이나 많은 양을 발랐을 때 조금 답답하게 느껴질 수 있어요. 또 세라마이드 캡슐 특성상 미세한 알갱이가 느껴질 수 있는데, 공식 안내에 따르면 제조 시점 등에 따라 캡슐의 질감이나 녹는 속도에 차이가 있을 수 있다고 합니다. ✔️ 총평 속건조가 심하거나 피부 장벽을 탄탄하게 관리하고 싶은 분들에게 추천하고 싶은 보습크림이에요. 고밀도 세라마이드 캡슐을 중심으로 보습에 충실한 제품이라 피부가 쉽게 당기는 분들에게 특히 잘 맞을 것 같아요. 80ml라 얼굴 전체에 매일 사용하기에도 넉넉해서 하나쯤 두고 꾸준히 사용하기 좋은 기본 장벽크림입니다.",https://www.oliveyoung.co.kr/store/goods/getGoodsDetail.do?goodsNo=A000000261864&dispCatNo=100000100010015&trackingCd=Cat100000100010015_Small&t_page=카테고리관&t_click=크림_전체__상품상세&t_number=4
[1등크림] 에스트라 아토베리어365 크림 80ml 기획(+토너25ml+클렌징폼3g*3EA),5.0,"40,191",없음,건성이 사용하기에 좋은 크림 유분감이 좀 있어서 수부지나 지성에게는 양조절 필수 ! 건성은 사계절 바르기에도 무난한 크림입니다 앞으로도 계속 구매 할 예정 ~~~~ 몇개째 구매하는지 모르겠음,https://www.oliveyoung.co.kr/store/goods/getGoodsDetail.do?goodsNo=A000000261864&dispCatNo=100000100010015&trackingCd=Cat100000100010015_Small&t_page=카테고리관&t_click=크림_전체__상품상세&t_number=4
[1등크림] 에스트라 아토베리어365 크림 80ml 기획(+토너25ml+클렌징폼3g*3EA),5.0,"40,191",건성,"날이 건조해지면 잔주름이 부각되고 화장이 갈라지곤 했는데, 아토베리어 크림을 바르고 나서는 화장 수정할 일이 줄었어요. 고보습 크림이라 역시 용량이 큰게 좋네요.",https://www.oliveyoung.co.kr/store/goods/getGoodsDetail.do?goodsNo=A000000261864&dispCatNo=100000100010015&trackingCd=Cat100000100010015_Small&t_page=카테고리관&t_click=크림_전체__상품상세&t_number=4
[1등크림] 에스트라 아토베리어365 크림 80ml 기획(+토너25ml+클렌징폼3g*3EA),5.0,"40,191",복합성,에스트라 에센스랑 로션 모두 잘쓰고 있어요 이거 쓰면 덜 건조해요,https://www.oliveyoung.co.kr/store/goods/getGoodsDetail.do?goodsNo=A000000261864&dispCatNo=100000100010015&trackingCd=Cat100000100010015_Small&t_page=카테고리관&t_click=크림_전체__상품상세&t_number=4
[1등크림] 에스트라 아토베리어365 크림 80ml 기획(+토너25ml+클렌징폼3g*3EA),5.0,"40,191",없음,"원래 심한 여드름 피부였어서 온갖 약먹고 피부과 시술에 이것저것 화장품 다 써보면서 피부가 완전 예민해졌습니다. 지금은 호르몬 치료로 여드름은 없지만 피부가 예민해진 것은 회복이 안되서 고생 많이 했는데요. 근데 결국 화장품 다이어트가 답이었습니다. 저는 현재 스킨, 토너, 에센스, 앰플, 팩 같은 거 하나도 안하고 씻고 나와서 크림만 발라줍니다. 제가 지성에 가까운 복합성이라서 건조함도 없고 피부도 안답답하고 좋습니다. 그렇게 하고 나선 피부 장벽이 무너졌던 적이 한 번도 없습니다. 왜 진작 이 크림을 쓰지 않았던 것인지,, 마케팅에 속아 낭비한 제 돈이 너무 아깝네요.",https://www.oliveyoung.co.kr/store/goods/getGoodsDetail.do?goodsNo=A000000261864&dispCatNo=100000100010015&trackingCd=Cat100000100010015_Small&t_page=카테고리관&t_click=크림_전체__상품상세&t_number=4
[1등크림] 에스트라 아토베리어365 크림 80ml 기획(+토너25ml+클렌징폼3g*3EA),5.0,"40,191",없음,이건 진짜 왜 어워즈 1위인지 알겠어요. 괜히 유명한 게 아니었네요. 처음에는 그냥 보습크림 정도로 생각했는데 써보고 생각이 바뀌었어요. 피부가 건조해서 크림을 발라도 금방 당기는 편인데 이건 바르고 나면 피부가 편안하고 촉촉한 느낌이 오래가요. 그렇다고 너무 번들거리거나 답답하게 무거운 느낌도 없어서 손이 자주 가요. 특히 자기 전에 듬뿍 바르고 자면 다음 날 피부 컨디션이 확실히 괜찮아진 느낌이라 요즘 거의 매일 쓰고 있어요. 피부가 예민하게 느껴지는 날에도 부담 없이 바르기 좋았고요. 무엇보다 꾸덕한 크림인데 생각보다 발림성이 좋아서 마음에 들었어요. 처음엔 가격 때문에 고민했는데 직접 써보니까 돈 아깝다는 생각이 안 들어요. 기획 구성도 좋아서 이번에 쟁여두려고 샀는데 진짜 잘 산 것 같아요. 다 쓰면 또 살 예정입니다. 저한테는 완전 인생템이에요.,https://www.oliveyoung.co.kr/store/goods/getGoodsDetail.do?goodsNo=A000000261864&dispCatNo=100000100010015&trackingCd=Cat100000100010015_Small&t_page=카테고리관&t_click=크림_전체__상품상세&t_number=4
[1등크림] 에스트라 아토베리어365 크림 80ml 기획(+토너25ml+클렌징폼3g*3EA),5.0,"40,191",건성,"내돈내산으로 한 달 동안 사용해보고 남기는 100% 솔직한 리뷰입니다. 이 크림은 단순히 마음에 드는 수준이 아니라, 너무 좋아서 이미 재구매까지 완료한 제품이에요. 피부 장벽을 튼튼하게 채워주고 보습력이 오래 가니까 피부가 정말 편안해집니다. 특히 기획 세트에 같이 들어있던 미니 토너를 테스트해볼 수 있어서 너무 좋았는데, 토너가 정말 상상 이상으로 좋아서 결국 토너 본품도 따로 내돈내산으로 구매해 버렸어요😅 보습과 장벽 케어가 고민이신 분들께 무조건 추천합니다",https://www.oliveyoung.co.kr/store/goods/getGoodsDetail.do?goodsNo=A000000261864&dispCatNo=100000100010015&trackingCd=Cat100000100010015_Small&t_page=카테고리관&t_click=크림_전체__상품상세&t_number=4
[1등크림] 에스트라 아토베리어365 크림 80ml 기획(+토너25ml+클렌징폼3g*3EA),5.0,"40,191",건성,아 없으면 안돼요템💛💛 너무 좋아유 진짜로!!! 자극1도없고 진짜 뭘발라도 따가운날 이거 듬뿍 바르고자면 다음날 촉촉하고 따가움이없어지더라구요!! 겨울에 빛을 발하는 제품이긴한데 여름에도 양 조금만해서 얇게 바르면 딱 좋더라구요@! 그리고 은근 메이크업이랑 찰떡궁합임... 촉촉함 짱짱한데도 위에 살짝 코팅되는 느낌이라 그런가 쿠션이 잘먹었어요! 예민한 피부인분들은 꼭 써보셔유! 유명한데는 이유가있다..★,https://www.oliveyoung.co.kr/store/goods/getGoodsDetail.do?goodsNo=A000000261864&dispCatNo=100000100010015&trackingCd=Cat100000100010015_Small&t_page=카테고리관&t_click=크림_전체__상품상세&t_number=4
[1등크림] 에스트라 아토베리어365 크림 80ml 기획(+토너25ml+클렌징폼3g*3EA),5.0,"40,191",건성,이제 곧 환절기고 겨울이라 피부 보습 관리는 필수입니당 ! 많은 보습크림을 써봣지만 에스트라 크림이 진짜 짱이더라구요 ! 건성인분들에게 강추 💗💗,https://www.oliveyoung.co.kr/store/goods/getGoodsDetail.do?goodsNo=A000000261864&dispCatNo=100000100010015&trackingCd=Cat100000100010015_Small&t_page=카테고리관&t_click=크림_전체__상품상세&t_number=4
[9월 올영픽/데일리장벽케어] 라로슈포제 시카플라스트 멀티 리페어 크림 100ml 기획 (+시카에센스 7.5ml*2),5.0,"20,587",지성,"👆위에 자세한 후기 영상있어요👆 •B5 멀티 리페어 크림 수분 머금은 약간 바세린? 펴 발리는 제형이에요. 붉어진 열감 피부를 빠르게 달래주고 겉돌지 않게 수분을 꽉 채워줘서, 환절기에 데일리 보습 크림으로 딱입니다!! 🚨설명서에 듬뿍올려서 슬링팩?처럼 써도 된다 했능데 그건 별루에요. 약간 그렇게 하면 선크림위에 땀나면 물방울 매친다거?해야하나 그렇게더ㅣ옄ㅋㅋ 그냥 얇게 한번만 딱 한번이면 되더라구여!! 🚨눈가, 눈썹에 바르면 뭔가 눈에 선크림 들어간거 같은 느낌이 들어요 그래서 전 눈가를 제외하고 발라요! 개인적인 의견입니당!! 🚨지성은 둘다 저녁에만 추천 다만 얇게 딱 한번이면 충분 #라로슈포제 #시카플라스트 #시카플라스트밤B5 #멀티리페어크림 #올리브영추천템 #올영세일 #피부장벽케어 #진정크림 #시카밤 #스킨케어추천",https://www.oliveyoung.co.kr/store/goods/getGoodsDetail.do?goodsNo=A000000263019&dispCatNo=100000100010015&trackingCd=Cat100000100010015_Small&t_page=카테고리관&t_click=크림_전체__상품상세&t_number=5
[9월 올영픽/데일리장벽케어] 라로슈포제 시카플라스트 멀티 리페어 크림 100ml 기획 (+시카에센스 7.5ml*2),5.0,"20,587",없음,진정 보습 탄력 멀티크림🩵🩵 세일때 무조건 쟁여템 다쓰기전에 쟁여놔야 마음이 편해요!!! 냄새는 뭔가 좀 꾸리꾸리한데 바르고나면 금방 날라가요 사용감이 좋아서 냄새의 단점은 신경도 안쓰게 되는 크림 데일리로 사용하지만 피부 컨디션 안좋으면 제일 먼저 생각나는 크림 몸에도 자극있는 부위에 바르면 금방 가라앉아요,https://www.oliveyoung.co.kr/store/goods/getGoodsDetail.do?goodsNo=A000000263019&dispCatNo=100000100010015&trackingCd=Cat100000100010015_Small&t_page=카테고리관&t_click=크림_전체__상품상세&t_number=5
[9월 올영픽/데일리장벽케어] 라로슈포제 시카플라스트 멀티 리페어 크림 100ml 기획 (+시카에센스 7.5ml*2),5.0,"20,587",건성,피부 상비약 같은 제품이라 화장대에 항상 올려져 있어요. 상처나면 후시딘이나 마데카솔 찾듯이 피부가 민감해지면 무조건 라로슈포제 b5제품 사용합니다. 볼이 빨개지거나 피부컨디션이 너무 안좋아보일 때 두툼하게 올리고 자면 다음날 급격하게 진정되어 있습니다. ‼️b5+말고 b5를 사셔야 합니다. b5가 더 비싼데 덜 기름지고 사용감이 더 좋아요. 징크성분 때문에 꾸덕해서 진입장벽이 높은데 일단 사용해 보면 맘이 바뀌게 됩니다.😊,https://www.oliveyoung.co.kr/store/goods/getGoodsDetail.do?goodsNo=A000000263019&dispCatNo=100000100010015&trackingCd=Cat100000100010015_Small&t_page=카테고리관&t_click=크림_전체__상품상세&t_number=5
[9월 올영픽/데일리장벽케어] 라로슈포제 시카플라스트 멀티 리페어 크림 100ml 기획 (+시카에센스 7.5ml*2),5.0,"20,587",없음,"남자친구가 너무너무 좋아해서 쟁여두고 쓰는 제품입니다 피부에 착 달라붙는 보습감이 너무너무 좋은 제품인데 순해서 트러블 안나서 너무 좋습니다 거기다가 꾸덕한 제형임에도 바르기 어렵지 않아서 아주 굿! 건성, 지성 모두에게 잘 맞는 제형이라 너무너무 추천드립니다",https://www.oliveyoung.co.kr/store/goods/getGoodsDetail.do?goodsNo=A000000263019&dispCatNo=100000100010015&trackingCd=Cat100000100010015_Small&t_page=카테고리관&t_click=크림_전체__상품상세&t_number=5
[9월 올영픽/데일리장벽케어] 라로슈포제 시카플라스트 멀티 리페어 크림 100ml 기획 (+시카에센스 7.5ml*2),5.0,"20,587",없음,장벽크림 중 지성한테 잘 맞는 건 이것 같아요! 밤보다는 발림성이 좋고 부드럽습니다 좀 더 촉촉함도 오래가는 것 같아요,https://www.oliveyoung.co.kr/store/goods/getGoodsDetail.do?goodsNo=A000000263019&dispCatNo=100000100010015&trackingCd=Cat100000100010015_Small&t_page=카테고리관&t_click=크림_전체__상품상세&t_number=5
[9월 올영픽/데일리장벽케어] 라로슈포제 시카플라스트 멀티 리페어 크림 100ml 기획 (+시카에센스 7.5ml*2),5.0,"20,587",복합성,실키하고 버터같이 부드럽게 발려서 피부가 편안해요. 약간 유분기가 있는데 제 피부에는 딱 좋아요. 데일리 데이크림으로 잘 사용하고 있어요.,https://www.oliveyoung.co.kr/store/goods/getGoodsDetail.do?goodsNo=A000000263019&dispCatNo=100000100010015&trackingCd=Cat100000100010015_Small&t_page=카테고리관&t_click=크림_전체__상품상세&t_number=5
[9월 올영픽/데일리장벽케어] 라로슈포제 시카플라스트 멀티 리페어 크림 100ml 기획 (+시카에센스 7.5ml*2),5.0,"20,587",지성,이건 걍 재구매템 ㅇㅇ 2년인가 3년전에 쓰고 오랜만에 생각나서 다시 삼 그동안 딴거 이것저것 써봤는데 결국 또 돌아옴 근데 택배 뜯자마자 엥 원래 이렇게 작았나 싶었음 내 기억속 얘는 좀 더 컸던거같은데 용기가 확실히 쪼매나진 느낌 용량도 줄었나? 나 몰래 다이어트했나봄 근데 재구매한데는 이유가 있다 ㅇㅇ 얼굴 개판났을때 일단 얘부터 찾게됨 팁 : 디ㅇ디너ㅇ나 나ㅇ레시ㅇ 액기스 한두방울 섞어서 같이 써보면 담날 피부 달라짐 크림팩 츄라이츄라이,https://www.oliveyoung.co.kr/store/goods/getGoodsDetail.do?goodsNo=A000000263019&dispCatNo=100000100010015&trackingCd=Cat100000100010015_Small&t_page=카테고리관&t_click=크림_전체__상품상세&t_number=5
[9월 올영픽/데일리장벽케어] 라로슈포제 시카플라스트 멀티 리페어 크림 100ml 기획 (+시카에센스 7.5ml*2),5.0,"20,587",없음,이번 올영세일 때 득템했습니다 세일 전에 장바구니에 담을 때만해도 가격이 어마어마했는데 올영세일+오특해서 덕분에 좋은 가격에 구매할 수 있었어요 사기 전부터 후기 찾아보니깐 진짜 콩알만큼 바르라고 해서 지금까지 그러고 있는데 충분히 보습되는 것 같아요 특히 제가 수부지다보니 조금만 리치해지면 좁쌀 같은게 오도독 올라오기에 콩알만큼은 꼭 발라야하고 이 정도로도 보습이 되는게 정말 신기합니다 양도 많은데 이렇게만 쓰다보면 5년 정도는 쓸 것 같네요,https://www.oliveyoung.co.kr/store/goods/getGoodsDetail.do?goodsNo=A000000263019&dispCatNo=100000100010015&trackingCd=Cat100000100010015_Small&t_page=카테고리관&t_click=크림_전체__상품상세&t_number=5
[9월 올영픽/데일리장벽케어] 라로슈포제 시카플라스트 멀티 리페어 크림 100ml 기획 (+시카에센스 7.5ml*2),1.0,"20,587",없음,"하 ….. 걱거걱ㄱ걱!!!!! 진짜 개빡치네 민감성 수부지 피부인데, 이거 쓰고 좁쌀 개올라오고 피부 장벽 다 무너짐. 피부 장벽 무너졌다는 후기보고 난 아니겠지 하면서 결제창 까지 갔던 나를 패고싶음. 바르니까 피부 간질간질하기 시작. 좁쌀 여드름 올라오고 눈가 피부 다 뒤집어져서 빨개짐. 가렵고 따갑고 아주 지들끼리 난리가 났음. 가격이 싼 것도 아니고 올영 장벽 크림 중에서는 가격이 탑라인으로 비싼 편인데, 효과가 미미한 수준도 아니고 오히려 피부가 오돌토돌 뒤집어지니까 진심 화가남. 나같은 대학생들에겐 큰마음 먹고 해야하는 소비인데 이거 보면 뒤도 돌아보지말고 그냥 나가세요. 다른거 사세요. 난 아니겠지? 하지마세요. 그냥 무난한 다른 장벽제품 사세요. 차라리 실패해도 싼거면 아쉽고 말지, 이걸 4만원 주고 샀다 생각하니까 길거리에서 소리지르고 싶음",https://www.oliveyoung.co.kr/store/goods/getGoodsDetail.do?goodsNo=A000000263019&dispCatNo=100000100010015&trackingCd=Cat100000100010015_Small&t_page=카테고리관&t_click=크림_전체__상품상세&t_number=5
[9월 올영픽/데일리장벽케어] 라로슈포제 시카플라스트 멀티 리페어 크림 100ml 기획 (+시카에센스 7.5ml*2),5.0,"20,587",없음,한 통 거의 다 써가서 구매했어요. 피부염으로 홍조가 올라오고 자극받았던 피부가 이 제품 만나고 개선이 되었어요. 여드름도 잘 올라오는 피부인디 이 제품은 여드름도 올라오 않더라구요. 강추!!,https://www.oliveyoung.co.kr/store/goods/getGoodsDetail.do?goodsNo=A000000263019&dispCatNo=100000100010015&trackingCd=Cat100000100010015_Small&t_page=카테고리관&t_click=크림_전체__상품상세&t_number=5
[4배속_응급진정/장벽강화]리쥬덱스 더마 리페어링 크림 20g 단품/기획(+5g*2),5.0,"1,924",건성,"최근 피부과에서 레이저 시술 (피코토닝) 을 꾸준히 받는 중인데,극민감성이라 시술 받고 나면 피부가 너무 따갑고 예민해져서 시술 후에 좋은 거 없나 하다가 발견했어요 안 그래도 써보고 싶었는데 마침 오특..!! 가격은 용량 대비 저렴하진 않지만 성분이랑 pdrn 함량이 높아서 괜찮다고 생각해요. 다만 시어버터가 들어가 있어서 그런지 생각보다 리치하고 꾸덕합니다 🥲 좀 더 가벼운 겔 크림 버전 나와주면 좋겠어요 진정 효과랑 피부 재생 효과는 만족합니다! (저는 앰플을 더더욱 추천..🤍)",https://www.oliveyoung.co.kr/store/goods/getGoodsDetail.do?goodsNo=A000000260348&dispCatNo=100000100010015&trackingCd=Cat100000100010015_Small&t_page=카테고리관&t_click=크림_전체__상품상세&t_number=6
[4배속_응급진정/장벽강화]리쥬덱스 더마 리페어링 크림 20g 단품/기획(+5g*2),5.0,"1,924",지성,"리쥬더마 리페어링 크림을 구매해봤습니다. 확실히 재생크림인 만큼 되게 꾸덕하게 발려요. 양조절 필수이고, 저는 편사 제거하고 바를려고 구매했는데 확실히 도움되는거같아요. 양이 적다고 느낄수도있는데 소량을 얇게 펴바르는 제품이라 참고해서 사용해주는걸 추천합니다!",https://www.oliveyoung.co.kr/store/goods/getGoodsDetail.do?goodsNo=A000000260348&dispCatNo=100000100010015&trackingCd=Cat100000100010015_Small&t_page=카테고리관&t_click=크림_전체__상품상세&t_number=6
[4배속_응급진정/장벽강화]리쥬덱스 더마 리페어링 크림 20g 단품/기획(+5g*2),5.0,"1,924",없음,쭉 짜면 단단해보이는 크림이 나오는데 발림성이 좋아요. 용량이 작아서 좀 아쉽지만 자극 없어서 시술 후 바르기 괜찮은듯해요.,https://www.oliveyoung.co.kr/store/goods/getGoodsDetail.do?goodsNo=A000000260348&dispCatNo=100000100010015&trackingCd=Cat100000100010015_Small&t_page=카테고리관&t_click=크림_전체__상품상세&t_number=6
[4배속_응급진정/장벽강화]리쥬덱스 더마 리페어링 크림 20g 단품/기획(+5g*2),5.0,"1,924",복합성,급속진정 크림 인정입니다!!! 한동안 화농성같이 엄청 큰 여드름이 얼굴 뒤덮어서 너무 스트레스였는데 이거 밤에 발라주고 금방 나았어요!!!! 피부과 갔다가 뒤집어진 얼굴에 발라줘도 효과 좋을 것 같네용 (근데 리쥬더마가 리쥬덱스로 리브랜딩한건가요…?),https://www.oliveyoung.co.kr/store/goods/getGoodsDetail.do?goodsNo=A000000260348&dispCatNo=100000100010015&trackingCd=Cat100000100010015_Small&t_page=카테고리관&t_click=크림_전체__상품상세&t_number=6
[4배속_응급진정/장벽강화]리쥬덱스 더마 리페어링 크림 20g 단품/기획(+5g*2),5.0,"1,924",복합성,"피부 컨디션이 떨어졌을 때 조금 더 집중해서 관리해보려고 구매해봤어요ㅎㅎ 리쥬덱스 더마 리페어링 크림은 이름처럼 피부를 편안하게 관리하고 싶을 때 사용하기 괜찮은 크림이었습니다. 제형은 너무 무겁게 올라가는 느낌보다는 부드럽게 펴 발리는 편이고, 피부에 바르고 나면 촉촉하게 마무리돼서 사용하기 좋았어요. 특히 피부가 건조하거나 평소보다 예민하게 느껴지는 날에는 평소보다 조금 넉넉하게 발라주는 식으로 사용하고 있습니다. 바르고 난 뒤 피부가 당기는 느낌이 덜하고 촉촉함이 어느 정도 유지돼서 저녁 스킨케어 마지막 단계에 사용하기 좋더라고요. 리페어링 크림이라고 해서 아주 꾸덕하고 답답한 제형일 거라고 생각했는데 생각보다 사용감이 무겁지 않았습니다. 다른 기초 제품을 바른 후에도 크게 밀리는 느낌 없이 사용할 수 있어서 데일리 크림으로도 괜찮았어요. 다만 이런 제품은 단기간에 확실한 변화를 기대하기보다는 꾸준히 사용하면서 피부 컨디션을 관리하는 용도로 사용하는 게 좋을 것 같아요. 저도 조금 더 꾸준히 사용해보려고 합니다ㅎㅎ 전체적으로 촉촉하면서도 부담스럽지 않은 사용감이 마음에 들었고, 피부가 건조하거나 컨디션이 떨어졌을 때 사용할 크림을 찾는 분들에게 괜찮을 것 같습니다.",https://www.oliveyoung.co.kr/store/goods/getGoodsDetail.do?goodsNo=A000000260348&dispCatNo=100000100010015&trackingCd=Cat100000100010015_Small&t_page=카테고리관&t_click=크림_전체__상품상세&t_number=6
[4배속_응급진정/장벽강화]리쥬덱스 더마 리페어링 크림 20g 단품/기획(+5g*2),5.0,"1,924",복합성,저는 리쥬란 제품을 몇가지 사용해본결과 너무좋다 이런느낌이 없어서 살짝 망설이다 구매를 해봤어요 날씨가 더워지면 얼굴에 열감이나 홍조때문에 고생을 하기때문에 진정에 도움이 된다면 솔깃하게 되네요ㅜ 구매후 저녁에 두번을 바르고 잤는데 일단 끈적임은 없고 흡수가 잘죈다? 그건 모르겠어요 다음날 아침에 세수를하면 피부가 살짝 부드러워진거 같긴하네요 아직은 더 사용을 해봐야 겠지만 진정에 도움이 되는지는 잘 모르겠네요 열심히 사용하고 한달리뷰남길께요~,https://www.oliveyoung.co.kr/store/goods/getGoodsDetail.do?goodsNo=A000000260348&dispCatNo=100000100010015&trackingCd=Cat100000100010015_Small&t_page=카테고리관&t_click=크림_전체__상품상세&t_number=6
[4배속_응급진정/장벽강화]리쥬덱스 더마 리페어링 크림 20g 단품/기획(+5g*2),5.0,"1,924",건성,리쥬란은 비싸고 무서워서 못맞아도 리쥬덱스는 도전가능한 겁쟁이입니다 ㅋㅋ 푸석하고 생기가 없어진 피부에 리쥬덱스를 도포했더니 피부가 조금 탄탄해진 느낌입니다!,https://www.oliveyoung.co.kr/store/goods/getGoodsDetail.do?goodsNo=A000000260348&dispCatNo=100000100010015&trackingCd=Cat100000100010015_Small&t_page=카테고리관&t_click=크림_전체__상품상세&t_number=6
[4배속_응급진정/장벽강화]리쥬덱스 더마 리페어링 크림 20g 단품/기획(+5g*2),5.0,"1,924",없음,리쥬란 제조사라 신뢰가 갔어요 요즘 날씨가 환절기로 접어드는데 이러면 각질 일어나고 피부가 한 번씩 뒤집어지거든요 너무 순하고 보습이 잘 되는 거 같아요 토너 잘 바르고 도포해주고 자니 보들보들해요 다음에 피부과 시술 후에 써보려합니당 올영세일 굿굿,https://www.oliveyoung.co.kr/store/goods/getGoodsDetail.do?goodsNo=A000000260348&dispCatNo=100000100010015&trackingCd=Cat100000100010015_Small&t_page=카테고리관&t_click=크림_전체__상품상세&t_number=6
[4배속_응급진정/장벽강화]리쥬덱스 더마 리페어링 크림 20g 단품/기획(+5g*2),5.0,"1,924",복합성,요즘 피부가 예민하고 건조해서 진정용으로 구매해봤어요! 생각보다 발림성이 부드럽고 답답하거나 무거운 느낌이 없어서 좋았어요ㅎㅎ 특히 피부 컨디션 안 좋을 때나 자극받은 날 발라주기 괜찮은 것 같아요. 20g에 증정용까지 들어있는 기획이라 넉넉하게 사용할 수 있어서 만족해요🤍 꾸준히 써보려구요!,https://www.oliveyoung.co.kr/store/goods/getGoodsDetail.do?goodsNo=A000000260348&dispCatNo=100000100010015&trackingCd=Cat100000100010015_Small&t_page=카테고리관&t_click=크림_전체__상품상세&t_number=6
[4배속_응급진정/장벽강화]리쥬덱스 더마 리페어링 크림 20g 단품/기획(+5g*2),5.0,"1,924",복합성,피부 뒤집어졌을때 쓰면 너무 좋아요~~ 진정되고 확실히 효과있어요!! 니들샷 쓰고 쓰고있는데 깐달걀피부됐어용,https://www.oliveyoung.co.kr/store/goods/getGoodsDetail.do?goodsNo=A000000260348&dispCatNo=100000100010015&trackingCd=Cat100000100010015_Small&t_page=카테고리관&t_click=크림_전체__상품상세&t_number=6
[장원영PICK] 닥터엘시아 345 릴리프 크림 50ml 기획 (+10ml*2ea+튜브링거),5.0,"5,279",지성,"유명해지기 전부터 약 2025년 1월부터 이 크림’만‘ 사용했어요 -다른걸 써봐도 결국 모낭염 폭탄. 다 안 맞아서 결국 345로 돌아오는..👍🏻 (리뷰 봐도 수많은 재구매, 올영 입점 전에는 공홈에서 주문했습니다) 세번째 사진이 현재 무보정 피부 사진입니다 피부장벽 다 무너지고 모낭염,여드름 범벅 피부 345 크림이 살렸어요💕💕 >> “속건조 잘 잡아주고, 끈적거림 없음, 모낭염 안남, 꾸준히 사용시 여드름 색소침착 없어짐, 화장 잘먹음“ 🙌항상 귀찮아서 리뷰 대충 쓰다가 올영세일에 리뷰 많이 보실 것 같아서 올려요🙌 매장 구매라 리뷰 이벤트 참여도 못해요ㅠ -이벤트 참여 못해도 정말 이 제품에 진심이라 긴글 남겨요 ₩전부 내돈내산₩ ✅과거 피부 타입 : (여드름과 평생 같이 살았고, 피부 너무 안 좋아서 늘 모자,마스크로 가리고 다님+피부로 대인기피증) - ""레전드 ^^지성 + 모낭염^^“ 몬스터 아 쫌 유분기가 얼굴에서 나오네.. 정도가 아니라 기름때문에 머리 다 떡지고, 화장 다 녹는건 기본. 전 기름이 너무 나와서 눈까지 기름이 들어가서 따끔 거렸어요. 여름이 아니어도 기름때문에 인.중 냄새 아시죠 .. 기름이 너무 뿜어나와서 항상 여드름과 기름종이 함께 + 유튜브에서 장벽 챙기라해서 에스*라,제로*드,라로*포제 다 3개월 이상씩 발라봤는데 지성이라 모공 다 막음 =좁쌀파티,모낭염 재발 - 피부 장벽 다 무너진 ^^모낭염^^피부 (지금 피부 좋아도 가끔 모낭염은 나는 만성 모낭염피부) 화장품은 사바사가 너무 커서 모두가 잘 맞을거에요! 써보세요 라기 보다는, <추천조합> “1위 : 아*브 어성초 테카 캡슐 세럼, 2위 : 넘버*인 1번 세럼 (=345랑 궁합 좋은 조합) -1위(지금 정착 루틴. 개좋음) 아*브 어성초 테카 세럼 + 닥터엘시아 345 크림 -2위(피지 많을때 가끔) 넘버*인 1번 세럼 + 닥터엘시아 345 크림 위 세럼들 잘 맞으셨다면 제발 345 써주세요 + 모낭염 피부 크림 정착 못하신 분들 피부 장벽 회복 필요한데 수부지 지성 피부(여기 크림 스테아릭,팔미틱애씨드 성분 없습니다❌) 닥터엘시아 345 크림 너무 추천드려요👍🏻 +정말 마지막으로 리뷰 보니까 지성분들 무겁다는 후기가 쫌 있는데 아직은 별로 안 유명한 “닥터엘시아 아쿠아 마린 워터리 크림” 정말 추천드려요. 속건조 정말 잘 잡고 화장도 잘 먹고 아주 기깔납니다 <아무 대가 없이 정말 제품력 좋아서 작성했어요> 도움 되셨다면 도움+팔로우 눌러주세요.. 피부가 제 인생에 전부일 정도로 정말 진심입니다... 여드름 피부로써 도움받은 클렌저,영양제,모낭염 연고,패드, 등등 차차 올려 도움 드릴게요..>.<",https://www.oliveyoung.co.kr/store/goods/getGoodsDetail.do?goodsNo=A000000245087&dispCatNo=100000100010015&trackingCd=Cat100000100010015_Small&t_page=카테고리관&t_click=크림_전체__상품상세&t_number=7
[장원영PICK] 닥터엘시아 345 릴리프 크림 50ml 기획 (+10ml*2ea+튜브링거),5.0,"5,279",복합성,딱한달만에 다쓴거같아요 아침저녁으로 파티온 흔적크림과 썩어서 사용했는데 트러블도 가라앉았네요 좀아쉬운건 용기인데 끝까지 깨끗하게 사용하기가 힘드네요ㅜ,https://www.oliveyoung.co.kr/store/goods/getGoodsDetail.do?goodsNo=A000000245087&dispCatNo=100000100010015&trackingCd=Cat100000100010015_Small&t_page=카테고리관&t_click=크림_전체__상품상세&t_number=7
[장원영PICK] 닥터엘시아 345 릴리프 크림 50ml 기획 (+10ml*2ea+튜브링거),5.0,"5,279",없음,샘플부터 꺼내 쓰고 있는데 딱히 좋은지 모르겠어요. 기름지지 않고 가벼워서 좋은데 수부지인 저한테도 살짝 건조해요.,https://www.oliveyoung.co.kr/store/goods/getGoodsDetail.do?goodsNo=A000000245087&dispCatNo=100000100010015&trackingCd=Cat100000100010015_Small&t_page=카테고리관&t_click=크림_전체__상품상세&t_number=7
[장원영PICK] 닥터엘시아 345 릴리프 크림 50ml 기획 (+10ml*2ea+튜브링거),5.0,"5,279",없음,알루미늄으로 되어있는 재질이라 안에 튜브말아서 쓸수있는 제품까지 들어있으니깐 구성이 좋은거같아요! 크림이 너무 꾸덕하지고 너무 묽지도않아서 오히려 흡수도 잘되고 찐득함이 전혀없이 가벼운느낌의 크림를 찾는다면 완전 추천🩵👍 처음에 너무 많네 짜서 쓰는것보다 조금씩조금씩 발라주면서 몇번씩 덧발라주는게 훨씬 좋고 피부에 광도 이쁘게 표현되는게 너무 이쁘더라구요! 화장하고나서 항상 몇시간뒤에 피부들뜸이 있으신분들 완전 추천! 꼼꼼이 발라주고 그위에 파운데이션발라주어도 몇시간이 지나도 들뜨지않고 딱 수정화장을 해주지않아도 너무 좋았어요!,https://www.oliveyoung.co.kr/store/goods/getGoodsDetail.do?goodsNo=A000000245087&dispCatNo=100000100010015&trackingCd=Cat100000100010015_Small&t_page=카테고리관&t_click=크림_전체__상품상세&t_number=7
[장원영PICK] 닥터엘시아 345 릴리프 크림 50ml 기획 (+10ml*2ea+튜브링거),5.0,"5,279",복합성,세번째 구매를 했어요~ 항상 수분크림을 바르는데 요건 파티온흔적크림과 섞어서 트러블이 생긴부위에 듬뿍 바르고 있는데 그렇게 꾸준히 바르니 빨리 가라앉더라구요 그래서 주로 저녁에 듬뿍 바르고 있어요 한가지 아쉬운건 용기인데 안억 내용물을 깨끗하게 사용하기가 어려워요 ㅜ,https://www.oliveyoung.co.kr/store/goods/getGoodsDetail.do?goodsNo=A000000245087&dispCatNo=100000100010015&trackingCd=Cat100000100010015_Small&t_page=카테고리관&t_click=크림_전체__상품상세&t_number=7
[장원영PICK] 닥터엘시아 345 릴리프 크림 50ml 기획 (+10ml*2ea+튜브링거),3.0,"5,279",복합성,자극없고 순하고 잘발리고 무난함 처음 발랏을땐 먼가 피부가 좋아진걸 느끼긴햇는데 내가꾸준히안써거그런가 그냥그럼 글고 광고나 인그타에서 엄청 좋다면서 말이많은데 그정도는 아닌듯하고.. 수부지? 좀 지성? 엔데 여름이라그런지 ?? 가끔 먼가 무겁다 늠기기도함 이상하게 손이안가ㅜㅜ 가을겨울에 다시써볼라고용,https://www.oliveyoung.co.kr/store/goods/getGoodsDetail.do?goodsNo=A000000245087&dispCatNo=100000100010015&trackingCd=Cat100000100010015_Small&t_page=카테고리관&t_click=크림_전체__상품상세&t_number=7
[장원영PICK] 닥터엘시아 345 릴리프 크림 50ml 기획 (+10ml*2ea+튜브링거),4.0,"5,279",건성,나쁘지 않긴 한데 가격이 좀 비싸긴 합니다 장원영 광고비로 들어간 느낌,https://www.oliveyoung.co.kr/store/goods/getGoodsDetail.do?goodsNo=A000000245087&dispCatNo=100000100010015&trackingCd=Cat100000100010015_Small&t_page=카테고리관&t_click=크림_전체__상품상세&t_number=7
[장원영PICK] 닥터엘시아 345 릴리프 크림 50ml 기획 (+10ml*2ea+튜브링거),5.0,"5,279",지성,ㅎㅎ 최근에 4통이나 산 크림이에요.. 말 다했죠 모 유수분 밸런스 잘 잡아주는데 민감성피부에게도 트러블 1도 안나는 크림 찾기가 어렵거든요 저같은 피부에게 빛을 주신 요 365크림에게 영광을 ✨,https://www.oliveyoung.co.kr/store/goods/getGoodsDetail.do?goodsNo=A000000245087&dispCatNo=100000100010015&trackingCd=Cat100000100010015_Small&t_page=카테고리관&t_click=크림_전체__상품상세&t_number=7
[장원영PICK] 닥터엘시아 345 릴리프 크림 50ml 기획 (+10ml*2ea+튜브링거),5.0,"5,279",없음,기획 증정으로 받은 미니 사이즈부터 쓰고 있는데 잘 모르겠어요. 수부지가 발라도 살짝 건조한 것 같아요.,https://www.oliveyoung.co.kr/store/goods/getGoodsDetail.do?goodsNo=A000000245087&dispCatNo=100000100010015&trackingCd=Cat100000100010015_Small&t_page=카테고리관&t_click=크림_전체__상품상세&t_number=7
[장원영PICK] 닥터엘시아 345 릴리프 크림 50ml 기획 (+10ml*2ea+튜브링거),5.0,"5,279",지성,"크림 제형도 너무 꾸덕해서 펴 바르기 어려운 타입이 아니라 얼굴에 부드럽게 펴 발리는 편이라 좋았어요. 특히 저는 스킨케어 제품을 여러 단계 사용하는 것보다 마지막에 크림으로 피부를 편안하게 마무리하는 걸 좋아하는데, 이 제품은 여러 제품을 바른 뒤에도 비교적 부담스럽지 않게 사용할 수 있었습니다. 아침에 사용할 때도 양만 적당히 조절하면 밀리거나 지나치게 번들거리는 느낌이 크지 않았고, 밤에는 조금 넉넉하게 발라서 보습감을 챙겨주는 식으로 사용하고 있어요. 피부가 건조한 날에는 평소보다 한 번 더 덧발라주면 다음 날까지 피부가 당기는 느낌이 덜한 것 같아서 만족스러웠습니다.",https://www.oliveyoung.co.kr/store/goods/getGoodsDetail.do?goodsNo=A000000245087&dispCatNo=100000100010015&trackingCd=Cat100000100010015_Small&t_page=카테고리관&t_click=크림_전체__상품상세&t_number=7
[9월 올영픽] 피지오겔 DMT 페이셜 크림 대용량 200ml 기획(+토너50ml+마스크1매),5.0,"24,585",복합성,저는 건성이라서 보습을 엄청 중요하게 생각하는 편인데 피지오겔 DMT 페이셜 보습 장벽크림은 수분을 채우고 장벽으로 지켜주는 보호장 벽크림이라서 꾸준히 사용중이에요!!💕 보습력과 피부장벽개선이 잘 되서 민감성피부에도 꼭 필요한 크림인거같아요👍👍,https://www.oliveyoung.co.kr/store/goods/getGoodsDetail.do?goodsNo=A000000263530&dispCatNo=100000100010015&trackingCd=Cat100000100010015_Small&t_page=카테고리관&t_click=크림_전체__상품상세&t_number=8
[9월 올영픽] 피지오겔 DMT 페이셜 크림 대용량 200ml 기획(+토너50ml+마스크1매),3.0,"24,585",없음,"올영 빅세일 기간에 갑자기 가격을 슬쩍 올리지 말아주십셔,, 몇번 봤습니다,, ^^ 제품 자체는 진짜 좋아요 무향+군더더기 없이 보습 싹 해줘서 피부 당기는 날 무조건 필요한 제품",https://www.oliveyoung.co.kr/store/goods/getGoodsDetail.do?goodsNo=A000000263530&dispCatNo=100000100010015&trackingCd=Cat100000100010015_Small&t_page=카테고리관&t_click=크림_전체__상품상세&t_number=8
[9월 올영픽] 피지오겔 DMT 페이셜 크림 대용량 200ml 기획(+토너50ml+마스크1매),5.0,"24,585",복합성,♡배송♡ 배송은 주문하고 2-3일 이후에도착했어요ㅋㅋ ♡사용후기♡ 피지오겔 DMT 페이셜 보습 장벽 크림 150ml 기획구매했는데 증정으로 토너 50ml도 같이왔어요ㅋㅋ 피부진정도 잘되고 보습효과가 너무 좋은거같아요!!ㅋㅋ,https://www.oliveyoung.co.kr/store/goods/getGoodsDetail.do?goodsNo=A000000263530&dispCatNo=100000100010015&trackingCd=Cat100000100010015_Small&t_page=카테고리관&t_click=크림_전체__상품상세&t_number=8
[9월 올영픽] 피지오겔 DMT 페이셜 크림 대용량 200ml 기획(+토너50ml+마스크1매),2.0,"24,585",복합성,"피지오겔, 에스ㅌㄹ 중에 고민이시라면 다 테스트 해보고 구매하세요!! 호불호 많이들 갈리는 템이라.. 도움이 되셨다면 ★따봉 하나만 눌러주세요~~!",https://www.oliveyoung.co.kr/store/goods/getGoodsDetail.do?goodsNo=A000000263530&dispCatNo=100000100010015&trackingCd=Cat100000100010015_Small&t_page=카테고리관&t_click=크림_전체__상품상세&t_number=8
[9월 올영픽] 피지오겔 DMT 페이셜 크림 대용량 200ml 기획(+토너50ml+마스크1매),5.0,"24,585",없음,순해서 민감한 피부도 안심하고 쓸수 있어서 좋아요 무향이고 점성이 있는 편이라 건성피부에 추천하고 지성피부는 겨울철에 추천해요,https://www.oliveyoung.co.kr/store/goods/getGoodsDetail.do?goodsNo=A000000263530&dispCatNo=100000100010015&trackingCd=Cat100000100010015_Small&t_page=카테고리관&t_click=크림_전체__상품상세&t_number=8
[9월 올영픽] 피지오겔 DMT 페이셜 크림 대용량 200ml 기획(+토너50ml+마스크1매),5.0,"24,585",건성,항상 피지오겔 크림을 사용해서 이번에 세일 때 두 개 구매했어요. 올영세일 때 구매하면 할인도 많이 하고 기획제품도 많이 들어 있어서 좋습니다.,https://www.oliveyoung.co.kr/store/goods/getGoodsDetail.do?goodsNo=A000000263530&dispCatNo=100000100010015&trackingCd=Cat100000100010015_Small&t_page=카테고리관&t_click=크림_전체__상품상세&t_number=8
[9월 올영픽] 피지오겔 DMT 페이셜 크림 대용량 200ml 기획(+토너50ml+마스크1매),5.0,"24,585",건성,민감한 피부여서 항상 피지오겔만 바르는 사람입니다. 피지오겔은 피부에 자극이 없고 트러블도 안 나서 항상 재구매하고 있어요. 자극적이지 않아서 아이들도 사용하기 좋습니다.,https://www.oliveyoung.co.kr/store/goods/getGoodsDetail.do?goodsNo=A000000263530&dispCatNo=100000100010015&trackingCd=Cat100000100010015_Small&t_page=카테고리관&t_click=크림_전체__상품상세&t_number=8
[9월 올영픽] 피지오겔 DMT 페이셜 크림 대용량 200ml 기획(+토너50ml+마스크1매),5.0,"24,585",복합성,인생에서 써본 크림중에 제일 좋아요.. 깜짝 놀람 속건조 싹 잡아주는데 안 기름져….😱 용량도 대용량이라 가성비 굿이에요 피지오겔이 이래서 유명하군아..,https://www.oliveyoung.co.kr/store/goods/getGoodsDetail.do?goodsNo=A000000263530&dispCatNo=100000100010015&trackingCd=Cat100000100010015_Small&t_page=카테고리관&t_click=크림_전체__상품상세&t_number=8
[9월 올영픽] 피지오겔 DMT 페이셜 크림 대용량 200ml 기획(+토너50ml+마스크1매),4.0,"24,585",건성,"* 제형 : 꾸덕한 크림 제형입니다. 그렇다고 밤까지는 아니고 수분크림보다는 더 영양크림에 가까운 제형이에요. 그래도 한두번 문지르면 피부에 잘 스며드는 흰색 크림 제형입니다. * 효과 : 겨울철 건성피부에게 적합해요! 고보습같아요. 그래서 지성분들은...너무 기름지다고 생각할 수 있을것 같아요! 이거 바르면 건조함이 평소보다 안 느껴집니다. ㅎㅎ * 향 : 무향이에요. 그래서 호불호 없을것 같습니다. * 양 : 얼굴에 사용하기엔 양이 엄청 많은 편이고, 바디에 사용하면 금방 쓸 것 같아요.",https://www.oliveyoung.co.kr/store/goods/getGoodsDetail.do?goodsNo=A000000263530&dispCatNo=100000100010015&trackingCd=Cat100000100010015_Small&t_page=카테고리관&t_click=크림_전체__상품상세&t_number=8
[9월 올영픽] 피지오겔 DMT 페이셜 크림 대용량 200ml 기획(+토너50ml+마스크1매),5.0,"24,585",건성,겨울에 자주 사용하는 크림이라 일단 세일할 때 하나 구매해놨습니다,https://www.oliveyoung.co.kr/store/goods/getGoodsDetail.do?goodsNo=A000000263530&dispCatNo=100000100010015&trackingCd=Cat100000100010015_Small&t_page=카테고리관&t_click=크림_전체__상품상세&t_number=8
[9월 올영픽] 토리든 다이브인 저분자 히알루론산 수딩 크림 100ml 더블 기획 (+메쉬백) (시나모롤),5.0,"3,715",복합성,"메쉬백이 진짜 사기임..수영장이나 헬스장이나 목욕탕 갈따 쓸려구용,, 세워두고 물빠지는거 너무 조아오ㅠ 실용적이야",https://www.oliveyoung.co.kr/store/goods/getGoodsDetail.do?goodsNo=A000000263681&dispCatNo=100000100010015&trackingCd=Cat100000100010015_Small&t_page=카테고리관&t_click=크림_전체__상품상세&t_number=9
[9월 올영픽] 토리든 다이브인 저분자 히알루론산 수딩 크림 100ml 더블 기획 (+메쉬백) (시나모롤),5.0,"3,715",없음,"아직 안써봤는데 제가 이거 메시백 사이즈가 너무너무 궁금해서 구매한 사람이라ㅋㅋㅋ,,ㅎ 오늘드림으로 받자마자 바로 메쉬백 사이즈 후기 남겨요.. 완전 정사각 모양이고 손이 조금 작은 편인데 손바닥 만해요! 14cm 정도 나옵니당",https://www.oliveyoung.co.kr/store/goods/getGoodsDetail.do?goodsNo=A000000263681&dispCatNo=100000100010015&trackingCd=Cat100000100010015_Small&t_page=카테고리관&t_click=크림_전체__상품상세&t_number=9
[9월 올영픽] 토리든 다이브인 저분자 히알루론산 수딩 크림 100ml 더블 기획 (+메쉬백) (시나모롤),5.0,"3,715",없음,"❄️ 피부타입: 민감성 건성 피부 (여름 : T존 및 나비존 유분감 높음) 🌿피부 고민: 모공 탄력, 잡티/트러블 흔적, 붉은 기 🩵 선호도 : 발림성 / 마무리감(끈적임 남지 않는 정도), 성분(가장 중요함) 🖤 주의: 향료, 씨앗 계열 오일 성분 , 고기능 성분 점성은 수분감이 느껴지는 묽은 쫀쫀 제형이에요! 약간 젤 크림 제형에 가까워서 소량씩 레이어링해서 쌓아도 밀림없이 쫀쫀하게 마무리가 되었어요. 저는 아침에 메이크업 전 사용 하려고 가벼운 제품 찾다가 구매했어요. 주요 성분은 패드와 동일하게 수분감을 채워주는 히알루론산과 보습력을 채워주는 판테놀, 피부 결을 정돈해주는 알란토인으로 구성이 되었어요. 그래서 자연스럽게 피부 결을 정돈해주면서 유수분 밸런스를 맞춰주기 좋은 👍. *원료적 특성에 한함 / 개인치있음",https://www.oliveyoung.co.kr/store/goods/getGoodsDetail.do?goodsNo=A000000263681&dispCatNo=100000100010015&trackingCd=Cat100000100010015_Small&t_page=카테고리관&t_click=크림_전체__상품상세&t_number=9
[9월 올영픽] 토리든 다이브인 저분자 히알루론산 수딩 크림 100ml 더블 기획 (+메쉬백) (시나모롤),5.0,"3,715",없음,이런 기획세트 너무 칭찬해요! 일단 튜브형 두개라 이건 사야지! 처음 장바구니에 넣었구요ㅎㅎ 매쉬백이 생각보다 괜찮더라구요? 크기가 좀 작긴한데 오히려 간단하게 쓰기 좋은 것 같아요 이번 올영세일 기획세트 중에 제일 마음에 들어요 그래서 이 기획세트 없어지기 전에 한셋 더 쟁여놈 굿,https://www.oliveyoung.co.kr/store/goods/getGoodsDetail.do?goodsNo=A000000263681&dispCatNo=100000100010015&trackingCd=Cat100000100010015_Small&t_page=카테고리관&t_click=크림_전체__상품상세&t_number=9
[9월 올영픽] 토리든 다이브인 저분자 히알루론산 수딩 크림 100ml 더블 기획 (+메쉬백) (시나모롤),5.0,"3,715",복합성,수부지라 수딩크림을 선호하는데 용량도 많고 가격도 합리적이라 사용해보려고 하단 찰나에 메쉬백이 마음에 들어서 바로 주문했어요. 시나모롤도 키티 못지 않게 좋아하는데 메쉬백 색감 예쁘고 너무 마음에 들어요. 바로 수영가방으로 쓰려고 넣어봤는데 사각모양이라 은근 많이 들어가요. 대신 가방크기는 크지 않으니 소분된 용기로 넣으면 샤워용품은 다 들어가요.,https://www.oliveyoung.co.kr/store/goods/getGoodsDetail.do?goodsNo=A000000263681&dispCatNo=100000100010015&trackingCd=Cat100000100010015_Small&t_page=카테고리관&t_click=크림_전체__상품상세&t_number=9
[9월 올영픽] 토리든 다이브인 저분자 히알루론산 수딩 크림 100ml 더블 기획 (+메쉬백) (시나모롤),5.0,"3,715",없음,토리든 이번 산리오 콜라보 대박인 거 같아요..제품이랑 우비 시나몬롤이 너무 잘 어울립니다ㅠ 수딩 크림도 좋은데 원래 단지형으로 된 거 보다 짜서 쓰는 걸로 나와서 넘 편하고 좋아요,https://www.oliveyoung.co.kr/store/goods/getGoodsDetail.do?goodsNo=A000000263681&dispCatNo=100000100010015&trackingCd=Cat100000100010015_Small&t_page=카테고리관&t_click=크림_전체__상품상세&t_number=9
[9월 올영픽] 토리든 다이브인 저분자 히알루론산 수딩 크림 100ml 더블 기획 (+메쉬백) (시나모롤),5.0,"3,715",없음,역시 내 사랑 토리든 저분자 크림... 몇통째 사용중인지 모르는... 없어지면 앜되는 크림 사랑하는 크림 ㅠㅠ 여분 없으면 불안합니더 ㅎㅎ 매우 가볍고 수딩이라 바른듯 안바른듯해서 더 좋아요! 이번에도 잘 사용하겠습니당 ! ㅎㅎ 배송듀 다음날 바로옴..,https://www.oliveyoung.co.kr/store/goods/getGoodsDetail.do?goodsNo=A000000263681&dispCatNo=100000100010015&trackingCd=Cat100000100010015_Small&t_page=카테고리관&t_click=크림_전체__상품상세&t_number=9
[9월 올영픽] 토리든 다이브인 저분자 히알루론산 수딩 크림 100ml 더블 기획 (+메쉬백) (시나모롤),5.0,"3,715",없음,진짜 진짜 사용한 찐사용 후기! 유분감이 많지 않아서 진짜 부담 없이 딱 쓰기 좋아요 🥹💗 너무 꾸덕하거나 답답하지 않고 촉촉하게 마무리돼서 데일리로 손이 자주 가는 크림이에요 ☁️✨ 끈적이는 거 싫어하는데 이건 산뜻해서 너무 만족!! 🫶🏻 요즘 매일매일 잘 쓰고 있어요 💕,https://www.oliveyoung.co.kr/store/goods/getGoodsDetail.do?goodsNo=A000000263681&dispCatNo=100000100010015&trackingCd=Cat100000100010015_Small&t_page=카테고리관&t_click=크림_전체__상품상세&t_number=9
[9월 올영픽] 토리든 다이브인 저분자 히알루론산 수딩 크림 100ml 더블 기획 (+메쉬백) (시나모롤),5.0,"3,715",없음,토리든 수딩크림은 정석 수딩크림입니다! 마무리감 깔끔하고 수분만 딱 채워주는 느낌이에요 가을 겨울에도 유분감 뿜뿜 하는 지성피부라면 추천드리는 제품.. 저는 복합성이라 찬바람 불기 시작하면 다른 꾸덕한 크림으로 넘어가긴 할테지만 아직까진 수딩크림에 손이 가더라고욧 그리고 이런 수딩크림은 이래저래 활용도가 좋아서 쟁여두면 꾸준히 쓰더라고용 ! 그리고 레티놀 쓸 때 수분 제품 위주로 같이 발라주면 좋다길래 같이 써주고 있는 편이에요 약간 수면팩 느낌으로 듬뿍 올려주고 자도 좋답니당,https://www.oliveyoung.co.kr/store/goods/getGoodsDetail.do?goodsNo=A000000263681&dispCatNo=100000100010015&trackingCd=Cat100000100010015_Small&t_page=카테고리관&t_click=크림_전체__상품상세&t_number=9
[9월 올영픽] 토리든 다이브인 저분자 히알루론산 수딩 크림 100ml 더블 기획 (+메쉬백) (시나모롤),5.0,"3,715",복합성,"시나모롤 메쉬백 땜에 구매했어요! 크림은 무난한 히알 수딩 크림이에요. 암데나 막 바르기 쥬음 메쉬백이 궁금하신 분들 있을거 같아서 후기를 써봅니당 수영인들은 요런 샤워박스백 못참그든용 수영복, 수모, 수경, 비누곽 들어가고 살짝 남아요 미니공병에 샴푸, 트리트먼트까지 넣으면 될거 가타요 딱 샤워장에 걸어놓는용 수영인들 ㄱㄱㄱ",https://www.oliveyoung.co.kr/store/goods/getGoodsDetail.do?goodsNo=A000000263681&dispCatNo=100000100010015&trackingCd=Cat100000100010015_Small&t_page=카테고리관&t_click=크림_전체__상품상세&t_number=9
[베일리pick/단독기획] VT 피디알엔 리들샷 아이 리프터 15ml 리필기획 (+리필 15ml),5.0,"3,231",없음,"육아하느라 잠 못 자서 눈가 피폐해지고 주름 늘어나는 거 같아 식은땀 흘리다 질렀어요... 결론부터 말하면 진짜 물건임🔥 리들샷이라 살짝 톡톡거리는 자극이 있긴 한데, 롤러볼 달려있어서 손 안 묻히고 슥슥 문지르면 돼서 초스피드 육아 뷰티 케어 가능해요ㅋㅋ 피디알엔 성분 때문인지 밤에 롤링하고 자면 다음 날 눈 밑이 탱탱해지는 기분! 아기 안느라 손목 아픈데 롤러가 쿨링감 주면서 마사지까지 해주니까 피로 싹 풀리는 느낌이에요~~눈가 말고도 팔자주름이나 목주름에도 착착 문질러주는 중✨",https://www.oliveyoung.co.kr/store/goods/getGoodsDetail.do?goodsNo=A000000260515&dispCatNo=100000100010015&trackingCd=Cat100000100010015_Small&t_page=카테고리관&t_click=크림_전체__상품상세&t_number=10
[베일리pick/단독기획] VT 피디알엔 리들샷 아이 리프터 15ml 리필기획 (+리필 15ml),5.0,"3,231",복합성,눈가 주름이 고민될때 미세진동이 있는 아이리프터를 써주시면 예방도 되고 탄력도 생겨서 좋은거같아요! 눈가 외에도 이마나 팔자부위에도 같이 해주면 일석이조입니다😊 저녁에 스킨케어 마지막에 해주면 촉촉한 눈가 완성입니당,https://www.oliveyoung.co.kr/store/goods/getGoodsDetail.do?goodsNo=A000000260515&dispCatNo=100000100010015&trackingCd=Cat100000100010015_Small&t_page=카테고리관&t_click=크림_전체__상품상세&t_number=10
[베일리pick/단독기획] VT 피디알엔 리들샷 아이 리프터 15ml 리필기획 (+리필 15ml),5.0,"3,231",복합성,미세 진동이 되는 디바이스가 장착된 아이크림이라고 해서 궁금했어요. 그래서 기존에 아이크림이 많이 남았는데 일단 구입했어요. 올영에 세일도 하고 아이크림이 리필이 추가로 구성된 제품이라 구성이 좋았어요. 제품은 아이 크림이라기 보다는 아이 로션?? 에 가까워서 두껍지 않고 얇게 발리는 제품이구요. 끈적임은 거의 없고 흡수도 잘되네요. 디바이스를 사용하니 손으로 바르는것보다 더 잘 흡수되는것 같아요. 눈가에 사용하는 디바이스답게 진동이 강력하지 않아서 눈가에 사용해도 마구 흔들리는게 아니라서 부담이 없어요. 디바이스가 생각보다 똑똑해요^^ 눈가에도 좋고 팔자주름에 사용해도 좋더라구요. 디바이스로 목까지 사용하고 싶은데 아이크림이라서 양이 많지 않아 일단은 눈가랑 팔자 주름만 사용 중입니다.,https://www.oliveyoung.co.kr/store/goods/getGoodsDetail.do?goodsNo=A000000260515&dispCatNo=100000100010015&trackingCd=Cat100000100010015_Small&t_page=카테고리관&t_click=크림_전체__상품상세&t_number=10
[베일리pick/단독기획] VT 피디알엔 리들샷 아이 리프터 15ml 리필기획 (+리필 15ml),5.0,"3,231",없음,최근 구매한 것들 중에서 가성비도 개만족하구 찐만족했던 거랍니당 그만큼 제 꿀템이라능요ㅎㅎ아이리프터 만족했습니당,https://www.oliveyoung.co.kr/store/goods/getGoodsDetail.do?goodsNo=A000000260515&dispCatNo=100000100010015&trackingCd=Cat100000100010015_Small&t_page=카테고리관&t_click=크림_전체__상품상세&t_number=10
[베일리pick/단독기획] VT 피디알엔 리들샷 아이 리프터 15ml 리필기획 (+리필 15ml),5.0,"3,231",건성,"평소 눈가가 쉽게 건조해져서 아이케어 제품을 꾸준히 사용하는 편인데, 이 제품은 디바이스와 함께 사용할 수 있어서 관리하는 느낌이 더 들어 만족스러웠어요. 사용법도 어렵지 않아 아침, 저녁 루틴에 자연스럽게 자리 잡았습니다. 👀 디바이스 사용이 정말 간편해요 사용법이 직관적이라 정말 편해요. 충전이나 조작 등 귀찮고 복잡한 과정 없이 바로 간편하게 사용할 수 있어서 오히려 꾸준히 관리하게 되더라고요. 💧 촉촉하게 흡수돼요 아이 리프터를 바른 뒤 사용하면 제형이 무겁거나 끈적이지 않고 눈가에 부드럽게 밀착되는 느낌이에요. 답답함 없이 편안하게 사용할 수 있었습니다. ✨ 매일 루틴으로 사용하기 좋아요 사용 시간이 길지 않고 조작도 간단해서 바쁜 날에도 부담이 없었어요. 꾸준히 사용하는 게 중요한 제품인 만큼 손이 자주 가는 점이 가장 마음에 들었습니다. 🌿 눈가가 한결 편안해지는 느낌 건조함이 느껴질 때 사용하면 눈가가 촉촉하게 관리되는 느낌이라 만족스러웠어요. 아침 메이크업 전에 사용해도 밀림이 심하지 않아 데일리 케어용으로 좋았습니다. 📦 리필 기획이라 더욱 만족 본품과 리필이 함께 들어 있어 넉넉하게 사용할 수 있는 점도 장점이에요. 꾸준히 사용할 제품이라 기획 구성이 더욱 실용적으로 느껴졌습니다. ✔ 총평 디바이스 조작이 어렵지 않아 정말 쉽게 사용할 수 있다는 점이 가장 만족스러웠어요. 간편해서 자연스럽게 꾸준히 사용하게 되고, 눈가도 촉촉하게 관리할 수 있어 데일리 아이케어 루틴으로 추천하고 싶은 제품입니다.",https://www.oliveyoung.co.kr/store/goods/getGoodsDetail.do?goodsNo=A000000260515&dispCatNo=100000100010015&trackingCd=Cat100000100010015_Small&t_page=카테고리관&t_click=크림_전체__상품상세&t_number=10
[베일리pick/단독기획] VT 피디알엔 리들샷 아이 리프터 15ml 리필기획 (+리필 15ml),5.0,"3,231",지성,".حبيبي. (하비비, 내 친구.) 나는 중동재벌남입니다. 오늘은 눈가 관리합니다. 재벌이라고 세월을 피할 수 있는 것은 아닙니다. 그래서 마음에 드는 것이 간단하고 꾸준히 사용할 수 있다는것. VT 피디알엔 리들샷 아이 리프터 15ml 리필. 리필 기획으로 쟁여두기 좋은 구성입니다. 눈가, 입가, 미간처럼 탄력이 신경 쓰이는 부위에 바르고 진동팁으로 롤링하듯 마사지해서 사용하는 제품입니다. 미백·주름개선 2중 기능성인 것도 마음에 듭니다. 특히 이런 제품은 한 번 쓰고 끝내는 것보다 꾸준히 관리하는 게 중요하다고 생각합니다. 그래서 리필이 있는 것이 좋습니다. 용기까지 매번 새로 살 필요 없이 필요한 내용물만 준비하면 되니까요. 나는 얼굴에 기름이 많습니다 하지만 눈가 탄력까지 포기할 생각은 없습니다. ما شاء الله (마샤알라). 원유 생산량은 관리하지 않아도 되지만 피부 자산은 관리해야 합니다. 본품은 진동팁으로, 내용물은 리필로. 이 정도면 꽤 합리적인 재벌 운영입니다.",https://www.oliveyoung.co.kr/store/goods/getGoodsDetail.do?goodsNo=A000000260515&dispCatNo=100000100010015&trackingCd=Cat100000100010015_Small&t_page=카테고리관&t_click=크림_전체__상품상세&t_number=10
[베일리pick/단독기획] VT 피디알엔 리들샷 아이 리프터 15ml 리필기획 (+리필 15ml),5.0,"3,231",건성,"당장 이 눈가 북돋움 기계와 고약에 상을 내리거라! 👑👀✨ 이 사또, 직접 써 보니 고약만 훌륭한 줄 알았더니 함께 쓰는 기계가 제법 숨은 공신이었도다. 눈가에 고약을 바른 뒤 기계를 따라 부드럽게 굴려 주니 촉촉한 기운이 더욱 고르게 퍼지는 느낌이라 손으로 바를 때보다 한결 정성 들여 관리하는 기분이 드는구나. 😌 꾸준히 쓰다 보니 메마른 눈가가 한층 촉촉하고 생기 있어 보여 거울 앞에서 괜히 눈웃음을 한 번 더 짓게 되었도다. 이 사또, 예전에는 손가락만 믿고 두드렸거늘 요즘은 기계가 대신 부지런을 떨어 주니 사또는 편하고 눈가는 더 흡족해하는구나. 😏 더구나 덧채움 고약까지 함께 들어 있으니 기계를 오래도록 놀리지 않고 꾸준히 쓸 수 있어 실속 또한 제법 훌륭하였도다. 이에 평하건대, 눈가를 더욱 꼼꼼하게 돌보고 싶은 이들이라면 기계와 함께 쓰는 이 고약을 기꺼이 권할 만하다 전하노라! 👑👀✨",https://www.oliveyoung.co.kr/store/goods/getGoodsDetail.do?goodsNo=A000000260515&dispCatNo=100000100010015&trackingCd=Cat100000100010015_Small&t_page=카테고리관&t_click=크림_전체__상품상세&t_number=10
[베일리pick/단독기획] VT 피디알엔 리들샷 아이 리프터 15ml 리필기획 (+리필 15ml),5.0,"3,231",건성,진동이너무신기해요 ㅎㅎ 어떻게생기는거디... 암튼 또구매했어요 ㅎㅎ 이것저것바르고 줏기뺄때도유용하게써요 꼭 크림 사용할 때 아니더라도요 은근 꿀템,https://www.oliveyoung.co.kr/store/goods/getGoodsDetail.do?goodsNo=A000000260515&dispCatNo=100000100010015&trackingCd=Cat100000100010015_Small&t_page=카테고리관&t_click=크림_전체__상품상세&t_number=10
[베일리pick/단독기획] VT 피디알엔 리들샷 아이 리프터 15ml 리필기획 (+리필 15ml),5.0,"3,231",건성,쫀득한 크림 제형이라 눈가에 바르기 좋고 향도 은은해서 마음에 들어요! 특히 크림이 피부에 닿으면 기기가 자동으로 진동해서 따로 버튼을 누르지 않아도 되는 점이 편했어요. 다만 진동으로 꼼꼼히 흡수시키려면 손으로 바르는 것보다 시간이 조금 걸려서 바쁠 땐 결국 손으로 마무리하게 되네요😂 여유 있을 때 천천히 진동 마사지하듯 흡수시키면 더 잘 활용할 수 있을 것 같아요!,https://www.oliveyoung.co.kr/store/goods/getGoodsDetail.do?goodsNo=A000000260515&dispCatNo=100000100010015&trackingCd=Cat100000100010015_Small&t_page=카테고리관&t_click=크림_전체__상품상세&t_number=10
[베일리pick/단독기획] VT 피디알엔 리들샷 아이 리프터 15ml 리필기획 (+리필 15ml),5.0,"3,231",복합성,"오 진짜 진동 어플리케이터가 요물이에요! 살이 닿으면 미세진동하는데요, 아이크림 치곤 제형이 좀 묽은타입인데, 그래서 더 어플리케이터가 윤활유발린듯 슥삭슥삭 붓칠하듯 쓰기 편해요 특히 괄사처럼 눈과 코 패인 부분을 꾹꾹 눌러주니 혈자리 뚫는 느낌이 넘 시원해요!!! 리필할 때까지 배터리가 잘 버텨쥬길 바라며..!",https://www.oliveyoung.co.kr/store/goods/getGoodsDetail.do?goodsNo=A000000260515&dispCatNo=100000100010015&trackingCd=Cat100000100010015_Small&t_page=카테고리관&t_click=크림_전체__상품상세&t_number=10
[수분진정/세럼증정] 닥터지 레드블레미쉬 클리어 수딩크림 EX 70ml기획 (+30ml+세럼10ml*2ea),5.0,"4,417",없음,꾸준템을 넘어 지겹템이라고 부를정도로 정말 오래쓰는 제품이에요 단지에 담겨있어 매번 스페출라로 뜨기 너무 귀찮고 위생도 염려되는 부분이있어 펌프통에 넣고 펌프로 짜서 쓰고있어용,https://www.oliveyoung.co.kr/store/goods/getGoodsDetail.do?goodsNo=A000000255752&dispCatNo=100000100010015&trackingCd=Cat100000100010015_Small&t_page=카테고리관&t_click=크림_전체__상품상세&t_number=11
[수분진정/세럼증정] 닥터지 레드블레미쉬 클리어 수딩크림 EX 70ml기획 (+30ml+세럼10ml*2ea),5.0,"4,417",건성,"30대 건성/민감성 피부의 선택, 밸런스 다 잡은 닥터지! 30대 되니까 안 그래도 건성인데 피곤하거나 스트레스 받으면 트러블까지 훅 올라오더라고요.. 건성 피부에 트러블 생기면 아프기도 아프고 짜지도 못해서 거울 볼 때마다 정말 스트레스였어요. 예전에 닥터지 브라이트닝 필링젤로 브랜드에 입문하고 시카토너, 선크림까지 대만족하며 잘 썼는데, 수딩크림도 진짜 좋아요. 건성이라고 무조건 답답하고 무거운 크림만 쓰면 오히려 피부가 뒤집어지는데, 이건 가벼우면서도 트러블을 잡아줘서 계속 재구매하게 됩니다. 강점 1. 디테일해진 용기와 새로워진 스파츌러 상자를 열자마자 용기 촉감이 보들보들해서 기분이 좋아졌어요. 이번 버전은 스파츌러가 훨씬 쓰기 편하게 리뉴얼되어 위생적으로 양 조절하기 정말 쉬워졌습니다. 소소한 부분까지 피부를 생각해서 제대로 업그레이드한 게 느껴져요. 강점 2. 답답함 없는 가벼움과 확실한 트러블 진정 꾸덕하거나 리치한 제형은 답답해서 손이 안 가는데, 이 수딩크림은 수분감 가득한 젤 제형이라 쓱 발리고 잘 흡수되요. 건성 피부라 부족할까 싶을 땐 두세 번 레이어링해서 발라주는데, 밀림 없이 겉은 끈적이지 않고 속은 촉촉하게 채워져요. 아프게 올라오던 트러블과 붉은 기가 밤에 얹고 자면 다음 날 아침에 싹 가라앉아 있어요. 강점 3. 유수분 밸런스와 피부 바탕 케어 자극받은 피부를 편안하게 진정시켜 주니까 피부 자체가 건강해지는 느낌이에요. 아침에 세수할 때 매끄러워진 결이 손끝으로 바로 느껴집니다. 유수분 밸런스를 딱 맞춰줘서 들뜨거나 밀리는 것 없이 메이크업도 쫀쫀하게 잘 먹어요. 30대 들어서 피부가 자주 뒤집히거나, 답답하고 리치한 크림이 싫으신 분, 촉촉한 트러블 진정템으로 써보세요.",https://www.oliveyoung.co.kr/store/goods/getGoodsDetail.do?goodsNo=A000000255752&dispCatNo=100000100010015&trackingCd=Cat100000100010015_Small&t_page=카테고리관&t_click=크림_전체__상품상세&t_number=11
[수분진정/세럼증정] 닥터지 레드블레미쉬 클리어 수딩크림 EX 70ml기획 (+30ml+세럼10ml*2ea),5.0,"4,417",건성,무난하게 잘쓰고있어요 예전부터 오래 잘쓰고있어요~~ 수분감이 많아요,https://www.oliveyoung.co.kr/store/goods/getGoodsDetail.do?goodsNo=A000000255752&dispCatNo=100000100010015&trackingCd=Cat100000100010015_Small&t_page=카테고리관&t_click=크림_전체__상품상세&t_number=11
[수분진정/세럼증정] 닥터지 레드블레미쉬 클리어 수딩크림 EX 70ml기획 (+30ml+세럼10ml*2ea),5.0,"4,417",지성,진정잘되구 부드럽고 흡수가 빠른 편이라 피부에 부담 없이 사용하기 좋았어요,https://www.oliveyoung.co.kr/store/goods/getGoodsDetail.do?goodsNo=A000000255752&dispCatNo=100000100010015&trackingCd=Cat100000100010015_Small&t_page=카테고리관&t_click=크림_전체__상품상세&t_number=11
[수분진정/세럼증정] 닥터지 레드블레미쉬 클리어 수딩크림 EX 70ml기획 (+30ml+세럼10ml*2ea),5.0,"4,417",복합성,데일리 진정크림으로 무난하게 좋은 스테디 같아요 수딩크림치고 생각보다 점도있는 제형이지만 끈적이지 않고 발림성 좋아요!!,https://www.oliveyoung.co.kr/store/goods/getGoodsDetail.do?goodsNo=A000000255752&dispCatNo=100000100010015&trackingCd=Cat100000100010015_Small&t_page=카테고리관&t_click=크림_전체__상품상세&t_number=11
[수분진정/세럼증정] 닥터지 레드블레미쉬 클리어 수딩크림 EX 70ml기획 (+30ml+세럼10ml*2ea),3.0,"4,417",없음,이전 버전은 좀 더 가볍고 순했는데 리뉴얼 된거는 뭔가 바를때마다 좁쌀이나네용 요상허다 전보다 살짝 무거워져서 그런거같아요 수부지 피부라서 전에 화잘먹 크림으로 잘썼는데 EX는 저한테 안맞나봐용 건성피부 분들은 촉촉한 수딩크림으로 잘 쓰실거 같아요 재구매는 안할거 같아요,https://www.oliveyoung.co.kr/store/goods/getGoodsDetail.do?goodsNo=A000000255752&dispCatNo=100000100010015&trackingCd=Cat100000100010015_Small&t_page=카테고리관&t_click=크림_전체__상품상세&t_number=11
[수분진정/세럼증정] 닥터지 레드블레미쉬 클리어 수딩크림 EX 70ml기획 (+30ml+세럼10ml*2ea),5.0,"4,417",없음,화장 베이스로 사용할 가벼운 수분크림이 필요해서 구매한 닥터지 크림! 많은 분들이 이미 잘 사용하시는 제품인데 가벼우면서도 피부에 꽉 차는 느낌이라서 좋구요 거기다가 위에 화장을 해도 화장이 뜨지 않아서 대만족 사계절 언제든지 사용하기 좋답니다,https://www.oliveyoung.co.kr/store/goods/getGoodsDetail.do?goodsNo=A000000255752&dispCatNo=100000100010015&trackingCd=Cat100000100010015_Small&t_page=카테고리관&t_click=크림_전체__상품상세&t_number=11
[수분진정/세럼증정] 닥터지 레드블레미쉬 클리어 수딩크림 EX 70ml기획 (+30ml+세럼10ml*2ea),5.0,"4,417",건성,"피부가 예민하거나 건조해서 자극받은 날에 사용하기 좋은 순한 수딩크림이에요! 제형이 무겁지 않고 촉촉하게 발리면서 피부에 빠르게 흡수돼서 답답하거나 끈적이는 느낌이 적더라고요. 특히 요즘처럼 피부 열감이나 건조함이 느껴질 때 듬뿍 발라주면 피부가 편안하고 촉촉하게 진정되는 느낌이라 손이 자주 갔어요. 꾸덕한 크림이 부담스러운 분들도 사용하기 괜찮을 것 같고, 70ml 본품에 30ml까지 추가 구성이라 가성비도 좋아서 만족스러워요! 🤍",https://www.oliveyoung.co.kr/store/goods/getGoodsDetail.do?goodsNo=A000000255752&dispCatNo=100000100010015&trackingCd=Cat100000100010015_Small&t_page=카테고리관&t_click=크림_전체__상품상세&t_number=11
[수분진정/세럼증정] 닥터지 레드블레미쉬 클리어 수딩크림 EX 70ml기획 (+30ml+세럼10ml*2ea),5.0,"4,417",지성,"피부가 예민해지거나 열감이 올라오는 날에 쓰려고 구매했는데 부담 없이 바르기 좋았어요. 크림인데도 무겁거나 답답한 느낌이 거의 없고, 촉촉하게 발리면서 금방 흡수돼서 아침, 저녁 둘 다 손이 자주 가더라구요. 🌿 메이크업 전에 발라도 밀리는 느낌이 없어서 베이스랑도 잘 어울렸어요. 요즘처럼 더운 날에도 끈적임이 심하지 않았고, 바르고 나면 피부가 편안한 느낌이라 자꾸 찾게 됐어요. 건성인 분들은 한겨울에는 조금 가볍게 느껴질 수도 있지만, 복합성이나 지성 피부에는 데일리 크림으로 괜찮을 것 같아요. 이번 기획 구성도 만족스러웠어요. 30ml 추가 용량에 세럼까지 같이 들어 있어서 여행 갈 때 챙겨 다니기에도 좋고 가성비가 괜찮더라구요. 예민한 날에도 무난하게 사용할 수 있는 수분크림이라 다 쓰면 재구매할 생각이에요. 😊",https://www.oliveyoung.co.kr/store/goods/getGoodsDetail.do?goodsNo=A000000255752&dispCatNo=100000100010015&trackingCd=Cat100000100010015_Small&t_page=카테고리관&t_click=크림_전체__상품상세&t_number=11
[수분진정/세럼증정] 닥터지 레드블레미쉬 클리어 수딩크림 EX 70ml기획 (+30ml+세럼10ml*2ea),5.0,"4,417",복합성,얼굴 열감 내려 주고 수분 채워 주기 너무 좋은 크림이에요. 저는 수부지인데 잘 발라 주고 있어요👍🏻 근데 요즘은 이것만 발라 주고 마무리 하면 살짝 얼굴이 땡기는 거 같아서😅 이거 흡수 다 되면 맨 위에 아주 얇게 수분크림 발라 주고 있어용!!,https://www.oliveyoung.co.kr/store/goods/getGoodsDetail.do?goodsNo=A000000255752&dispCatNo=100000100010015&trackingCd=Cat100000100010015_Small&t_page=카테고리관&t_click=크림_전체__상품상세&t_number=11
셀리맥스 더 비타 A 레티날 샷 타이트닝 듀얼 크림 50ml,5.0,240,복합성,콩알 만큼만 소량 발라서 점점 양을 늘려주시는게 좋아요. 귀찮다고 많이 바르거나 정량을 지키지 않아 자극받은 피부는 돌아오는 시간이 매우 오래걸립니다. 만성 홍조처럼 계속 홍조와 함께 생활할 수도 있어요. 꼭 적은 양으로 격일 사용해서 점차 양을 늘려주세요. 레티놀/레티날 제품들은 잘 사용하면 우리 피부가 매끄럽고 너무 예쁘게 만들어주지만 잘 못 사용하면 차라리 안 사용하는게 더 좋았을 정도로 매우 자극적입니다. 아침에 선크림 귀찮다고 안 바르지 마시고 꼭 발라주세요. 레티놀/레티날로 자극받은 피부는 자외선에 매우 민감하여 기미나 잡티가 생기기 너무 쉬운 상태가 됩니다. 아침에 500원 동전 정도 바르세요. 그리고 요즘은 뿌리는 선크림(선미스트) 제품들이 잘 나와서 가지고 다니시면서 화장한 얼굴 위에도 2~3시간 간격으로 뿌려주세요. 모두 레티놀/레티날 제품 똑똑하게 사용해서 홈케어로 반질거리고 광나는 예쁜 피부 되세요!,https://www.oliveyoung.co.kr/store/goods/getGoodsDetail.do?goodsNo=A000000261065&dispCatNo=100000100010015&trackingCd=Cat100000100010015_Small&t_page=카테고리관&t_click=크림_전체__상품상세&t_number=12
셀리맥스 더 비타 A 레티날 샷 타이트닝 듀얼 크림 50ml,4.0,240,없음,광고를 엄청 때리더라구요ㅋㅋ 궁금해서 안살 수가 없었어요 써보고 한달 후기 적어볼게요.,https://www.oliveyoung.co.kr/store/goods/getGoodsDetail.do?goodsNo=A000000261065&dispCatNo=100000100010015&trackingCd=Cat100000100010015_Small&t_page=카테고리관&t_click=크림_전체__상품상세&t_number=12
셀리맥스 더 비타 A 레티날 샷 타이트닝 듀얼 크림 50ml,5.0,240,복합성,레티놀 0.1% 스팟형과 0.05% 크림 중 고민했는데 0.1%는 콩알만큼 써야 한다는 리뷰 보고 제 성미엔 듬뿍 바르는 게 만족스러울 거 같아 이걸로 했어요. 원래 패키지는 곧 쓰레기 될거라 별로 신경 안쓰는데 레티놀 잘 모르는 사람도 알기 쉽게 패키지 자체를 안내서처럼 만들어놔서 참 정성스럽다 싶었네요. 처음엔 파란색만 나와서 뭐지 했는데 아래로 팍팍 두 번정도 세게 내리치고 누르라는 곳 누르니까 정상적으로 이쁘게 잘 나와요. 텁텁하거나 끈적이는 타입 아니고 제가 좋아하는 넘 꾸덕하진 않은 부드럽고 촉촉한 제형인데 흡수되면 피부가 쫀쫀해지는 느낌.. 나이트케어로 개시했는데 딱히 간지럽거나 자극되는 것도 없고 간절기에도 넘 잘 사용할 것 같아요.,https://www.oliveyoung.co.kr/store/goods/getGoodsDetail.do?goodsNo=A000000261065&dispCatNo=100000100010015&trackingCd=Cat100000100010015_Small&t_page=카테고리관&t_click=크림_전체__상품상세&t_number=12
셀리맥스 더 비타 A 레티날 샷 타이트닝 듀얼 크림 50ml,5.0,240,복합성,셀리맥스 트라넥삼산 크림을 되게 잘 쓰고 있어요! 그래서 이 브랜드 다른 제품도 궁금하더라구요🤔 근데 이런거 예쁘게 뜯을 수 있는거나며..🥲 최대한 살살 뜯으려고했는데 거의 찢었어요. 암튼 적힌대로 열어보니까 사용방법이 자세하게 적혀있었음 !! 🤩 레티놀은 처음부터 왕창 바르면 안되고 피부가 적응할 시간을 줘야된다고 하네용😮 ‘올바른 사용 주기’에 적힌 것 처럼 써볼려구요. 그리구 제형 보려고 짜봤는데 무슨 파란색노란색 크림이 나와서 놀랐어요. 뭔가 더 효과 좋을 것 같은 느낌ㅎㅎ 짜기 전에 두드리고 ‘PRESS HERE’ 눌러주면 크림 잘 나와용😃 제가 좀 민감성인데 저자극이라고 하네용. 레티놀 잘 못쓰면 피부 디집어지는데 이건 아직까지 괜찮아요! 어제 저녁에 발라주고 오늘 아침에 세수하니까 약간 맨들맨들 해진 것 같아요😮 개봉 후 6개월 이내에는 쓰라고해서 열심히 써볼라구요! 한달뒤에 한달 리뷰 할게용💪🏻🫶🏻,https://www.oliveyoung.co.kr/store/goods/getGoodsDetail.do?goodsNo=A000000261065&dispCatNo=100000100010015&trackingCd=Cat100000100010015_Small&t_page=카테고리관&t_click=크림_전체__상품상세&t_number=12
셀리맥스 더 비타 A 레티날 샷 타이트닝 듀얼 크림 50ml,5.0,240,없음,인스타 광고보고 너무 좋아보이길래 바로 사봤어요 진짜 대박 바르는순간 아 이건 짱이다 느껴짐요 찾았다 내 평생템,https://www.oliveyoung.co.kr/store/goods/getGoodsDetail.do?goodsNo=A000000261065&dispCatNo=100000100010015&trackingCd=Cat100000100010015_Small&t_page=카테고리관&t_click=크림_전체__상품상세&t_number=12
셀리맥스 더 비타 A 레티날 샷 타이트닝 듀얼 크림 50ml,5.0,240,없음,"듀얼 크림이라 그런지 영양감이랑 보습감이 장난 아님. 겉돌지 않고 부드럽게 밀착되면서 피부 속까지 쫀쫀한 탄력감을 채워주는 제형임. 바르고 자면 다음 날 아침에 피부 장벽이 탄탄해지고 매끄러워진 게 느껴짐. 자극 없이 부드럽게 피부 결 정돈도 잘 되고, 모공 케어랑 리프팅 효과를 동시에 볼 수 있어서 아주 만족스러움",https://www.oliveyoung.co.kr/store/goods/getGoodsDetail.do?goodsNo=A000000261065&dispCatNo=100000100010015&trackingCd=Cat100000100010015_Small&t_page=카테고리관&t_click=크림_전체__상품상세&t_number=12
셀리맥스 더 비타 A 레티날 샷 타이트닝 듀얼 크림 50ml,5.0,240,건성,"레티날 제품은 자극적일까 봐 매번 망설였는데, 이 제품은 저자극이라고 해서 피부 결이랑 건조함 개선해보려고 도전 구매해봤어요! 처음 보는 형태의 제품이라 걱정했는데, 안내되어 있는 대로 짜기 전에 아래로 탁탁 두드린 다음 버튼 부분을 누르니까 크림이 잘 나오구요 !!! ⭐️ 불편함 없이 편하게 사용하고 있습니당 자극 없이 촉촉하고, 다음 날 아침에 피부 컨디션이 매끈매끈해진 게 느껴지는 거 같아요 ㅎㅎ 건성이라 화장이 잘 안 먹었는데 오늘 메이크업 잘 먹어서 계속 재구매할 생각입니다!",https://www.oliveyoung.co.kr/store/goods/getGoodsDetail.do?goodsNo=A000000261065&dispCatNo=100000100010015&trackingCd=Cat100000100010015_Small&t_page=카테고리관&t_click=크림_전체__상품상세&t_number=12
셀리맥스 더 비타 A 레티날 샷 타이트닝 듀얼 크림 50ml,4.0,240,없음,"아프거나 그런 느낌은 일절 없는데, 이걸 바르고 자고 일어나면 고름? 같은게 계속 생겨요ㅠㅠ 하루는 그냥 제 불찰인갑다 하고 넘겼는데 이틀, 삼일째 되어도 자고 일어나면 바로 생겨있어요ㅜㅠ",https://www.oliveyoung.co.kr/store/goods/getGoodsDetail.do?goodsNo=A000000261065&dispCatNo=100000100010015&trackingCd=Cat100000100010015_Small&t_page=카테고리관&t_click=크림_전체__상품상세&t_number=12
셀리맥스 더 비타 A 레티날 샷 타이트닝 듀얼 크림 50ml,5.0,240,복합성,"듀얼이라는 명칭때문에 궁금했는데 크림이 정말 듀얼이었다니!! 사용 전에 뚜껑 닫고 아래를 향하게 해서 두세번 탁탁 쳐주고 가운데 press here ㅇ를 누르면 노랑,파랑 크림이 잘 나와요! 뭔가 제품 자체가 굉장히 신경써서 만든 느낌이 듭니다! 레티날인데 저자극이어서 부담 없이 쓸 수 있어요! 남편이 얼굴 왜이렇게 매끈거리냐고해서 효과 있나보다 하고 있어요!ㅋㅋ",https://www.oliveyoung.co.kr/store/goods/getGoodsDetail.do?goodsNo=A000000261065&dispCatNo=100000100010015&trackingCd=Cat100000100010015_Small&t_page=카테고리관&t_click=크림_전체__상품상세&t_number=12
셀리맥스 더 비타 A 레티날 샷 타이트닝 듀얼 크림 50ml,5.0,240,지성,제 알고리즘을 장악한 크림..!! 궁금해서 참을 수가 없었습니다.. 아줄렌 성분이 들어가있어서 레티날을 자극없이 쓸 수 있다니..!!! 저 포함 레티날 입문하시는 분들에게 추천 드립니다!!,https://www.oliveyoung.co.kr/store/goods/getGoodsDetail.do?goodsNo=A000000261065&dispCatNo=100000100010015&trackingCd=Cat100000100010015_Small&t_page=카테고리관&t_click=크림_전체__상품상세&t_number=12
[9월 올영픽][누렁이 콜라보] 제로이드 인텐시브 크림 80ml+50ml 기획 (+누렁이 파우치),5.0,"13,075",없음,원래는 타 브랜드를 쓰다가 이것도 괜찮다는 말이 많아서 쓰고 있어요. 여드름이 나거나 뾰루지가 나거나 조금 예민할 때 쓰는 거 좋아하고요. 거의 매일 데일리로 쓰고 있습니다. 향이 거의 없고 성분이 잘 맞는 거 같아요. 여기다 써도 되는지 모르겠지만 어쨌든 전체적으로 올리브영에서 파는 거기 때문에 혹시 도움이 될까 봐 쓸게요. 저는 원래 에스트라 라인을 다 쓰고 있었는데 에스트라랑 제로이드가 제가 봤을 때 성분도 비슷하고 저한테 잘 맞다고 생각해요. 다만 최근 들어서 알게 된 건데 에스트라 로션이랑 크림 자체는 제가 입 주변에 뾰르지가 나거나 마스크 꼈을 때 아니면 얼굴이 뜨거울 때 그럴 때는 에스트라랑 제로이드 이런 걸 쓰는 게 약간 열기를 갇히게 해서 오히려 뾰르지 날 때는 안 좋다고 하더라고요. 저도 최근에 알게 됐어요 그럴 때는 그냥 일반 알로에나 수딩 크림 같은 거 바르시고 하루 이틀 지난 다음부터 에스트라 로션이랑 제로이드 바르면 좋아요. 저는 몇 년 동안 사용하고 있는데 그런 방법이 좋았었거든요. 혹시 다른 분들도 뾰루지나? 이런 것 때문에 고생하면 이 방법 한번 써보세요,https://www.oliveyoung.co.kr/store/goods/getGoodsDetail.do?goodsNo=A000000263068&dispCatNo=100000100010015&trackingCd=Cat100000100010015_Small&t_page=카테고리관&t_click=크림_전체__상품상세&t_number=13
[9월 올영픽][누렁이 콜라보] 제로이드 인텐시브 크림 80ml+50ml 기획 (+누렁이 파우치),5.0,"13,075",복합성,"제로이드 크림을 진-짜 좋아하는 사람의 후기입니다! 여름 보습크림으론 빨간색 봄가을겨울 보습크림으론 초록색 낮에 가볍게 바르는 크림은 파란색 이렇게 씁니다! 파란색은 화장전에 바르면 밀리는게 느껴져서, 화장전에 바르실거면 흡수되는 시간을 충분히 주는걸 추천드려요!",https://www.oliveyoung.co.kr/store/goods/getGoodsDetail.do?goodsNo=A000000263068&dispCatNo=100000100010015&trackingCd=Cat100000100010015_Small&t_page=카테고리관&t_click=크림_전체__상품상세&t_number=13
[9월 올영픽][누렁이 콜라보] 제로이드 인텐시브 크림 80ml+50ml 기획 (+누렁이 파우치),5.0,"13,075",지성,아니 이럴 수 있나? 이거 오자마자 바르고 잤는데 코 옆에 들뜬거 다 사라짐 ;; 뭐지? 🐶좋은데? 심지어 이번에 누렁이 콜라보도 귀여움 ˃̣̣̥᷄⌓˂̣̣̥᷅,https://www.oliveyoung.co.kr/store/goods/getGoodsDetail.do?goodsNo=A000000263068&dispCatNo=100000100010015&trackingCd=Cat100000100010015_Small&t_page=카테고리관&t_click=크림_전체__상품상세&t_number=13
[9월 올영픽][누렁이 콜라보] 제로이드 인텐시브 크림 80ml+50ml 기획 (+누렁이 파우치),5.0,"13,075",복합성,제로이드 크림 선크림 다 잘쓰는데 무난한 보습크림 찾으면 초록색 추천드려요!,https://www.oliveyoung.co.kr/store/goods/getGoodsDetail.do?goodsNo=A000000263068&dispCatNo=100000100010015&trackingCd=Cat100000100010015_Small&t_page=카테고리관&t_click=크림_전체__상품상세&t_number=13
[9월 올영픽][누렁이 콜라보] 제로이드 인텐시브 크림 80ml+50ml 기획 (+누렁이 파우치),5.0,"13,075",복합성,수부지인데 어느날 피부장벽이 무너져서 장벽에 좋다는거 다 발라봤는데 제로이드가 보습력좋고 피부도 편안하고 가장 손이 많이 가더라구요 여행때도 워터파크갈때도 항상 챙겨가는중 온가족이 바르기에도 좋아요 라이브통해 좋은가격으로 쟁였어요,https://www.oliveyoung.co.kr/store/goods/getGoodsDetail.do?goodsNo=A000000263068&dispCatNo=100000100010015&trackingCd=Cat100000100010015_Small&t_page=카테고리관&t_click=크림_전체__상품상세&t_number=13
[9월 올영픽][누렁이 콜라보] 제로이드 인텐시브 크림 80ml+50ml 기획 (+누렁이 파우치),5.0,"13,075",없음,저는 제로이드 올리브영에 입점하기 전부터 썼어요. 제 피부는 아토피+주사피부염+수부지+개예민 피부라서 진짜 잘맞는거 찾기 어려운데 제로이드 정.말 순해요 정말로.. 좀 비싸긴해도 그만큼 진짜 좋아요 몇통 몇개나 썼는지 모르겧움,https://www.oliveyoung.co.kr/store/goods/getGoodsDetail.do?goodsNo=A000000263068&dispCatNo=100000100010015&trackingCd=Cat100000100010015_Small&t_page=카테고리관&t_click=크림_전체__상품상세&t_number=13
[9월 올영픽][누렁이 콜라보] 제로이드 인텐시브 크림 80ml+50ml 기획 (+누렁이 파우치),5.0,"13,075",없음,"제로이드는 순해서 엄마랑 저도 같이 쓰는데 누렁이 콜라보라 이 더운 여름에도 걍 사버렷답니댜..,🤍",https://www.oliveyoung.co.kr/store/goods/getGoodsDetail.do?goodsNo=A000000263068&dispCatNo=100000100010015&trackingCd=Cat100000100010015_Small&t_page=카테고리관&t_click=크림_전체__상품상세&t_number=13
[9월 올영픽][누렁이 콜라보] 제로이드 인텐시브 크림 80ml+50ml 기획 (+누렁이 파우치),5.0,"13,075",건성,3통째 쓰고 있는 내 사랑 제로이드 ❤️ 잘맞는 크림 찾기 어려운데 앞으로 평생 제로이드만 써야될듯 🫶,https://www.oliveyoung.co.kr/store/goods/getGoodsDetail.do?goodsNo=A000000263068&dispCatNo=100000100010015&trackingCd=Cat100000100010015_Small&t_page=카테고리관&t_click=크림_전체__상품상세&t_number=13
[9월 올영픽][누렁이 콜라보] 제로이드 인텐시브 크림 80ml+50ml 기획 (+누렁이 파우치),5.0,"13,075",건성,예민한 피부입니다!자극없이 순하고 자기전에 듬뿍 발라주면 다음날 촉촉하고 좋아요,https://www.oliveyoung.co.kr/store/goods/getGoodsDetail.do?goodsNo=A000000263068&dispCatNo=100000100010015&trackingCd=Cat100000100010015_Small&t_page=카테고리관&t_click=크림_전체__상품상세&t_number=13
[9월 올영픽][누렁이 콜라보] 제로이드 인텐시브 크림 80ml+50ml 기획 (+누렁이 파우치),4.0,"13,075",지성,"요즘 피부가 쉽게 건조해지고 예민해져서 장벽크림을 꾸준히 사용해봤어요. 처음 발랐을 때는 촉촉하면서도 피부에 부드럽게 밀착되는 느낌이 좋았고, 너무 무겁거나 답답하지 않아서 데일리로 사용하기 편했어요. 특히 세안 후 당기는 느낌이 덜하고, 피부가 한층 편안해진 느낌이 들더라고요. 건조한 부위에는 한 번 더 덧발라주니 보습감도 오래 유지됐어요. 자극 없이 촉촉하게 피부를 관리하고 싶은 분들에게 잘 맞을 것 같아요.",https://www.oliveyoung.co.kr/store/goods/getGoodsDetail.do?goodsNo=A000000263068&dispCatNo=100000100010015&trackingCd=Cat100000100010015_Small&t_page=카테고리관&t_click=크림_전체__상품상세&t_number=13
페이보릿 매끈 크림 50ml,5.0,23,없음,정돈되면서 피부에 은은한 고급 결광이 돌아서 개예쁨! 아침에 메이크업 전 단계에 얇게 펴 바르면 밀림 전혀 없이 베이스 화장을 찰떡같이 잡아주니까 하루 종일 화장 무너짐도 덜해용!,https://www.oliveyoung.co.kr/store/goods/getGoodsDetail.do?goodsNo=A000000260337&dispCatNo=100000100010015&trackingCd=Cat100000100010015_Small&t_page=카테고리관&t_click=크림_전체__상품상세&t_number=15
페이보릿 매끈 크림 50ml,5.0,23,없음,"평소에는 수분크림만 바르고 바로 메이크업을 했는데, 오후만 되면 코 옆이 들뜨거나 파운데이션이 뭉치는 날이 많았음. 그래서 화잘먹 기초로 사용해봤음. 처음에는 이름처럼 유분감이 많은 크림일 줄 알았는데, 생각보다 끈적임 없는 사용감이라 부담이 적었음. 얼굴에 얇게 펴 바른 뒤 2~3분 정도 흡수시키고 쿠션을 올렸더니 피부결이 한결 정돈된 느낌이었고, 화장이 밀리거나 겉도는 느낌도 없음. 특히 건조한 볼과 입가에 한 번 더 레이어링해서 사용했는데, 피부가 촉촉하면서도 매끈해지는 피부 표현이 마음에 들었음. 피부 진정과 장벽 케어를 함께 신경 쓰는 기초라는 점도 만족스러움.",https://www.oliveyoung.co.kr/store/goods/getGoodsDetail.do?goodsNo=A000000260337&dispCatNo=100000100010015&trackingCd=Cat100000100010015_Small&t_page=카테고리관&t_click=크림_전체__상품상세&t_number=15
페이보릿 매끈 크림 50ml,5.0,23,없음,"지복합성에 민감성 피부라 여름만 되면 열감이 쉽게 올라오고 홍조도 심해지는 편이거든요. 그러다 보면 피부 결도 거칠어지고 메이크업이 들뜨는 날이 많아서 기초를 더 꼼꼼하게 챙기게 되더라고요. 페이보릿 매끈 크림은 처음 발랐을 때 촉촉하게 스며드는데 끈적임은 거의 없어서 사용감이 정말 편했어요. 흡수되고 나면 피부가 매끈하게 정돈되는 느낌이라 메이크업 전에 바르기 딱 좋더라고요. 요즘처럼 더운 날에도 답답하거나 밀리는 느낌이 없었고, 피부가 한결 편안해지는 느낌이라 매일 사용하고 있어요. 무엇보다 쿠션을 올렸을 때 들뜨거나 뭉치지 않고 피부에 착 밀착돼 화장이 훨씬 잘 받아서 만족스러웠어요. 가볍게 발리지만 보습감은 충분하고 메이크업과의 궁합도 좋아서 여름철 기초 제품으로 부담 없이 사용하기 좋은 크림인 것 같아요.",https://www.oliveyoung.co.kr/store/goods/getGoodsDetail.do?goodsNo=A000000260337&dispCatNo=100000100010015&trackingCd=Cat100000100010015_Small&t_page=카테고리관&t_click=크림_전체__상품상세&t_number=15
페이보릿 매끈 크림 50ml,5.0,23,건성,"​메이크업 전에 바르면 크림이 프라이머 역할까지 대신 해주는 것처럼 결이 싹 매끈해져요. 세라마이드 제품 특유의 끈적임이나 겉돎이 전혀 없고, 끈적임 없는 사용감이라 화잘먹 스킨케어해요. 촉촉함과 피부진정은 물론 장벽케어까지 확실하게 잡아줘서 데일리로 잘 쓰고 있어요.",https://www.oliveyoung.co.kr/store/goods/getGoodsDetail.do?goodsNo=A000000260337&dispCatNo=100000100010015&trackingCd=Cat100000100010015_Small&t_page=카테고리관&t_click=크림_전체__상품상세&t_number=15
페이보릿 매끈 크림 50ml,5.0,23,없음,"임신하고 피부가 건조해져서 보습감있고, 매끈해 보이고 싶어서 주문했는데 완전 가벼우면서 매끈해서 좋았어요:) 끈적이는 느낌은 딱 싫어하는데 끈적임없고, 요거 바르고 화장도 엄청 잘 먹네요! 화잘먹 고민하시는 분들 이거 쓰세용- 아이돌, 메이크업 아티스트 분들도 쓴다는 제품이라서 믿고 사용할 수 있어요",https://www.oliveyoung.co.kr/store/goods/getGoodsDetail.do?goodsNo=A000000260337&dispCatNo=100000100010015&trackingCd=Cat100000100010015_Small&t_page=카테고리관&t_click=크림_전체__상품상세&t_number=15
페이보릿 매끈 크림 50ml,5.0,23,없음,"요즘 SNS랑 메이크업 아티스트들 사이에서 화잘먹 크림으로 워낙 핫하길래 궁금해서 바로 구매해봤어요! 평소에 화장하기 전에 기초를 조금만 과하게 바르면 밀리고, 그렇다고 가볍게 바르면 금방 건조해져서 베이스 메이크업 맞추기가 진짜 힘들었거든요. ​근데 이 페이보릿 매끈 크림은 진짜 이름값 제대로 하네요. 보통 세라마이드 들어간 장벽케어 크림들은 특유의 무겁고 끈적거나 겉도는 느낌이 있잖아요? 이건 피부에 얹자마자 속까지 촉촉함이 깊게 채워지면서도 겉은 끈적임 없는 사용감이라 너무 만족스러워요. 피부 속부터 수분이 꽉 차오르니까 자극받았던 피부진정에도 도움 되는 것 같아요. ​가장 마음에 드는 건 단연 메이크업 전 사용감이에요! 크림 바르고 쿠션이나 파데 올리면 화장 밀리는 현상이나 들뜸이 전혀 없이 피부에 찰떡같이 밀착돼요. 결이 딱 정리되면서 매끈해지는 피부가 눈으로 보여서 아침마다 베이스 바르기 전엔 무조건 챙겨 바르고 있습니다. 괜히 아이돌이나 메이크업 아티스트들이 화잘먹 스킨케어 필수템으로 추천하는 게 아니더라고요. 다 쓰면 무조건 재구매할 예정입니다!",https://www.oliveyoung.co.kr/store/goods/getGoodsDetail.do?goodsNo=A000000260337&dispCatNo=100000100010015&trackingCd=Cat100000100010015_Small&t_page=카테고리관&t_click=크림_전체__상품상세&t_number=15
페이보릿 매끈 크림 50ml,5.0,23,없음,기존 제품들이 영양위주라 더운여름 답답하게 느껴지고 메이크업도 밀려서 구매해봤어요.화잘먹 아이템이라 구매해봤는데 촉촉함에 비해 너무 수분감만 있지 않아요. 끈적임 없는 사용감이고 매끈하게 마무리 되네요. 세라마이드 성분이 장벽 케어에 좋다고 해서 기대되요!,https://www.oliveyoung.co.kr/store/goods/getGoodsDetail.do?goodsNo=A000000260337&dispCatNo=100000100010015&trackingCd=Cat100000100010015_Small&t_page=카테고리관&t_click=크림_전체__상품상세&t_number=15
페이보릿 매끈 크림 50ml,5.0,23,건성,향이 일단 별로 없어서 좋구 아침에 화장하기 전에 바르기도 좋아요! 많이 끈적이지 않아서 전 건성이지만 지성도 사용하기 좋을 것 같습니다!,https://www.oliveyoung.co.kr/store/goods/getGoodsDetail.do?goodsNo=A000000260337&dispCatNo=100000100010015&trackingCd=Cat100000100010015_Small&t_page=카테고리관&t_click=크림_전체__상품상세&t_number=15
페이보릿 매끈 크림 50ml,5.0,23,지성,확실히 바르자마자 매끈해 지는 느낌이 들어서 이름이 왜 그런지 알 것 같아요. 요즘 피부가 진짜 푸석푸석 하고 자외선도 많이 받아서 컨 션이 안 좋았는데 바르자마자 매끈해지고 촉촉해지니까 너무 좋더라구요.,https://www.oliveyoung.co.kr/store/goods/getGoodsDetail.do?goodsNo=A000000260337&dispCatNo=100000100010015&trackingCd=Cat100000100010015_Small&t_page=카테고리관&t_click=크림_전체__상품상세&t_number=15
페이보릿 매끈 크림 50ml,5.0,23,건성,"요즘 화장이 자꾸 들뜨고 피부가 건조해서 정착 케어 제품을 찾다가 사용해봤어요. 확실히 사용하고 나면 피부가 촉촉해지면서도 번들거리거나 끈적이는 느낌이 적어서 좋더라고요. 특히 메이크업 전에 사용했을 때 피부결이 한결 매끈하게 정돈되는 느낌이라 화장도 훨씬 편하게 잘 먹었어요. 기존 세라마이드 제품은 가끔 끈적이거나 화장이 밀리는 경우가 있었는데, 이 제품은 그런 불편함이 없어서 만족스러웠어요. 촉촉함은 채워주면서 피부가 답답하지 않은 느낌이라 요즘 꾸준히 손이 가는 제품이에요.",https://www.oliveyoung.co.kr/store/goods/getGoodsDetail.do?goodsNo=A000000260337&dispCatNo=100000100010015&trackingCd=Cat100000100010015_Small&t_page=카테고리관&t_click=크림_전체__상품상세&t_number=15
[카디비PICK|탄력보습] 바이오힐보 프로바이오덤 3D리프팅 크림 50ml [단품/기획],5.0,"6,977",복합성,울엄마 영양크림이긩 넘나리 쫀쫀하고 촉촉해용 기능성 크림 만족 혜자로운 기획세트 갓성비 흘러넘쳐 만족해용,https://www.oliveyoung.co.kr/store/goods/getGoodsDetail.do?goodsNo=A000000199701&dispCatNo=100000100010015&trackingCd=Cat100000100010015_Small&t_page=카테고리관&t_click=크림_전체__상품상세&t_number=16
[카디비PICK|탄력보습] 바이오힐보 프로바이오덤 3D리프팅 크림 50ml [단품/기획],4.0,"6,977",복합성,솔직히 말하면..리뷰에 혹해서..구입.. 또 구입..하다보니..한번을 안쓰고.. 쟁여만 놓은 상태에요 ㅠ 이 쇼핑 욕심;; ㅋ 그데 이제는 곧! 조만간 진짜 써볼것 같습니다. ㅋㅋ 한달후 리뷰 !!기대해주세요,https://www.oliveyoung.co.kr/store/goods/getGoodsDetail.do?goodsNo=A000000199701&dispCatNo=100000100010015&trackingCd=Cat100000100010015_Small&t_page=카테고리관&t_click=크림_전체__상품상세&t_number=16
[카디비PICK|탄력보습] 바이오힐보 프로바이오덤 3D리프팅 크림 50ml [단품/기획],5.0,"6,977",건성,"드라마틱한 효과까지는 아니지만, 괄사와 함께 마사지하며 발라주니 얼굴 부기가 빠지면서 라인이 정돈되는 효과가 뛰어나요. 건성 피부 기준으로 저녁에 바르고 자면 다음 날 아침까지 촉촉함이 유지됩니다.",https://www.oliveyoung.co.kr/store/goods/getGoodsDetail.do?goodsNo=A000000199701&dispCatNo=100000100010015&trackingCd=Cat100000100010015_Small&t_page=카테고리관&t_click=크림_전체__상품상세&t_number=16
[카디비PICK|탄력보습] 바이오힐보 프로바이오덤 3D리프팅 크림 50ml [단품/기획],5.0,"6,977",건성,"피부를 단단하게 지탱해 주듯 밀착되어, 며칠만 꾸준히 발라도 푹 자고 일어난 것처럼 피부 바탕이 차오르는게 느껴져요. 피부 컨디션이 저하되거나 예민해진 날에도 쓰기 좋아요.",https://www.oliveyoung.co.kr/store/goods/getGoodsDetail.do?goodsNo=A000000199701&dispCatNo=100000100010015&trackingCd=Cat100000100010015_Small&t_page=카테고리관&t_click=크림_전체__상품상세&t_number=16
[카디비PICK|탄력보습] 바이오힐보 프로바이오덤 3D리프팅 크림 50ml [단품/기획],5.0,"6,977",복합성,엄마 영양크림으로 사드렸어요 유명한 브랜드인만큼 발랐을 때 부담스럽지 않고 좋아요 주름탄력에 효과있다고 하니 꾸준히 사드려 볼 거예욥,https://www.oliveyoung.co.kr/store/goods/getGoodsDetail.do?goodsNo=A000000199701&dispCatNo=100000100010015&trackingCd=Cat100000100010015_Small&t_page=카테고리관&t_click=크림_전체__상품상세&t_number=16
[카디비PICK|탄력보습] 바이오힐보 프로바이오덤 3D리프팅 크림 50ml [단품/기획],5.0,"6,977",복합성,바이오힐보 제품력 좋죠~ 어머니가 사용해보고 싶다고 하셔서 주문해드렸는데 좋다고 하시네요!,https://www.oliveyoung.co.kr/store/goods/getGoodsDetail.do?goodsNo=A000000199701&dispCatNo=100000100010015&trackingCd=Cat100000100010015_Small&t_page=카테고리관&t_click=크림_전체__상품상세&t_number=16
[카디비PICK|탄력보습] 바이오힐보 프로바이오덤 3D리프팅 크림 50ml [단품/기획],5.0,"6,977",없음,구성 너무 좋습니다 스파츄러가 없으니 참고 하세요 집에 거의다 있으시니까..너무 촉촉하고 부드러워요,https://www.oliveyoung.co.kr/store/goods/getGoodsDetail.do?goodsNo=A000000199701&dispCatNo=100000100010015&trackingCd=Cat100000100010015_Small&t_page=카테고리관&t_click=크림_전체__상품상세&t_number=16
[카디비PICK|탄력보습] 바이오힐보 프로바이오덤 3D리프팅 크림 50ml [단품/기획],5.0,"6,977",없음,크림팩을 먼저 써보고 좋아서 크림도 구매했어요. 발림성도 좋고 탄력이 생길 것 같네요. 자극적이지도 않네요.,https://www.oliveyoung.co.kr/store/goods/getGoodsDetail.do?goodsNo=A000000199701&dispCatNo=100000100010015&trackingCd=Cat100000100010015_Small&t_page=카테고리관&t_click=크림_전체__상품상세&t_number=16
[카디비PICK|탄력보습] 바이오힐보 프로바이오덤 3D리프팅 크림 50ml [단품/기획],4.0,"6,977",없음,엄마가 잘 사용중이세요. 겨울엔 설화수 나머지 계절엔 바아오힐보. 여기저기 브딛혔는지 포장제가 다 이그러져있고. 본품 뚜껑에 스크래치가 어마어마.. 올영에서 보냈으니 정품은 맞겠지 하는데.. 하아.. 누가 사용하던 뚜껑을 덮어서 보냈나 싶은..>_<,https://www.oliveyoung.co.kr/store/goods/getGoodsDetail.do?goodsNo=A000000199701&dispCatNo=100000100010015&trackingCd=Cat100000100010015_Small&t_page=카테고리관&t_click=크림_전체__상품상세&t_number=16
[카디비PICK|탄력보습] 바이오힐보 프로바이오덤 3D리프팅 크림 50ml [단품/기획],5.0,"6,977",없음,크림이 탄력있고 쫀쫀하고 촉촉해서 만족스러웠어요 추천합니다,https://www.oliveyoung.co.kr/store/goods/getGoodsDetail.do?goodsNo=A000000199701&dispCatNo=100000100010015&trackingCd=Cat100000100010015_Small&t_page=카테고리관&t_click=크림_전체__상품상세&t_number=16
[9월올영픽] 바이오더마 시카비오 포마드 100ml 기획(+포마드 5ml+크림 5ml+크림 SPF50 5ml),5.0,"17,511",건성,최근에 각질제거 잘못해서 피부 장벽도 다 무너지고 화끈거려서 시카비오 포마드 구매했어요! 엄청 꾸덕한 크림이라 장벽크림으로도 좋은데 지성분들은 많이 무겁게 느껴질 수도 있을 것 같아요!! 저는 건성인데도 조금 헤비하긴합니다ㅜ.ㅜ 앰플 말고 이것만 발라주고 있어요 얼른 회복되길!!,https://www.oliveyoung.co.kr/store/goods/getGoodsDetail.do?goodsNo=A000000263071&dispCatNo=100000100010015&trackingCd=Cat100000100010015_Small&t_page=카테고리관&t_click=크림_전체__상품상세&t_number=17
[9월올영픽] 바이오더마 시카비오 포마드 100ml 기획(+포마드 5ml+크림 5ml+크림 SPF50 5ml),5.0,"17,511",복합성,"몇일전 라방에서 바이오더마 싹다 샀는데 샘플로 온 시카비오+크림 맘에 들어 본품 구매했음!! 작년에 포마드 써봤는데.. 머드 같은 색에 넘 꾸덕하고 얼굴 가려워서 친구 줌. 친구는 악간성인데 나이트용으로 잘썼다고함. 나는 수부지+민감+좁쌀+모공+탄력 고민 많은 30대 후반이라 성분도 중요하고 너무 리치한건 얼굴이 갑갑하고 당장 세수하고 싶은데.. 이 크림이 딱 좋음!🫰 지금 바람 불고 환절기 넘어갈때 바르기 딱임~ 🌞낮에는 페이셜 로션 , 화잘먹으로 속보습 가볍게 채워줌. 🌙밤에는 시카비오 크림 , 쫀쫀하고 도톰하게 발림. 다음날 아침 푹 잔듯~피부가 온천♨️다녀온듯 스파광이 남.🛁 3일 쭉~~ 저 미니 써보고 본품 바로 산거임. 넘 만족스러워서 지인들한테 영업함~ 다들 월동준비 끝ㅋ 용량도 100미리 2개라 ❄️올 겨울은 바이오더마로~~ 짱짱하게 버틸듯✨ 비슷한 계열의 장벽 보습 크림으로 라로슈포제b5, 에스트라365같은 애들 꾸준히 쓰거든요. 이런 피부 편안한데 덜 끈적거리는 더마 크림 잘맞고 좋아하시는 분들은 만족할꺼임!",https://www.oliveyoung.co.kr/store/goods/getGoodsDetail.do?goodsNo=A000000263071&dispCatNo=100000100010015&trackingCd=Cat100000100010015_Small&t_page=카테고리관&t_click=크림_전체__상품상세&t_number=17
[9월올영픽] 바이오더마 시카비오 포마드 100ml 기획(+포마드 5ml+크림 5ml+크림 SPF50 5ml),5.0,"17,511",없음,장벽 크림중에 속건조 없는 크림으로 완전 추천 다른 장벽 크림은 아무래도 유분이 더 많고 속건조가 느껴지는 경우가 디게 많은데 이거는 속건조도 별로 없어서 너무 좋은 크림 ~~~ 가격이 비싸긴한뎅 장벽 크림은 원래 다 비싸니까능 1+1세일할때 왕왕 쟁여두기 수부지가 쓰기에도 생각보다 기름지지않고 건성도 좋아했고 다들 쓰기 좋은 장벽크림 추천추천,https://www.oliveyoung.co.kr/store/goods/getGoodsDetail.do?goodsNo=A000000263071&dispCatNo=100000100010015&trackingCd=Cat100000100010015_Small&t_page=카테고리관&t_click=크림_전체__상품상세&t_number=17
[9월올영픽] 바이오더마 시카비오 포마드 100ml 기획(+포마드 5ml+크림 5ml+크림 SPF50 5ml),5.0,"17,511",건성,"파워건성템 극건성인생템 앞으로 영원히 제 크림은 이것으로 정착입니다 왜 그동안 안 썼는지 의문이에요 피부유산균 이라고도 하던데.. 네 딱이에요 피부가 건강해지는 느낌 절대 다음날까지 피부에 남아있던 크림이 없었는데 이 크림은 다음날까지 피부를 보호해주는 느낌이었어서 너무 맘에 들어요! 온천광이 생긴다는게 딱 맞는 말이고, 스킨케어 직후에만 윤광이 도는게 아니라 유지된다는 것에 감동이었습니다 다만 지성분들은 사용하면 안될거 같아요..!",https://www.oliveyoung.co.kr/store/goods/getGoodsDetail.do?goodsNo=A000000263071&dispCatNo=100000100010015&trackingCd=Cat100000100010015_Small&t_page=카테고리관&t_click=크림_전체__상품상세&t_number=17
[9월올영픽] 바이오더마 시카비오 포마드 100ml 기획(+포마드 5ml+크림 5ml+크림 SPF50 5ml),5.0,"17,511",건성,겨울이 오고있어서 건성한테 필수템인 로션임 바르고 자면 아침에 엄청 피부진정되요,https://www.oliveyoung.co.kr/store/goods/getGoodsDetail.do?goodsNo=A000000263071&dispCatNo=100000100010015&trackingCd=Cat100000100010015_Small&t_page=카테고리관&t_click=크림_전체__상품상세&t_number=17
[9월올영픽] 바이오더마 시카비오 포마드 100ml 기획(+포마드 5ml+크림 5ml+크림 SPF50 5ml),5.0,"17,511",복합성,처음에는 크게 좋은 걸 못느꼈는데 장벽 간당간당할때 쓰면 진짜 좋아요,https://www.oliveyoung.co.kr/store/goods/getGoodsDetail.do?goodsNo=A000000263071&dispCatNo=100000100010015&trackingCd=Cat100000100010015_Small&t_page=카테고리관&t_click=크림_전체__상품상세&t_number=17
[9월올영픽] 바이오더마 시카비오 포마드 100ml 기획(+포마드 5ml+크림 5ml+크림 SPF50 5ml),5.0,"17,511",건성,아주 악건성이신 어머니가 만족하시면서 사용하는 제품입니다. 자음생 크림보다도 좋다고 하시는데 사실 이 크림은 무향이고 자음생은 향으로만으로도 뭔가 아로마테라피 기능이 있는 것 같아서 기분이 좋아지는 게 있거든요. 어쨋든 이 제품은 악건성의 건조함을 잘 잡아주는 아주 좋은 보습크림입니다. 계속해서 재구매하고 있씁니다.,https://www.oliveyoung.co.kr/store/goods/getGoodsDetail.do?goodsNo=A000000263071&dispCatNo=100000100010015&trackingCd=Cat100000100010015_Small&t_page=카테고리관&t_click=크림_전체__상품상세&t_number=17
[9월올영픽] 바이오더마 시카비오 포마드 100ml 기획(+포마드 5ml+크림 5ml+크림 SPF50 5ml),5.0,"17,511",복합성,40미리 한통 다 비우고 큰 사이즈 기획으로 재구매 했습니다! 꾸덕한 제형이지만 발림성이 나쁘지 않으며 보습력이 좋아 건조함을 잘잡아줍니다! 개인적으로 시카/마데카소사이드/병풀이 들어간 제품들이 맞지 않는데 이 크림은 시카성분이 안들어가 있어서 그런지 제 피부에도 잘맞았어요 나이트용 크림으로 잘쓰고 있습니다,https://www.oliveyoung.co.kr/store/goods/getGoodsDetail.do?goodsNo=A000000263071&dispCatNo=100000100010015&trackingCd=Cat100000100010015_Small&t_page=카테고리관&t_click=크림_전체__상품상세&t_number=17
[9월올영픽] 바이오더마 시카비오 포마드 100ml 기획(+포마드 5ml+크림 5ml+크림 SPF50 5ml),5.0,"17,511",복합성,"포마드 잘맞으면 꾸준히 써보면 짱이래서 한번 도전해봅니다….. 가끔씩 뜸금없이 좁쌀여드름 왕여드름 하나씩 나다말다 하는 제가 트라이해볼게요 한달뒤에만나요 ,, 아참 빅세일 박스 포장은 이제 포기다 어휴",https://www.oliveyoung.co.kr/store/goods/getGoodsDetail.do?goodsNo=A000000263071&dispCatNo=100000100010015&trackingCd=Cat100000100010015_Small&t_page=카테고리관&t_click=크림_전체__상품상세&t_number=17
[9월올영픽] 바이오더마 시카비오 포마드 100ml 기획(+포마드 5ml+크림 5ml+크림 SPF50 5ml),5.0,"17,511",없음,"추워지는 계절에 필수품이에요. 꾸덕한 느낌이고, 저녁에 도톰하게 얹어놓고 자면 다음날 피부가 다릅니다. 피부 뒤집어졌을 때도 이거 바르고 괜찮아졌어요.",https://www.oliveyoung.co.kr/store/goods/getGoodsDetail.do?goodsNo=A000000263071&dispCatNo=100000100010015&trackingCd=Cat100000100010015_Small&t_page=카테고리관&t_click=크림_전체__상품상세&t_number=17
[헬로키티 테리백 증정/리뷰이벤트/산리오] 에스네이처 아쿠아 오아시스 수분 젤크림 90ml 기획 (+헬로키티 러기지택),5.0,"7,438",건성,에스네이처X산리오 콜라보라니..💖 평소에 잘 쓰는 에스네이처 제품들에 키티 있는거 보고 바로 구매 갈겼어요❤️‍🔥 스쿠알란 수분크림 써보고 넘 죠아서 젤크림도 써봤었는데 역시 좋더라구요..💕 LDM 디바이스 돌릴때 젤크림 바르고 하면 피부가 쫀쫀해지고 수분이 넘쳐요🫶🏻 키티 러기지택 넘 감다살..😻 키티 덕후는 행복합니다. 에스네이처 사랑해요🎀✨,https://www.oliveyoung.co.kr/store/goods/getGoodsDetail.do?goodsNo=A000000264149&dispCatNo=100000100010015&trackingCd=Cat100000100010015_Small&t_page=카테고리관&t_click=크림_전체__상품상세&t_number=18
[헬로키티 테리백 증정/리뷰이벤트/산리오] 에스네이처 아쿠아 오아시스 수분 젤크림 90ml 기획 (+헬로키티 러기지택),5.0,"7,438",복합성,말그대로 수딩젤이에요. 투명하고 물젤리같은 느낌에 펴바르면 피부에 삭 스미는 타입이라 끈적임같은건 있을 수도 없네요ㅎ 음 수분크림보다는 더 가볍고 워터리해서 속당김이 좀 있거나 건조하다 느껴진다면 모든 스킨케어를 다 마치고 (보습제까지) 그위에 마지막에 도톰하게 수딩젤 올려주고자고일어나보세요. 완전 꿀이에여ㅎㅎ,https://www.oliveyoung.co.kr/store/goods/getGoodsDetail.do?goodsNo=A000000264149&dispCatNo=100000100010015&trackingCd=Cat100000100010015_Small&t_page=카테고리관&t_click=크림_전체__상품상세&t_number=18
[헬로키티 테리백 증정/리뷰이벤트/산리오] 에스네이처 아쿠아 오아시스 수분 젤크림 90ml 기획 (+헬로키티 러기지택),5.0,"7,438",없음,"평소 스킨케어 할때 너무 무겁지 않은 제형 선호하는데, 이 제품은 제가 딱 기대한 제형이었어요! 젤 타입이라 수분감 있게 촉촉하게 발리는 편이에용 굿! 손등에 발라봤을 때 처음에는 탱글한 젤 제형인데 문지르면 금방 부드럽게 펴 발리고, 흡수된 뒤에는 겉에 끈적임이 많이 남지 않고 적당히 쫀득해서 화장 전에 바르기에도 좋을거같아요 화잘먹 수분크림으로도 추천... 요즘같이 더운 날이나 운동하고 얼굴에 열감이 느껴질 때 가볍게 사용하기 좋을 것 같아요. 향도 부담스럽지 않고 양도 90ml로 용량도 넉넉해서 얼굴뿐 아니라 목까지 넉넉하게 바를 수 있다는 점도 굿굿굿 휘뚜루마뚜루 데일리 화잘먹 수분크림 찾는 분들께 추천드립니다아",https://www.oliveyoung.co.kr/store/goods/getGoodsDetail.do?goodsNo=A000000264149&dispCatNo=100000100010015&trackingCd=Cat100000100010015_Small&t_page=카테고리관&t_click=크림_전체__상품상세&t_number=18
[헬로키티 테리백 증정/리뷰이벤트/산리오] 에스네이처 아쿠아 오아시스 수분 젤크림 90ml 기획 (+헬로키티 러기지택),5.0,"7,438",복합성,하나 다 쓰고 새로샀어요! 수분채우기에좋고 두번 레이어링해도 부담없는 제형,https://www.oliveyoung.co.kr/store/goods/getGoodsDetail.do?goodsNo=A000000264149&dispCatNo=100000100010015&trackingCd=Cat100000100010015_Small&t_page=카테고리관&t_click=크림_전체__상품상세&t_number=18
[헬로키티 테리백 증정/리뷰이벤트/산리오] 에스네이처 아쿠아 오아시스 수분 젤크림 90ml 기획 (+헬로키티 러기지택),5.0,"7,438",건성,피부개선해보려고 샀는데 좋은거같아요 재구매의사있습니다,https://www.oliveyoung.co.kr/store/goods/getGoodsDetail.do?goodsNo=A000000264149&dispCatNo=100000100010015&trackingCd=Cat100000100010015_Small&t_page=카테고리관&t_click=크림_전체__상품상세&t_number=18
[헬로키티 테리백 증정/리뷰이벤트/산리오] 에스네이처 아쿠아 오아시스 수분 젤크림 90ml 기획 (+헬로키티 러기지택),5.0,"7,438",건성,가성비좋아보여서 샀는데 나쁘지않은거같아욤 재구매의사있음,https://www.oliveyoung.co.kr/store/goods/getGoodsDetail.do?goodsNo=A000000264149&dispCatNo=100000100010015&trackingCd=Cat100000100010015_Small&t_page=카테고리관&t_click=크림_전체__상품상세&t_number=18
[헬로키티 테리백 증정/리뷰이벤트/산리오] 에스네이처 아쿠아 오아시스 수분 젤크림 90ml 기획 (+헬로키티 러기지택),5.0,"7,438",건성,가볍게 쓰기 좋은거 같아요 매일사용중인데 잡티안생기고 괜찮아요,https://www.oliveyoung.co.kr/store/goods/getGoodsDetail.do?goodsNo=A000000264149&dispCatNo=100000100010015&trackingCd=Cat100000100010015_Small&t_page=카테고리관&t_click=크림_전체__상품상세&t_number=18
[헬로키티 테리백 증정/리뷰이벤트/산리오] 에스네이처 아쿠아 오아시스 수분 젤크림 90ml 기획 (+헬로키티 러기지택),5.0,"7,438",없음,에스네이처 원래 좋아하는 브랜드인데 키티랑 콜라보 해서 너무 신나버렷 이것저것 하다보니 너무 쌓여버림 성분 너무 좋고 사용감 좋고,https://www.oliveyoung.co.kr/store/goods/getGoodsDetail.do?goodsNo=A000000264149&dispCatNo=100000100010015&trackingCd=Cat100000100010015_Small&t_page=카테고리관&t_click=크림_전체__상품상세&t_number=18
[헬로키티 테리백 증정/리뷰이벤트/산리오] 에스네이처 아쿠아 오아시스 수분 젤크림 90ml 기획 (+헬로키티 러기지택),5.0,"7,438",없음,동생이 평소에 사용하는 크림이라 부탁받고 구매했습니다 지성인데. 이게 제일 좋다고 요즘 잘 즐겨 쓰더라고요. 저도 샘플을 한번 써 본 적 있는데 제형이 젤타입이라 정말 가볍고 가벼움에 비해 촉촉함이 월등한 편이라 사용하기 좋았습니다. 저도 다음 여름엔 구매해서 쓰려고요.,https://www.oliveyoung.co.kr/store/goods/getGoodsDetail.do?goodsNo=A000000264149&dispCatNo=100000100010015&trackingCd=Cat100000100010015_Small&t_page=카테고리관&t_click=크림_전체__상품상세&t_number=18
[헬로키티 테리백 증정/리뷰이벤트/산리오] 에스네이처 아쿠아 오아시스 수분 젤크림 90ml 기획 (+헬로키티 러기지택),5.0,"7,438",복합성,수분감있는 촉촉한 크림이에요. 피부 뒤집어졌을때 아침에 가볍게 바르기 좋고 열감진정에 효과적인 것 같아요,https://www.oliveyoung.co.kr/store/goods/getGoodsDetail.do?goodsNo=A000000264149&dispCatNo=100000100010015&trackingCd=Cat100000100010015_Small&t_page=카테고리관&t_click=크림_전체__상품상세&t_number=18
도미나스 크림 Rx 30ml 대용량 한정기획 (+20ml),5.0,"1,645",건성,"당장 이 기미 달램 고약에 상을 내리거라! 👑✨ 이 사또, 직접 써 보니 꾸준함이 헛되지 않음을 몸소 깨닫게 한 물건이로다. 얼굴에 펴 바르니 질감이 부드럽고 자극이 심하지 아니하여 아침저녁으로 부담 없이 바르기 좋았도다. 😌 이 사또, 예전에는 거울 앞에서 기미를 노려보기만 하였거늘, 이제는 이 고약부터 바르고 기미가 먼저 눈치를 보는 듯하구나. 😏 무엇보다 꾸준히 쓰다 보니 얼굴빛이 한결 깨끗하게 정돈되는 느낌이 들어 거울을 볼 때마다 괜스레 입꼬리가 올라갔도다. 더구나 작은 고약까지 함께 들어 있으니 큰 것은 집에 두고 작은 것은 보따리에 넣어 다니며 틈날 때마다 챙겨 바르기에도 제법 요긴하였구나. 이에 평하건대, 꾸준한 관리로 맑은 얼굴빛을 가꾸고 싶은 이들이라면 기꺼이 들여볼 만한 고약이라 전하노라! 👑✨",https://www.oliveyoung.co.kr/store/goods/getGoodsDetail.do?goodsNo=A000000264646&dispCatNo=100000100010015&trackingCd=Cat100000100010015_Small&t_page=카테고리관&t_click=크림_전체__상품상세&t_number=19
도미나스 크림 Rx 30ml 대용량 한정기획 (+20ml),5.0,"1,645",지성,"حبيبي. (하비비, 내 친구.) 나는 중동에서 온 재벌이다 어머니가 또 달라고 하셨다. 할머니도. 이모도. 그래서 오늘 또 샀다, 태극제약 도미나스 크림 Rx. 재벌이지만 가격에 당황 조금 했습니다. 기미, 잡티, 색소침착 관리하는 크림 하지만 이런 건 재벌에게 필요한 효도. 정말 어머니는 효과있었습니다. 그래서 소량씩 필요한 부위 중심으로 발라줍니다. 특히 신경 쓰이는 부분에 집중 관리하기 좋았습니다. 그리고 30ml 단품도 있지만 이번 기획은 7ml가 추가라서 마음에 듭니다. 재벌이지만 작은 것도 공짜로 주면 기분이 좋습니다. الحمد لله (알함둘릴라) 어머니가 뭔가 바른 부분만 밝아진것같아서 기분이 좋다고 하셨다. 아마 또 사드려야할것같다.",https://www.oliveyoung.co.kr/store/goods/getGoodsDetail.do?goodsNo=A000000264646&dispCatNo=100000100010015&trackingCd=Cat100000100010015_Small&t_page=카테고리관&t_click=크림_전체__상품상세&t_number=19
도미나스 크림 Rx 30ml 대용량 한정기획 (+20ml),5.0,"1,645",건성,"당장 이 기미 달램 고약에 상을 내리거라! 👑✨ 이 사또, 한 달 남짓 꾸준히 써 보니 이는 상을 내리지 아니하면 괜히 마음이 불편한 물건이로다. 얼굴에 펴 바르니 자극이 심하지 아니하여 아침저녁으로 꾸준히 바르기 좋았고 부담 없이 손이 자주 가게 되었도다. 😌 이 사또, 예전에는 사흘 쓰고 닷새 쉬기를 반복하였거늘, 이 고약은 순하게 쓰기 좋아 게으른 이 사또도 한 달을 착실히 채우게 만들었구나. 😏 무엇보다 꾸준히 바르다 보니 거울을 볼 때마다 얼굴빛이 한결 정돈되는 느낌이 들어 변화가 조금씩 눈에 보이니 더욱 손을 놓을 수 없었도다. 더구나 덤으로 작은 고약까지 함께 들어 있으니 큰 것은 집에 두고 작은 것은 보따리에 넣어 다니며 빠뜨리지 않고 바르기에도 제법 요긴하였구나. 이에 평하건대, 자극은 덜고 꾸준한 관리로 살결을 가꾸고 싶은 이들이라면 기꺼이 들여볼 만한 고약이라 전하노라! 👑✨",https://www.oliveyoung.co.kr/store/goods/getGoodsDetail.do?goodsNo=A000000264646&dispCatNo=100000100010015&trackingCd=Cat100000100010015_Small&t_page=카테고리관&t_click=크림_전체__상품상세&t_number=19
도미나스 크림 Rx 30ml 대용량 한정기획 (+20ml),5.0,"1,645",복합성,"엄ㅁ마 선물로 구매했어요 이 제품 사드렸는데 엄마두 도미나스 브랜드를 아시더라구요? 예전에 나온 브랜드인 듯,,, 근데 지금까지 살아있는 것 보면 효과는 말해뭐햐... 아직 일주일도 안써봐서 효과는 잘 모르지만 벌써 느낌이 좋아요!!! 증정도 2개나 챙겨주고😍😍 제 리뷰가 도움이 되셨다면 좋아요 버튼👍 부탁드려요😍😍",https://www.oliveyoung.co.kr/store/goods/getGoodsDetail.do?goodsNo=A000000264646&dispCatNo=100000100010015&trackingCd=Cat100000100010015_Small&t_page=카테고리관&t_click=크림_전체__상품상세&t_number=19
도미나스 크림 Rx 30ml 대용량 한정기획 (+20ml),4.0,"1,645",지성,🖤태극제약 도미나스 크림 Rx 30ml기획🖤 요즘 기미잡티 색소침착 너무 고민이라서 구매했어용! 기획제품은 본품 30ml + 7ml에요 거기다가 도미나스 크림 구매시 7ml 1개 증정 1개까지 더 증정되서 마음에 들어요 :) 7ml짜리 2개나 생김!ㅎㅎ 여행갈때 챙겨가기 딱! 좋아용 꾸준히 발라볼게용 :) 소비기한 본품 20290428까지 증정 7ml 20290427까지 넉넉해서 좋아요~! 🖤한달사용후기🖤 저녁 스킨케어 마지막 단계에서 도톰하게 바르고 자고 있는데 아직까지는 드라마틱한 효과는 없어요 ㅠ 더 꾸준히 써볼게요~!,https://www.oliveyoung.co.kr/store/goods/getGoodsDetail.do?goodsNo=A000000264646&dispCatNo=100000100010015&trackingCd=Cat100000100010015_Small&t_page=카테고리관&t_click=크림_전체__상품상세&t_number=19
도미나스 크림 Rx 30ml 대용량 한정기획 (+20ml),5.0,"1,645",없음,여름이라그런지 감춰있던 기미가 종종 올라오더라구요 가을되면더 심할것 같아서 예방용으로 구매했어요 세안 후 기초 케어를 마친 뒤 얼굴 전체에 얇게 펴 발라주고 특히 좀더 기미때문에 건조하게 느껴지는 부위에는 조금 더 덧발라 사용했어요 바르고 나면 촉촉함이 남으면서 피부가 매끈하게 정돈된 느낌이 들었고 밤에 사용하기에도 꽤 괜찮았어요,https://www.oliveyoung.co.kr/store/goods/getGoodsDetail.do?goodsNo=A000000264646&dispCatNo=100000100010015&trackingCd=Cat100000100010015_Small&t_page=카테고리관&t_click=크림_전체__상품상세&t_number=19
도미나스 크림 Rx 30ml 대용량 한정기획 (+20ml),5.0,"1,645",건성,"벌써 세 번째 재구매해서 사용 중인 내돈내산 찐 애정템이에요! 기미나 잡티 고민 때문에 꾸준히 써보고 있는데, 확실히 피부가 톤업되면서 짙었던 잡티가 옅어지는 게 눈으로 보여서 이제는 없으면 불안할 정도입니다. 리치하면서도 쫀쫀한 제형이라 저녁에 스킨케어 마지막 단계에서 집중적으로 발라주고 있어요. 자극 없이 부드럽게 흡수되고 밤새 영양감을 채워주는 느낌이라 아침에 일어났을 때 피부 결도 훨씬 매끄러워진 게 느껴져요. 기미나 옅은 잡티로 고민이신 분들이라면 매일 저녁 꾸준히 바르는 관리템으로 정말 추천해 드리고 싶어요. 앞으로도 계속 안고 갈 재구매 필수템입니다!",https://www.oliveyoung.co.kr/store/goods/getGoodsDetail.do?goodsNo=A000000264646&dispCatNo=100000100010015&trackingCd=Cat100000100010015_Small&t_page=카테고리관&t_click=크림_전체__상품상세&t_number=19
도미나스 크림 Rx 30ml 대용량 한정기획 (+20ml),5.0,"1,645",복합성,기미 치료하려면 하이드로퀴논 성분 들어가야하는거 아시쥬? 근데 너무 강력한 자극이라 국소부위에만 / 밤에만 약국템 도미나크림 발라야하는거 아시쥬? 그리고 고민부위 외 나머지 부위는 이런 도미나스크림 발라주면 됩니다. TX퀴논 8%라고 되어있는데 이건 하이드로퀴논과는 완전 다른 성분이예요. 그냥 나이아신아마이드로 미백 주름개선 인정받았다고 생각하시는게 마음 편하실거예요. 낮에 발라도 되는 크림이고 물론 자외선차단제 무조건 써줘야 합니다!,https://www.oliveyoung.co.kr/store/goods/getGoodsDetail.do?goodsNo=A000000264646&dispCatNo=100000100010015&trackingCd=Cat100000100010015_Small&t_page=카테고리관&t_click=크림_전체__상품상세&t_number=19
도미나스 크림 Rx 30ml 대용량 한정기획 (+20ml),5.0,"1,645",없음,용량이 작은거 같으면서도 미니 용량이 추가되어 넉넉해요 기미와 잡티가 신경 쓰이는 부위에 집중해서 바르기 편했고 크림 제형이라 스킨케어 마지막 단계에 사용하기에도 괜찮았어요 꾸덕하거나 무겁게 남는 느낌이 심하지 않으면서 피부가 촉촉하게 발려요,https://www.oliveyoung.co.kr/store/goods/getGoodsDetail.do?goodsNo=A000000264646&dispCatNo=100000100010015&trackingCd=Cat100000100010015_Small&t_page=카테고리관&t_click=크림_전체__상품상세&t_number=19
도미나스 크림 Rx 30ml 대용량 한정기획 (+20ml),2.0,"1,645",건성,한달사용리뷰. 예민보스라 자극있음 어떡하나 했는데 약국템이랑은 달라서 그런지몰라도 자극없고 발림성도 좋아요. 글고 생각보다 많이 번들거리진 않지만 잔뜩 많이 바름 나중에 때처럼 밀리는 너낌~ 그리고 무엇보다 냄새가 윽ㅠ 개인적으로 완전 불호에요. 얼굴엔 아예 바를 엄두도 못내고 걍 겨드랑이에만 쓰고 있어요. 한달써봤는데 효과는 아직 모르겠어요. 한통 다 써봐야겠어요~,https://www.oliveyoung.co.kr/store/goods/getGoodsDetail.do?goodsNo=A000000264646&dispCatNo=100000100010015&trackingCd=Cat100000100010015_Small&t_page=카테고리관&t_click=크림_전체__상품상세&t_number=19
"[흔적,기미,미백/TXA] 셀리맥스 트라넥삼산 잡티 크림 35ml 기획 (+14ml)",5.0,"2,574",복합성,"✨️피부타입: 여름쿨톤/라이트톤/수부지/모공부자/피지/트러블/민감성/21호 ✨️리뷰 함께 온 리필 먼저 사용해보고 있는데 자극, 트러블 전혀 없고 목이나 얼굴에 착색된 부분에 미백 효과 기대하면서 열심히 써보고 있어요. ✨️팁 ✔️얼굴, 목 등 주름,미백 관리 필요한 부분에 사용 결론: 추천템✅️ 후회템🟩 두고볼템🟩 도움이 되셨다면 눌러주세요⬇️",https://www.oliveyoung.co.kr/store/goods/getGoodsDetail.do?goodsNo=A000000253592&dispCatNo=100000100010015&trackingCd=Cat100000100010015_Small&t_page=카테고리관&t_click=크림_전체__상품상세&t_number=20
"[흔적,기미,미백/TXA] 셀리맥스 트라넥삼산 잡티 크림 35ml 기획 (+14ml)",5.0,"2,574",지성,한줄평 : 잡티 선제적 관리 목적으로 추천/보습력 좋고 자극없음 주름개선제품도 주름 없을 때부터 써야하는 것 처럼 기미 없을 때 미리 이런 크림 발라야한다고 생각해서 산건데 전 만족해용 글구 뭔가.. 흔적들이 정리된 느낌. 막 삭제되기보다는 테두리 부분들이 줄어든 느낌 그래서 그런지 전반적으로 톤 정리+ 그리고 수분 채워주니 컨디션이 좋아져서 상대적으로 피부가 맑아보임¡+ 제형은 꾸덕하긴 한데 펴바르기 어려울 정도로 꾸덕하지 않아서 마무리 크림용으로 좋은 것 같아요 사용감은 수부지가 환절기 바르기 좋은 정도의 보습력. 단 폭염 장마엔 안발랐어요 건성은 여름에 쓰시기 좋을 듯 아무래도 여름에 많이들 바르실테니 건성분들이 잘 맞으실 듯,https://www.oliveyoung.co.kr/store/goods/getGoodsDetail.do?goodsNo=A000000253592&dispCatNo=100000100010015&trackingCd=Cat100000100010015_Small&t_page=카테고리관&t_click=크림_전체__상품상세&t_number=20
"[흔적,기미,미백/TXA] 셀리맥스 트라넥삼산 잡티 크림 35ml 기획 (+14ml)",5.0,"2,574",없음,매일 열심히 바르고 있어서 소진 빨라 재구매했어요~ 꾸덕하지 않고 수분감 느껴질 정도로 발림성이 부드럽고 피부에 흡수가 잘되어서 좋아요~ 티가 고민인 부위에 꾸준히 발라주었을 때 거뭇한 흔적이나 자극받은 붉은기가 서서히 맑아지는 듯한 진정 효과를 느꼈습니다.,https://www.oliveyoung.co.kr/store/goods/getGoodsDetail.do?goodsNo=A000000253592&dispCatNo=100000100010015&trackingCd=Cat100000100010015_Small&t_page=카테고리관&t_click=크림_전체__상품상세&t_number=20
"[흔적,기미,미백/TXA] 셀리맥스 트라넥삼산 잡티 크림 35ml 기획 (+14ml)",5.0,"2,574",복합성,"셀리맥스 제품이 처음엔 트러블에 유명해서 사용하다가, 이번에 새로생긴 기미+잡티들때문에 요 제품 구매해보았어요! 트라넥삼산이 기미와 색소침착이 옅어지는데 도움이 되는 성분이라고 하던데 꾸준히 바르면 효과가 있을것같아요~! 촉촉하고 자극도 느껴지지 않아 만족합니다! :) 휴대용도 두개나 있어서 좋아요!!",https://www.oliveyoung.co.kr/store/goods/getGoodsDetail.do?goodsNo=A000000253592&dispCatNo=100000100010015&trackingCd=Cat100000100010015_Small&t_page=카테고리관&t_click=크림_전체__상품상세&t_number=20
"[흔적,기미,미백/TXA] 셀리맥스 트라넥삼산 잡티 크림 35ml 기획 (+14ml)",5.0,"2,574",복합성,셀리맥스 트라넥삼산 잡티 크림 사용해봤는데 촉촉하면서도 부담스럽지 않은 사용감이라 데일리로 바르기 좋았어요. 크림 제형이 부드럽게 펴 발리고 피부에 밀림 없이 잘 흡수되는 편이라 아침저녁 스킨케어 마지막 단계에 사용하고 있습니다. 꾸준히 사용하다 보니 피부가 칙칙해 보일 때 관리해주기 좋고 전체적으로 피부톤이 한층 균일하고 깔끔해 보이는 느낌이 들어 만족스러워요. 너무 무겁거나 끈적이는 타입이 아니라 여러 번 덧발라도 부담이 적었습니다. 35ml 본품에 14ml까지 추가 구성이라 넉넉하게 사용할 수 있는 점도 마음에 들어요. 잡티와 칙칙한 피부톤이 고민되어 꾸준히 관리할 제품을 찾고 있다면 사용해볼 만한 제품인 것 같아요.,https://www.oliveyoung.co.kr/store/goods/getGoodsDetail.do?goodsNo=A000000253592&dispCatNo=100000100010015&trackingCd=Cat100000100010015_Small&t_page=카테고리관&t_click=크림_전체__상품상세&t_number=20
"[흔적,기미,미백/TXA] 셀리맥스 트라넥삼산 잡티 크림 35ml 기획 (+14ml)",5.0,"2,574",복합성,셀리맥스 기능성 크림 잘 하네요..🫶🏻 이번 여름 진짜 너무 덥고 햇빛도 세서 잡티가 많이 생겼는데 이거 꾸준히 발라주니까 확실히 맑아졌어요!! 사용 한지 하루 이틀 정도 됐을 때는 잘 몰랐었는데 한 달을 꾸준히 사용해주니까 뭔가 맑아진 기분이 들어요💦 트라넥삼산 말고 레티놀도 구매해 봤는데 너무 기대 돼요!! 저 되게 민감성인데 이거 쓰고 트러블 없었습니다👍🏻,https://www.oliveyoung.co.kr/store/goods/getGoodsDetail.do?goodsNo=A000000253592&dispCatNo=100000100010015&trackingCd=Cat100000100010015_Small&t_page=카테고리관&t_click=크림_전체__상품상세&t_number=20
"[흔적,기미,미백/TXA] 셀리맥스 트라넥삼산 잡티 크림 35ml 기획 (+14ml)",5.0,"2,574",복합성,여드름흉터자국이 심해서 발라주고있는데 촉촉하게 잘 스며드는 마무리감 때문에 손이 자주 갑니다. 샐리맥스 세럼이랑 같이 사용해도 좋지만 비타민c앰플을 흡수시켜주고 크림 발라주면 더 효과가 좋은 것 같아요ㅎㅎ 꾸준히 저녁마다 챙겨발라주고있습니다!,https://www.oliveyoung.co.kr/store/goods/getGoodsDetail.do?goodsNo=A000000253592&dispCatNo=100000100010015&trackingCd=Cat100000100010015_Small&t_page=카테고리관&t_click=크림_전체__상품상세&t_number=20
"[흔적,기미,미백/TXA] 셀리맥스 트라넥삼산 잡티 크림 35ml 기획 (+14ml)",5.0,"2,574",복합성,최근에 햇빛에 많이 노출되서 눈가에 기미 잡티가 심해져서 구매했어요. 트라넥삼산이 꾸준히 바르면 좋다고해서 매일 꾸준히 발라주고 있어요. 발림성도 부드럽고 많이 옅어진거 같아서 당분간은 셀리맥스로 정착했어요!!,https://www.oliveyoung.co.kr/store/goods/getGoodsDetail.do?goodsNo=A000000253592&dispCatNo=100000100010015&trackingCd=Cat100000100010015_Small&t_page=카테고리관&t_click=크림_전체__상품상세&t_number=20
"[흔적,기미,미백/TXA] 셀리맥스 트라넥삼산 잡티 크림 35ml 기획 (+14ml)",5.0,"2,574",복합성,"거뭇하게 신경 쓰이는 흔적들을 꾸준히 케어하려고 구매했는데, 자극 없이 부드럽게 스며들면서 피부톤이 점차 맑아지는 게 느껴져요. 넉넉한 증정 기획 구성까지 더해져서 아침저녁으로 듬뿍 바르며 관리하기 정말 좋습니다.",https://www.oliveyoung.co.kr/store/goods/getGoodsDetail.do?goodsNo=A000000253592&dispCatNo=100000100010015&trackingCd=Cat100000100010015_Small&t_page=카테고리관&t_click=크림_전체__상품상세&t_number=20
"[흔적,기미,미백/TXA] 셀리맥스 트라넥삼산 잡티 크림 35ml 기획 (+14ml)",1.0,"2,574",건성,진짜 한달 넘게 꾸준히 사용했지만 효과 1도 없음. 얼굴이며 풀꿈치며..역시 인스타 광고는 걸러야한다는 교훈을 얻음,https://www.oliveyoung.co.kr/store/goods/getGoodsDetail.do?goodsNo=A000000253592&dispCatNo=100000100010015&trackingCd=Cat100000100010015_Small&t_page=카테고리관&t_click=크림_전체__상품상세&t_number=20
[손상장벽MD] 동국제약 마데카셀 베리어 엠디 크림 70g (의료기기),5.0,"2,839",복합성,이번에 스크럽 마스크랑 액티브 너무 많이 써서 코랑 볼 주변이 다 까졌는데 그쪽 부분에 바르려고 샀어요 뭐만 닿아도 따끔거리길래 순한 크림이 필요했네요… 너무 과하게 꾸덕거리지 않고 크림 제형답게 부드럽게 잘 발려요. 일주일 정도 바르니까 느슨히 가라앉아서 조금 더 바르면 될 것 같아요. 용량도 많아서 편하게 쓰기 너무 좋네요,https://www.oliveyoung.co.kr/store/goods/getGoodsDetail.do?goodsNo=A000000249659&dispCatNo=100000100010015&trackingCd=Cat100000100010015_Small&t_page=카테고리관&t_click=크림_전체__상품상세&t_number=21
[손상장벽MD] 동국제약 마데카셀 베리어 엠디 크림 70g (의료기기),5.0,"2,839",없음,써봤는데 손상된 장벽 케어에 진짜 잘 맞았어요🥹! 바르고 나면 피부가 편안하게 진정되면서 장벽이 단단해지는 느낌이 들어요. 순하고 자극 없이 사용할 수 있어서 민감한 날에도 부담 없이 바를 수 있었어요. 촉촉하게 보습을 채워주면서도 끈적임 없이 산뜻하게 마무리돼서 데일리로 쓰기 좋더라고요 장벽이 약하고 예민한 피부 때문에 고민이신 분들께 추천해요. 요즘 매일 아침저녁으로 바르고 있는데 피부 컨디션이 많이 안정된 느낌이에요~,https://www.oliveyoung.co.kr/store/goods/getGoodsDetail.do?goodsNo=A000000249659&dispCatNo=100000100010015&trackingCd=Cat100000100010015_Small&t_page=카테고리관&t_click=크림_전체__상품상세&t_number=21
[손상장벽MD] 동국제약 마데카셀 베리어 엠디 크림 70g (의료기기),5.0,"2,839",복합성,"평소 피부가 극건성에 당김이 있어서 MD크림을 썼었는데요 일반 화장품보다 확실히 의료기기 인증 받은 제품이 순하고 보습이 잘 되더라구요. 마데카셀 베리어 엠디크림은 딱 제가 찾던 크림입니다! 화장 전에 발라주면 하루종일 보습이 잘 되구요.밤에 자기 전에 바르고 자면 뽀송합니다!너무나 만족하는 제품이고 극건성, 또는 민감성 피부에 추천합니다",https://www.oliveyoung.co.kr/store/goods/getGoodsDetail.do?goodsNo=A000000249659&dispCatNo=100000100010015&trackingCd=Cat100000100010015_Small&t_page=카테고리관&t_click=크림_전체__상품상세&t_number=21
[손상장벽MD] 동국제약 마데카셀 베리어 엠디 크림 70g (의료기기),5.0,"2,839",복합성,제가 피부가 안좋아서 의료기기크림이 필수템인데 피부과거 올영거 웬만한건 거의 다 써봤거든요 마데카셀은 연고도 그렇고 약간 묽고 쫀쫀한 편이라 여기저기 바르는 저는 오히려 사용감이 맘에 들어요 너무 꾸덕하면 어쩔땐 오히러 간지럽거든요 가볍다고 건조한건 아니고 쫀쫀 편하게 잘 유지되고요 아무튼 자극없이 순하고 피부 진정 잘됩니다 좋아오,https://www.oliveyoung.co.kr/store/goods/getGoodsDetail.do?goodsNo=A000000249659&dispCatNo=100000100010015&trackingCd=Cat100000100010015_Small&t_page=카테고리관&t_click=크림_전체__상품상세&t_number=21
[손상장벽MD] 동국제약 마데카셀 베리어 엠디 크림 70g (의료기기),5.0,"2,839",건성,"""판매자에게 제품비 일부를 지원받았지만 저의 솔직한 후기입니다."" 환절기라 피부 장벽이 무너지고 붉은 기가 자주 올라와서 구매했는데 정말 만족스럽습니다. 의료기기 인증을 받은 MD 크림답게 성분이 순해서 트러블이나 따가움 없이 편안하게 흡수돼요. 너무 무겁거나 답답한 유분감 없이 부드럽게 펴 발리고, 겉돌지 않고 피부 보호막을 씌워주는 느낌입니다. 저녁에 듬뿍 바르고 자면 다음 날 아침까지 건조함 없이 피부가 진정되어 있어서 데일리 장벽 크림으로 꾸준히 손이 가네요. 민감성 피부나 레이저/압출 후 진정용으로 강력 추천합니다.",https://www.oliveyoung.co.kr/store/goods/getGoodsDetail.do?goodsNo=A000000249659&dispCatNo=100000100010015&trackingCd=Cat100000100010015_Small&t_page=카테고리관&t_click=크림_전체__상품상세&t_number=21
[손상장벽MD] 동국제약 마데카셀 베리어 엠디 크림 70g (의료기기),5.0,"2,839",없음,환절기에 피부가 예민하고 건조해질 때 사용하기 좋은 진정 장벽 크림 발림성이 부드럽고 흡수가 빠른 편이라 끈적하게 남지 않아서 굿굿..!! 양 조절 잘하면 무겁지 않아서 아침저녁으로 데일리 사용하기 좋고 환절기 크림으로 무난함,https://www.oliveyoung.co.kr/store/goods/getGoodsDetail.do?goodsNo=A000000249659&dispCatNo=100000100010015&trackingCd=Cat100000100010015_Small&t_page=카테고리관&t_click=크림_전체__상품상세&t_number=21
[손상장벽MD] 동국제약 마데카셀 베리어 엠디 크림 70g (의료기기),5.0,"2,839",건성,판테놀 중심의 장벽 크림이에요 근데 엄청 꾸덕한 제형은 아니고 부드러운 느낌의 크림이라서 발림성 좋고 흡수도 빨라요 그냥 피부에 편하게 바르기 좋은 느낌!,https://www.oliveyoung.co.kr/store/goods/getGoodsDetail.do?goodsNo=A000000249659&dispCatNo=100000100010015&trackingCd=Cat100000100010015_Small&t_page=카테고리관&t_click=크림_전체__상품상세&t_number=21
[손상장벽MD] 동국제약 마데카셀 베리어 엠디 크림 70g (의료기기),5.0,"2,839",복합성,임산부가 쓰기에도 순합니다! 배 튼살 방지에도 좋고 피부 장벽 약해졌을 때도 좋아요~! 진짜 한 통 거의 다 썼는데 재재재구매할 것 같아요 ㅎ 이거 쓰고 트러블 난 적은 없어용 이거 말고 연고도 좋아요 😆,https://www.oliveyoung.co.kr/store/goods/getGoodsDetail.do?goodsNo=A000000249659&dispCatNo=100000100010015&trackingCd=Cat100000100010015_Small&t_page=카테고리관&t_click=크림_전체__상품상세&t_number=21
[손상장벽MD] 동국제약 마데카셀 베리어 엠디 크림 70g (의료기기),5.0,"2,839",건성,피부에 쫀득하세 스며드는 크림제형이에요!! 동국제약 마데카셀 베리어 엠디크림 너무 무겁지도 가볍지도 않고 딱 쫀쫀해서 스킨케어 마무리 단계 바르기 조아요~~~ 완전 만족함니다,https://www.oliveyoung.co.kr/store/goods/getGoodsDetail.do?goodsNo=A000000249659&dispCatNo=100000100010015&trackingCd=Cat100000100010015_Small&t_page=카테고리관&t_click=크림_전체__상품상세&t_number=21
[손상장벽MD] 동국제약 마데카셀 베리어 엠디 크림 70g (의료기기),5.0,"2,839",건성,"요즘 피부가 건조하고 예민해져서 장벽 관리용으로 사용해봤어요. 크림 제형이라 필요한 부위에 부드럽게 펴 바르기 좋고, 바른 뒤에는 피부를 보호막처럼 감싸주는 느낌이라 만족스러웠어요. 특히 손상된 피부 장벽이나 피부 염증 부위에 사용하는 의료기기라 일반 보습크림과는 조금 다르게 느껴졌고, 건조해서 자극받은 부분을 집중적으로 관리하기 좋았어요. 꾸준히 사용해보니 피부가 한결 편안하고 촉촉하게 유지되는 느낌이에요. 70g이라 필요한 부위에 넉넉하게 사용하기 좋고, 피부 컨디션이 떨어졌을 때 하나쯤 두고 사용하기 괜찮은 제품이라 만족합니다 :)",https://www.oliveyoung.co.kr/store/goods/getGoodsDetail.do?goodsNo=A000000249659&dispCatNo=100000100010015&trackingCd=Cat100000100010015_Small&t_page=카테고리관&t_click=크림_전체__상품상세&t_number=21
[한정수량] 라로슈포제 시카플라스트 밤 B5+ 200ml기획 (+1.5ml+시카토너50ml+히알루세럼1.5ml),5.0,"39,952",복합성,"기록하노라. 본인은 이 재생크림을 매일 밤 잠들기 전 꾸준히 사용하고 있으니 이제는 자기 전 바르는 것이 자연스러운 습관이 되었노라. 제형은 아무래도 재생크림답게 조금 묵직한 느낌이 있으나 욕심내어 두껍게 올리지 않고 얇게 펴 발라주면 답답함은 덜하고 피부에는 촉촉함이 남아 만족스러웠노라. 특히 밤에 스킨케어를 마무리하며 얇게 한 겹 올려주면 다음 날까지 피부가 편안하고 촉촉한 느낌이 들어 손이 자주 갔노라. 본인은 매일 사용해도 만족도가 높았기에 다 사용하고 나면 고민 없이 다시 들일 예정이며, 이미 본인에게는 확실한 재구매템으로 자리 잡았노라. 다만 지성 피부라면 조금 무겁게 느껴질 수도 있으니 시어버터가 들어간 더 무거운 밤 제형보다는 크림 제형을 함께 살펴보기를 권하노라. 또한 티트리 오일로 화상을 입었으나 이 물건 덕분에 3일만에 피부가 복구되었도다. 화장품 실록 평결 — 조금 묵직하나 얇게 바르면 촉촉함만 남으니 매일 밤 찾게 되는 재생크림으로 본인은 기꺼이 재구매하리라 기록하노라. 리뷰가 도움이 되었노라면 ❣️도움이 되었어요❣️한 번씩 눌러주시면 감사하겠노라.",https://www.oliveyoung.co.kr/store/goods/getGoodsDetail.do?goodsNo=A000000263017&dispCatNo=100000100010015&trackingCd=Cat100000100010015_Small&t_page=카테고리관&t_click=크림_전체__상품상세&t_number=22
[한정수량] 라로슈포제 시카플라스트 밤 B5+ 200ml기획 (+1.5ml+시카토너50ml+히알루세럼1.5ml),5.0,"39,952",복합성,나름 재생크림 이것저것 써본 사람의 리뷰 건성이신분들은 라로슈포제 시카플라스트 밤 b+가 무조건 맞고 수부지나 지성이신 분들은 svr 재생 크림 사용하시면 됩니다. 저는 바이오더마 재생크림도 써봤는데 그건 라로슈포제보다 더 오일리해서 도저히 안되겠더라고요 병원에서 하나에 2만원인데 샘플 사이즈보다 작은 재생크림도 사서 써봤는데 라로슈포제 승입니다. 피부 뒤집어졌을 때 장벽 다 무너졌을 때 좁쌀 여드름 와다다 났을 때 피부과 시술 받았을 때 무조건 라로슈포제 시카플라스트밤 비플러스입니다. 피부과에서도 추천하더라고요ㅋ 이번에 피부 장벽 무너져서 얼굴 따갑고 난리도 아니었는데 이거 이주 동안 바르면서 회복했어요 피부가 약해서 자주 벗겨지고 트는 편인데 이거 바르니까 회복 속도가 빨라요 .,https://www.oliveyoung.co.kr/store/goods/getGoodsDetail.do?goodsNo=A000000263017&dispCatNo=100000100010015&trackingCd=Cat100000100010015_Small&t_page=카테고리관&t_click=크림_전체__상품상세&t_number=22
[한정수량] 라로슈포제 시카플라스트 밤 B5+ 200ml기획 (+1.5ml+시카토너50ml+히알루세럼1.5ml),5.0,"39,952",없음,"리뷰에 앞서 추천하는 피부 타입은 복합성이에요! 건성 피부는 사용 후 속건조가 느껴지거나 당길 수 있고, 지성 피부는 모공이 막혀 있는 상태에서 사용하면 뾰루지가 올라올 수도 있을 것 같아요. 리뷰를 보면 뾰루지가 났다는 후기도 있던데, 저는 T존 지성 + 민감성 피부예요. 가끔 트러블도 올라오고 피부가 잘 빨개지는 편이라 아무거나 못 쓰거든요🥲 그런데 저는 크림까지 다 바른 후에 수면팩처럼 얇게 깔아주고 자는 방법으로 사용하니까 너무 잘 맞았어요. 여름에도 계속 손이 갈 정도로 만족해서 못 끊겠더라고요ㅎㅎ 두껍게 올리기보다는 자기 전에 얇게 한 겹 깔아주고 자는 게 제일 좋았어요. 다음 날 피부가 편안하고 촉촉해서 요즘은 세일할 때 쟁여두고 있어요🤍",https://www.oliveyoung.co.kr/store/goods/getGoodsDetail.do?goodsNo=A000000263017&dispCatNo=100000100010015&trackingCd=Cat100000100010015_Small&t_page=카테고리관&t_click=크림_전체__상품상세&t_number=22
[한정수량] 라로슈포제 시카플라스트 밤 B5+ 200ml기획 (+1.5ml+시카토너50ml+히알루세럼1.5ml),5.0,"39,952",지성,"겨울철 누구나, 여름철 건성에게 좋은 진정템 피부 많이 뒤집어졌는데 병원가기 싫을 때는 이것만큼 조은게 없어요 대신 그만큼 시간은 좀 들여야합니당,",https://www.oliveyoung.co.kr/store/goods/getGoodsDetail.do?goodsNo=A000000263017&dispCatNo=100000100010015&trackingCd=Cat100000100010015_Small&t_page=카테고리관&t_click=크림_전체__상품상세&t_number=22
[한정수량] 라로슈포제 시카플라스트 밤 B5+ 200ml기획 (+1.5ml+시카토너50ml+히알루세럼1.5ml),5.0,"39,952",복합성,"라로슈포제 시카플라스트 밤은 용량 큰거 사는게 이득인데요, 개봉후 6개월 내에 사용해야해서 나중엔 팔꿈치나 무릎에도 사용합니다. 건성이신 분들은 자기전에 도톰하게 발라서 수면팩으로 사용해도 좋아요. 약간의 백탁이 있지만 흡수되면 괜찮아지고요, 많이 바르면 지성피부는 기름집니다. 자극없이 진정에 좋아서 재구매 하는 제품입니다.",https://www.oliveyoung.co.kr/store/goods/getGoodsDetail.do?goodsNo=A000000263017&dispCatNo=100000100010015&trackingCd=Cat100000100010015_Small&t_page=카테고리관&t_click=크림_전체__상품상세&t_number=22
[한정수량] 라로슈포제 시카플라스트 밤 B5+ 200ml기획 (+1.5ml+시카토너50ml+히알루세럼1.5ml),5.0,"39,952",건성,인생템ㅎㅎ저희가족 모두 사용해서 세일때재구매했어요 2만후반대가 최저가인듯. .,https://www.oliveyoung.co.kr/store/goods/getGoodsDetail.do?goodsNo=A000000263017&dispCatNo=100000100010015&trackingCd=Cat100000100010015_Small&t_page=카테고리관&t_click=크림_전체__상품상세&t_number=22
[한정수량] 라로슈포제 시카플라스트 밤 B5+ 200ml기획 (+1.5ml+시카토너50ml+히알루세럼1.5ml),5.0,"39,952",건성,악건성에 트러블성 피부라면 무조건 아묻따 구매하세요 몇년동안 악건성에 좋다는 크림이란 크림은 다 구매해서 써봤지만 이거만큼 좋은거 못 봤어요 진짜 인생 구원템이에요 하양색 제형으로 온천수가 들어가 있어서 바르면 물광처럼 광이 돌고 척척해요 다만 바르는데 흡수는 빠르지 않아서 흡수력이 좋은 제품이나 뽀송함을 원하시는 분은 비추에요 추가로 트러블이 올라온 자리에 두툼하게 바르고 자고 일어나면 신기하게도 트러블이 없어져있어요 큰 트러블은 몇일 가지만 대부분 잘 없어져있어요,https://www.oliveyoung.co.kr/store/goods/getGoodsDetail.do?goodsNo=A000000263017&dispCatNo=100000100010015&trackingCd=Cat100000100010015_Small&t_page=카테고리관&t_click=크림_전체__상품상세&t_number=22
[한정수량] 라로슈포제 시카플라스트 밤 B5+ 200ml기획 (+1.5ml+시카토너50ml+히알루세럼1.5ml),5.0,"39,952",복합성,라로슈포제 시카블라스트 밤은 8년째 꾸준히 구매해서 사용중입니다.적극 추천합니다 👍,https://www.oliveyoung.co.kr/store/goods/getGoodsDetail.do?goodsNo=A000000263017&dispCatNo=100000100010015&trackingCd=Cat100000100010015_Small&t_page=카테고리관&t_click=크림_전체__상품상세&t_number=22
[한정수량] 라로슈포제 시카플라스트 밤 B5+ 200ml기획 (+1.5ml+시카토너50ml+히알루세럼1.5ml),4.0,"39,952",건성,무향에 수분충전용으로 쓰기 좋아요 겉도는 느낌이 있는데 잘 발라주면 흡수돼요,https://www.oliveyoung.co.kr/store/goods/getGoodsDetail.do?goodsNo=A000000263017&dispCatNo=100000100010015&trackingCd=Cat100000100010015_Small&t_page=카테고리관&t_click=크림_전체__상품상세&t_number=22
[한정수량] 라로슈포제 시카플라스트 밤 B5+ 200ml기획 (+1.5ml+시카토너50ml+히알루세럼1.5ml),5.0,"39,952",건성,악!건성에 피부과 자주가는 얇은 피부인데 레이저 스킨부스터 등 하고나서 바르면 진짜 빠르게 진정시켜주고 보습효과 최고임. 평소 피부 붉고 아플때도 이것만한게 없음.,https://www.oliveyoung.co.kr/store/goods/getGoodsDetail.do?goodsNo=A000000263017&dispCatNo=100000100010015&trackingCd=Cat100000100010015_Small&t_page=카테고리관&t_click=크림_전체__상품상세&t_number=22
[우주먼지 에디션]션리 다시마 글레이즈드 크림 50g 기획 (+우주먼지쇼퍼백+스티커 3ea),5.0,"7,666",지성,션리 다시마 글레이즈드 크림은 우연히 사용해보게 되었어요. 피부가 많이 민감한 편이라 조심스럽게 트라이 해봤는데 피부 자극없고 피부에 잘 맞아 잘 산것 같네요. 조금만 발라도 보습감이 좋아 피부가 촉촉해집니다. 피부에 이렇게 수분도 충전해 주고 피부를 진정시켜 주기도 해서 만족스럽네요.,https://www.oliveyoung.co.kr/store/goods/getGoodsDetail.do?goodsNo=A000000265040&dispCatNo=100000100010015&trackingCd=Cat100000100010015_Small&t_page=카테고리관&t_click=크림_전체__상품상세&t_number=23
[우주먼지 에디션]션리 다시마 글레이즈드 크림 50g 기획 (+우주먼지쇼퍼백+스티커 3ea),5.0,"7,666",없음,"처음 봤을 때 크림 안에 캡슐처럼 보이는 게 있어서 신기했어요! 피부에 펴 바르면 부드럽게 녹으면서 촉촉하게 발리고, 소량만 사용해도 보습감이 꽤 잘 느껴집니다. 그렇다고 너무 무겁게 덮이는 느낌은 아니라서 좋았어요. 피부가 건조한 날에는 은은하게 윤기도 올라와서 피부가 좀 더 매끈해 보이고, 메이크업 전에 발라봤는데 피부가 촉촉하게 정돈돼서 화장도 괜찮게 올라가더라구요. 건조해서 속당김 있는 분들이 데일리 크림으로 사용하기 좋을 것 같아요!",https://www.oliveyoung.co.kr/store/goods/getGoodsDetail.do?goodsNo=A000000265040&dispCatNo=100000100010015&trackingCd=Cat100000100010015_Small&t_page=카테고리관&t_click=크림_전체__상품상세&t_number=23
[우주먼지 에디션]션리 다시마 글레이즈드 크림 50g 기획 (+우주먼지쇼퍼백+스티커 3ea),5.0,"7,666",없음,"요즘 피부가 속은 건조하고 겉은 푸석해 보여서 수분크림 겸 보습크림으로 사용해보고 있어요.!! 션리 다시마 글레이즈드 크림은 이름처럼 다시마 느낌의 쫀쫀한 제형인데 막상 피부에 펴 바르면 부드럽게 녹듯이 발려서 생각보다 사용감이 산뜻하네영ㅎㅎ 크림 안에 감태 추출물 알갱이가 콕콕 들어 있어서 피부에 롤링하면서 바르는 재미도 있고, 바르고 나면 피부가 촉촉하면서 은은하게 윤기가 올라와용 꾸덕한 장벽크림 느낌인데 답답하거나 무겁게 겉도는 느낌은 적어서 데일리 크림으로 쓰기 좋았어요.! 특히 세안하고 나서 피부가 당기는 날에는 션리 글레이즈드 크림을 조금 도톰하게 발라주는데 다음 날까지 촉촉함이 꽤 오래 남더라고요?! 속건조크림이나 광채크림 찾는 분들이 써보기 괜찮을 것 같아염. 요즘은 자기 전에 꼭 챙겨 바르는 션리 크림이에요 :)",https://www.oliveyoung.co.kr/store/goods/getGoodsDetail.do?goodsNo=A000000265040&dispCatNo=100000100010015&trackingCd=Cat100000100010015_Small&t_page=카테고리관&t_click=크림_전체__상품상세&t_number=23
[우주먼지 에디션]션리 다시마 글레이즈드 크림 50g 기획 (+우주먼지쇼퍼백+스티커 3ea),5.0,"7,666",복합성,쓰던 크림 다 써가서 션리 다시마 글레이즈드 크림을 사봤어요. 발라보니 끈적임없이 빠르게 스며들어 곧이어 화장해도 밀림 없이 괜찮더라고요. 바르고 나면 피부가 촉촉해지고 보습력이 오래 유지되는 점이 마음에 들어요. 은은하게 광도 나고 자극적이지 않아서 정착템이 될것 같은 느낌이 듭니다.,https://www.oliveyoung.co.kr/store/goods/getGoodsDetail.do?goodsNo=A000000265040&dispCatNo=100000100010015&trackingCd=Cat100000100010015_Small&t_page=카테고리관&t_click=크림_전체__상품상세&t_number=23
[우주먼지 에디션]션리 다시마 글레이즈드 크림 50g 기획 (+우주먼지쇼퍼백+스티커 3ea),5.0,"7,666",복합성,청정해역 완도산 100% 다시마 수분 진정크림이라니! 너무 감동이에요. 감태추출물 비드가 녹는 순간에 영양이 피부에 그대로 흡수된다고해요. 한번 사용으로 100시간의 수분지속에 도움을 준다고해서 믿고 열심히 발라보려구요! 소량만 발라도 피부에 광나는 느낌이 들어서 만족도가 높아요~♡,https://www.oliveyoung.co.kr/store/goods/getGoodsDetail.do?goodsNo=A000000265040&dispCatNo=100000100010015&trackingCd=Cat100000100010015_Small&t_page=카테고리관&t_click=크림_전체__상품상세&t_number=23
[우주먼지 에디션]션리 다시마 글레이즈드 크림 50g 기획 (+우주먼지쇼퍼백+스티커 3ea),5.0,"7,666",지성,션리 다시마 글레이즈드 크림 사용해봤는데 기대 이상으로 정말 만족스럽네요! ​청정 완도 다시마가 들어간 수분 진정 크림이라 피부에 순하고 촉촉하게 수분을 채워줘요. 소량만 발라도 보습감이 엄청 깊어서 속건조를 싹 잡아주네요. 크림 안의 감태추출물 오일비드가 피부에 부드럽게 녹아들면서 자연스러운 글로우 광채를 만들어줍니다. ​특히 메이크업 전에 바르면 화장이 착 붙는 화잘먹 꿀템이에요! 저자극 진정 장벽 크림이라 피부 편안하게 데일리로 쓰기 딱입니다.,https://www.oliveyoung.co.kr/store/goods/getGoodsDetail.do?goodsNo=A000000265040&dispCatNo=100000100010015&trackingCd=Cat100000100010015_Small&t_page=카테고리관&t_click=크림_전체__상품상세&t_number=23
[우주먼지 에디션]션리 다시마 글레이즈드 크림 50g 기획 (+우주먼지쇼퍼백+스티커 3ea),5.0,"7,666",건성,순한 성분의 수분크림이에요메이크업 전에 소량 바르면 화장도 안뜨고 촉촉하게 잘 발립니다. 건성이라서 저녁 세안 후에는 속 건조가 심한데 션리 다시마 크림 저녁에 바르고 자면 아침까지 촉촉 해요. 사은품으로 받은 우주먼지 템도 넘 귀엽네용 ㅎㅎ,https://www.oliveyoung.co.kr/store/goods/getGoodsDetail.do?goodsNo=A000000265040&dispCatNo=100000100010015&trackingCd=Cat100000100010015_Small&t_page=카테고리관&t_click=크림_전체__상품상세&t_number=23
[우주먼지 에디션]션리 다시마 글레이즈드 크림 50g 기획 (+우주먼지쇼퍼백+스티커 3ea),5.0,"7,666",없음,"처음 발랐을 때 촉촉하지만 무겁거나 끈적이지 않아서 데일리 크림으로 사용하기 좋았어요. 특히 소량만 발라도 보습감이 충분해서 여러 번 덧바르지 않아도 피부가 촉촉하게 유지되는 점이 마음에 들더라구요. 초록초록한 크림 안에 동글동글한 캡슐 비드가 콕콕 들어있는 것도 눈에 띄었는데, 피부에 펴 바르면 캡슐이 사르르 녹으면서 부드럽게 스며들어요. 알갱이가 겉돌거나 거슬리는 느낌 없이 자연스럽게 흡수되고, 감태추출물 비드가 들어있어 촉촉하고 매끈하게 마무리되는 느낌! 그리고 메이크업 전에 얇게 발라주면 화잘먹 꿀템으로도 추천하고 싶어요 끈적임이 적어 베이스가 밀리지 않고, 피부결이 촉촉하게 정돈돼서 파운데이션도 한층 매끈하게 올라가는 느낌이었어요. 무겁게 번들거리는 광이 아니라 은은한 윤기를 더해주는 광채크림이라 아침 스킨케어에도 자주 손이 가는 제품이에요. 건조한 날에는 한 번 더 덧발라주면 좋고요. 꾸덕하고 답답한 크림보다는 가볍게 촉촉함을 채우면서 자연스러운 윤기까지 더해주고 싶다면 션리 글레이즈드 크림 추천해요!",https://www.oliveyoung.co.kr/store/goods/getGoodsDetail.do?goodsNo=A000000265040&dispCatNo=100000100010015&trackingCd=Cat100000100010015_Small&t_page=카테고리관&t_click=크림_전체__상품상세&t_number=23
[우주먼지 에디션]션리 다시마 글레이즈드 크림 50g 기획 (+우주먼지쇼퍼백+스티커 3ea),5.0,"7,666",건성,"​[한줄총평] 벌써 2통째 내돈내산 재구매!!! 속건조 싹 잡아주고 화장 찰떡같이 먹여주는 인생 글로우크림 인정😘 ​언니들.. 나 진짜 TMI 하나 방출하자면 💨💨 요거 벌써 2번째 재구매해서 쓰는 찐 애정템이야! ㅋㅋㅋ 요즘 날씨에 피부 속건조 때문에 화장 들뜨고 난리 났었는데, 이 크림이 진짜 내 피부에 찰떡같이 맞춰진 것처럼 쫀쫀하게 잘 받아서 다른 크림으로 갈아탈 수가 없음.. 결국 올영에서 또 쟁였잖아!!!!! ​이번 우주먼지 에디션은 콜라보 패키지부터 쏘귀여움.. 같이 들어있는 망이 쇼퍼백도 귀엽고, 우주먼지 스티커로 크림 꾸미는 재미까지 있어서 본품 용기에 취향껏 예쁘게 꾸며줬어!😝😝 ​이 션리 다시마 글레이즈드 크림이 왜 이렇게 내 피부에 찰떡인가 했더니, 100% 청정 완도 다시마를 함유해서 피부 깊숙이 촉촉한 수분을 공급해주더라고. 크림 제형을 자세히 클로즈업해 보면 감태추출물 오일비드가 선명하게 박혀있는 게 보이는데, 피부에 문지르면 겉돌지 않고 싹 녹아들면서 피부 장벽을 쫀쫀하게 채워줘!!! ​민감할 때 발라도 순한 저자극크림이라 부담 없고, 소량만 발라도 보습감이 정말 좋아서 피부에 속건조를 싹 잡아주는 수분 보호막이 생기는 느낌이야. 괜히 션리 글레이즈드 크림이 아닌 게, 바르고 나면 피부 속부터 챠르르 차오르는 윤광이 대박이라 광채크림, 글로우크림 찾던 언니들은 무조건 만족할걸?! ​특히 아침에 메이크업 전 바르면 화잘먹 꿀템으로 완~전 강추!👍 이 션리 글레이즈 크림 살짝 바르고 쿠션 두드리면 파데가 피부에 챱!! 밀착되어서 하루 종일 화장이 안 떠! ​피부 겉만 번들거리는 게 아니라 속수분 진정을 꽉 잡아주는 속건조크림이자 진정크림, 장벽크림이라 365일 쓰기 좋은 데일리 크림이야. 션리 크림 라인 중에서도 수분·보습·영양 다 챙긴 수분크림, 보습크림, 감태크림이니까, 나처럼 피부에 착 붙는 찰떡 크림 찾고 있다면 션리 다시마 크림 꼭 써봐! 2통째 쓰는 내가 보장함!👍",https://www.oliveyoung.co.kr/store/goods/getGoodsDetail.do?goodsNo=A000000265040&dispCatNo=100000100010015&trackingCd=Cat100000100010015_Small&t_page=카테고리관&t_click=크림_전체__상품상세&t_number=23
[우주먼지 에디션]션리 다시마 글레이즈드 크림 50g 기획 (+우주먼지쇼퍼백+스티커 3ea),5.0,"7,666",건성,"이거 진짜 너무 좋아해요!! 요즘 다시 피부 안 좋아져서 걱정이었는데 무겁지도 않고 보습도 확실 해요!! 안에 초록색 캡슐이 들어 있는데, 손에 자연스레 녹아요!! 자기 전에 꼭 발라 주는 데 다음날 화장이 더 잘 먹는 것 같아요! 이제 날씨도 선선해지니까 필수 때이 될 것 같아요!",https://www.oliveyoung.co.kr/store/goods/getGoodsDetail.do?goodsNo=A000000265040&dispCatNo=100000100010015&trackingCd=Cat100000100010015_Small&t_page=카테고리관&t_click=크림_전체__상품상세&t_number=23
[한정기획/강력진정크림] 닥터자르트 시카페어 인텐시브 수딩 리페어 크림 50ml 1+1 기획,5.0,"4,133",건성,건조할 때 쓰는 닥터자르트 시카페어 크림 역시나 보습에는 시카크림 만한 게 없어요!,https://www.oliveyoung.co.kr/store/goods/getGoodsDetail.do?goodsNo=A000000218592&dispCatNo=100000100010015&trackingCd=Cat100000100010015_Small&t_page=카테고리관&t_click=크림_전체__상품상세&t_number=24
[한정기획/강력진정크림] 닥터자르트 시카페어 인텐시브 수딩 리페어 크림 50ml 1+1 기획,4.0,"4,133",지성,지성피부도 부담없이 쓸수 있을거 같고요. 엄청 유분이 많다 느낌은 아니에요. 진정에 좋다니 효과가 좋길 바라네요,https://www.oliveyoung.co.kr/store/goods/getGoodsDetail.do?goodsNo=A000000218592&dispCatNo=100000100010015&trackingCd=Cat100000100010015_Small&t_page=카테고리관&t_click=크림_전체__상품상세&t_number=24
[한정기획/강력진정크림] 닥터자르트 시카페어 인텐시브 수딩 리페어 크림 50ml 1+1 기획,5.0,"4,133",복합성,시카는 닥터자르트가 원조!입니다. 가장 좋아용. 역사도 오래되었습니닷!! (나이 밝혀지려나.ㅋ) 저는 크림과 세럼 섞어서 낮에도 사용합니다. 화장 밀리지않고 트러블예방과 진정을 함께 효과 볼 수 있습니다♡ 3월 9월 12월 올영세일에 늘 재구매합니다. 그때가 저렴해용♡,https://www.oliveyoung.co.kr/store/goods/getGoodsDetail.do?goodsNo=A000000218592&dispCatNo=100000100010015&trackingCd=Cat100000100010015_Small&t_page=카테고리관&t_click=크림_전체__상품상세&t_number=24
[한정기획/강력진정크림] 닥터자르트 시카페어 인텐시브 수딩 리페어 크림 50ml 1+1 기획,5.0,"4,133",없음,요즘 너무 덥지않나요 완전 조금이라도 나갔다 오면 얼굴이 홍시가 되어있는데 ㅠ 너무 더워서 세안 후에 강력한 진정이 필요해서 샀답니다 바른다고 피부온도가 내려가는건 아님 ❌️ 그래도 진정효과는 좋아용 민감피부에도 좋고 발림성도 무겁지 않아요,https://www.oliveyoung.co.kr/store/goods/getGoodsDetail.do?goodsNo=A000000218592&dispCatNo=100000100010015&trackingCd=Cat100000100010015_Small&t_page=카테고리관&t_click=크림_전체__상품상세&t_number=24
[한정기획/강력진정크림] 닥터자르트 시카페어 인텐시브 수딩 리페어 크림 50ml 1+1 기획,5.0,"4,133",없음,닥터자르트 제품은 늘 기대만큼 좋기로 유명해서 말모말모입니다ㅎㅎ 사계절 언제든 부담없이 바르기좋아요 감사합니다,https://www.oliveyoung.co.kr/store/goods/getGoodsDetail.do?goodsNo=A000000218592&dispCatNo=100000100010015&trackingCd=Cat100000100010015_Small&t_page=카테고리관&t_click=크림_전체__상품상세&t_number=24
[한정기획/강력진정크림] 닥터자르트 시카페어 인텐시브 수딩 리페어 크림 50ml 1+1 기획,5.0,"4,133",없음,"손등에 적당량 덜어 제형을 보니 밀도 높은 연고와 비슷한 느낌의 꾸덕한 텍스처인데, 막상 펴 바르면 부드럽게 퍼지며 피부결 사이사이 쫀쫀하게 붙어 탄탄한 보습막을 만들어줍니다!",https://www.oliveyoung.co.kr/store/goods/getGoodsDetail.do?goodsNo=A000000218592&dispCatNo=100000100010015&trackingCd=Cat100000100010015_Small&t_page=카테고리관&t_click=크림_전체__상품상세&t_number=24
[한정기획/강력진정크림] 닥터자르트 시카페어 인텐시브 수딩 리페어 크림 50ml 1+1 기획,5.0,"4,133",없음,생각보다 부드러운 발림성이에요. 여름에 쓰기에는 조금 기름져서. 여름지하고 겨울에 쓰려고 합니다. 저는 수부지 여드름피부 입니다. 생각보다 부드러운 발림성이에요. 여름에 쓰기에는 조금 기름져서. 여름지하고 겨울에 쓰려고 합니다. 저는 수부지 여드름피부 입니다.,https://www.oliveyoung.co.kr/store/goods/getGoodsDetail.do?goodsNo=A000000218592&dispCatNo=100000100010015&trackingCd=Cat100000100010015_Small&t_page=카테고리관&t_click=크림_전체__상품상세&t_number=24
[한정기획/강력진정크림] 닥터자르트 시카페어 인텐시브 수딩 리페어 크림 50ml 1+1 기획,5.0,"4,133",복합성,이게 지루성 피부염들이 쓰기 좋다고 하더라구요 아빠가 극지성에 지루성 피부염도 았어서 나중에 수분크림 순하게 쓰하고 삿어요,https://www.oliveyoung.co.kr/store/goods/getGoodsDetail.do?goodsNo=A000000218592&dispCatNo=100000100010015&trackingCd=Cat100000100010015_Small&t_page=카테고리관&t_click=크림_전체__상품상세&t_number=24
[한정기획/강력진정크림] 닥터자르트 시카페어 인텐시브 수딩 리페어 크림 50ml 1+1 기획,5.0,"4,133",건성,가격이 비싸서 매일 바르진 않고 피부가 뒤집어질때마다 발라주는데 항상 이 크림 덕분에 빠르게 회복되는 거 같아서 주기적으로 사두는 편이에요 흡수도 잘되고 건성피부에 썼을 때 화장이 밀리는 현상도 없어요 꾸덕한 제형이여서 건성 피부에 매우 적합해보여요,https://www.oliveyoung.co.kr/store/goods/getGoodsDetail.do?goodsNo=A000000218592&dispCatNo=100000100010015&trackingCd=Cat100000100010015_Small&t_page=카테고리관&t_click=크림_전체__상품상세&t_number=24
[한정기획/강력진정크림] 닥터자르트 시카페어 인텐시브 수딩 리페어 크림 50ml 1+1 기획,5.0,"4,133",없음,세일할때마다 1년치 쟁여두고 쓰는 아이템이에요. 자극도 없고 순하고 좋아요.,https://www.oliveyoung.co.kr/store/goods/getGoodsDetail.do?goodsNo=A000000218592&dispCatNo=100000100010015&trackingCd=Cat100000100010015_Small&t_page=카테고리관&t_click=크림_전체__상품상세&t_number=24
[NEW] 온그리디언츠 바쿠글로우 레티날 부스터 샷 0.2퍼센트 30ml,5.0,51,건성,레티날 많이들 쓰고 또 제품도 다양하게 나오는데 0.2에 스피큘까지 들어있는 제품이라 바로 구매했어요. 사용법이야 뭐 아침보단 밤에 쓰는게 좋고 너무 과한 용량 바르지 않아야 자극 적은거는 다들 아실 것 같지만. 그 모든 귀찮은 사용법을 이기는건 효과인 것 같아요. 주름이나 탄력 면에서는 꽤 빠르게 효과가 보여서 꾸준히 사용 할 의사 완전 있어요.,https://www.oliveyoung.co.kr/store/goods/getGoodsDetail.do?goodsNo=A000000265385&dispCatNo=100000100010014&trackingCd=Cat100000100010014_Small&t_page=카테고리관&t_click=에센스/세럼/앰플_전체__상품상세&t_number=5
[NEW] 온그리디언츠 바쿠글로우 레티날 부스터 샷 0.2퍼센트 30ml,5.0,51,복합성,모공이 고민이라 구매해봤어요 레티날 0.2%라 그런지 매일 사용하기보다 주3회 정도 사용해 주면 좋을 것 같네요 제형은 무겁지 않은 느낌이고 레티날이라 밤에 바르는 게 좋고 썬크림을 잘 발라야 합니다,https://www.oliveyoung.co.kr/store/goods/getGoodsDetail.do?goodsNo=A000000265385&dispCatNo=100000100010014&trackingCd=Cat100000100010014_Small&t_page=카테고리관&t_click=에센스/세럼/앰플_전체__상품상세&t_number=5
[NEW] 온그리디언츠 바쿠글로우 레티날 부스터 샷 0.2퍼센트 30ml,5.0,51,건성,그동안 사용했던 레티날 제품은 제형부터가 엄청 꾸덕했는데 이건 촉촉하게 잘 발려요 •• 사용감 완전 좋고 자극감도 없네요 편하게 사용할 수 있겠어요 ☺️,https://www.oliveyoung.co.kr/store/goods/getGoodsDetail.do?goodsNo=A000000265385&dispCatNo=100000100010014&trackingCd=Cat100000100010014_Small&t_page=카테고리관&t_click=에센스/세럼/앰플_전체__상품상세&t_number=5
[NEW] 온그리디언츠 바쿠글로우 레티날 부스터 샷 0.2퍼센트 30ml,5.0,51,복합성,소량만 사용해도 효과가 좋은 제품인데요. 모공이 두드러져 보일 때 사용하기 좋은 제품으로 기초 화장 후에 사용해야 하는 제품이에요. 그래서 저는 밤에 사용하고 잤는데 자극없이 잘 사용했습니다. 자극 없이 탄력이 필요할 때 사용하기 좋은 제품으로 추천합니다!,https://www.oliveyoung.co.kr/store/goods/getGoodsDetail.do?goodsNo=A000000265385&dispCatNo=100000100010014&trackingCd=Cat100000100010014_Small&t_page=카테고리관&t_click=에센스/세럼/앰플_전체__상품상세&t_number=5
[NEW] 온그리디언츠 바쿠글로우 레티날 부스터 샷 0.2퍼센트 30ml,5.0,51,복합성,"✨ 쫀쫀하게 밀착되는 제형이 마음에 들어요. 요즘 피부결이 푸석하고 탄력이 떨어진 느낌이라 사용해봤어요. 씻고 마스크팩했는데 딱 도착했더라구요ㅎ 오늘 제대로 관리하네요ㅎㅎ 처음 짜봤을 때 노란빛이 도는 제형이라 신기했는데, 생각보다 무겁지 않고 피부에 부드럽게 펴 발리더라고요. 입구가 작아서 필요한만큼 소량~필요한 부위에만 사용하기 편해요! 살짝 쫀쫀하면서도 촉촉한 제형이라 바르고 나면 피부에 은은한 윤기가 돌고, 겉도는 느낌보다는 착 밀착되는 사용감이 마음에 들었어요. 특히 건조해서 거칠어 보이던 피부결을 매끈하게 관리하고 싶을 때 손이 가는 제품이에요. 레티날 0.2%와 마이크로 리들을 담아 모공·주름·탄력 케어를 내세운 제품이라 꾸준히 사용해보려고 해요. 처음 사용하는 분이라면 피부 상태를 보면서 천천히 적응해가며 사용하면 좋을 것 같아요. 피부탄력이나 피부결이 고민이고, 쫀쫀한 부스터 타입을 좋아하는 분들께 추천하고 싶어요 .",https://www.oliveyoung.co.kr/store/goods/getGoodsDetail.do?goodsNo=A000000265385&dispCatNo=100000100010014&trackingCd=Cat100000100010014_Small&t_page=카테고리관&t_click=에센스/세럼/앰플_전체__상품상세&t_number=5
[NEW] 온그리디언츠 바쿠글로우 레티날 부스터 샷 0.2퍼센트 30ml,5.0,51,복합성,"요즘 피부 관리에 관심이 많아지면서 평소 사용하는 스킨케어 제품도 성분이나 사용감 등을 꼼꼼하게 비교해서 고르는 편인데, 이번에 **온그리디언츠 바쿠글로우 레티날 부스터 샷 0.2%**를 사용해봤어요. 레티날 제품은 처음 사용할 때부터 무작정 많이 바르기보다는 피부 상태를 보면서 천천히 적응하는 게 중요하다고 해서 저도 소량부터 사용해봤습니다. 우선 제형이 너무 무겁거나 답답한 느낌이 아니라서 생각보다 편하게 사용할 수 있었어요. 스킨케어 마지막 단계에서 적당량을 덜어 얼굴에 부드럽게 펴 발라주면 되니까 사용법도 어렵지 않았고, 바르고 난 뒤 피부에 겉도는 느낌이 심하지 않은 점도 마음에 들었습니다. 특히 마음에 들었던 건 사용량을 조절하기 편하다는 점이에요. 레티날 제품은 피부 컨디션에 따라 사용량이나 횟수를 조절하는 게 중요하다고 생각하는데, 처음부터 욕심내지 않고 피부 상태를 확인하면서 사용할 수 있어서 좋았어요. 저는 피부가 예민하게 느껴지는 날에는 무리해서 사용하지 않고 컨디션이 괜찮은 날 위주로 사용하고 있습니다.",https://www.oliveyoung.co.kr/store/goods/getGoodsDetail.do?goodsNo=A000000265385&dispCatNo=100000100010014&trackingCd=Cat100000100010014_Small&t_page=카테고리관&t_click=에센스/세럼/앰플_전체__상품상세&t_number=5
[NEW] 온그리디언츠 바쿠글로우 레티날 부스터 샷 0.2퍼센트 30ml,5.0,51,지성,레티날 샷 너무 써보고 싶었는데 제가 좋아하는 온그리디언츠에서 런칭해서 바로 구매했어요! 튜브형 제형으로 얼굴에 올리기 너무 좋아요 꾸준히 써볼게요 촉촉한 제형이라 발림성도 좋아요,https://www.oliveyoung.co.kr/store/goods/getGoodsDetail.do?goodsNo=A000000265385&dispCatNo=100000100010014&trackingCd=Cat100000100010014_Small&t_page=카테고리관&t_click=에센스/세럼/앰플_전체__상품상세&t_number=5
[NEW] 온그리디언츠 바쿠글로우 레티날 부스터 샷 0.2퍼센트 30ml,5.0,51,건성,레티나 제품 우연히 써 봤다가 결 개선이 눈에띄게 보여서 다른 회사 제품으로도 구매해봤구요. 이제품 함량이 꽤 높네요. 꾸준히 썼을 때 효과가 기대됩니다,https://www.oliveyoung.co.kr/store/goods/getGoodsDetail.do?goodsNo=A000000265385&dispCatNo=100000100010014&trackingCd=Cat100000100010014_Small&t_page=카테고리관&t_click=에센스/세럼/앰플_전체__상품상세&t_number=5
[NEW] 온그리디언츠 바쿠글로우 레티날 부스터 샷 0.2퍼센트 30ml,5.0,51,지성,온그리디언츠에서 드디어 레티날을 만들어 출시했네요. 축하합니다. 일단 일반 레티날과 색이 다르게 좀 더 주황색 느낌이 강하네요. 기존에 레티날 0.1을 써서 그런가 생각보다는 덜 자극적입니다. 가격대도 좋고 다 쓰면 재구입각!,https://www.oliveyoung.co.kr/store/goods/getGoodsDetail.do?goodsNo=A000000265385&dispCatNo=100000100010014&trackingCd=Cat100000100010014_Small&t_page=카테고리관&t_click=에센스/세럼/앰플_전체__상품상세&t_number=5
[NEW] 온그리디언츠 바쿠글로우 레티날 부스터 샷 0.2퍼센트 30ml,5.0,51,없음,"처음에는 자극이 있을까 걱정했는데, 소량부터 사용하니 생각보다 부담 없이 사용할 수 있었어요. 저녁 스킨케어 마지막 단계에 얇게 펴 발라주고 있는데, 사용 후 피부가 매끈하고 탄탄하게 정돈되는 느낌이 들어 만족스럽습니다. 특히 며칠 꾸준히 사용하니 푸석해 보이던 피부결이 조금 더 매끈해 보이고 은은한 윤기가 돌아서 좋았어요. 무겁거나 답답하게 남는 느낌도 심하지 않아 크림과 함께 사용하기 편했고요. 처음에는 매일 사용하기보다는 2~3일 간격으로 적응시키면서 사용하고 있습니다. 탄력이나 피부결, 모공이 신경 쓰이는 분들이 나이트 케어용으로 꾸준히 사용해보기 괜찮은 제품 같아요. 자극은 줄이면서 레티날 케어를 시작해보고 싶을 때 손이 자주 갈 것 같습니다.",https://www.oliveyoung.co.kr/store/goods/getGoodsDetail.do?goodsNo=A000000265385&dispCatNo=100000100010014&trackingCd=Cat100000100010014_Small&t_page=카테고리관&t_click=에센스/세럼/앰플_전체__상품상세&t_number=5
[우주먼지 에디션]션리 다시마 그리너리 세럼 35ml 기획 (+우주먼지 스마트톡+스티커 3ea),5.0,"6,973",없음,요즘 피부가 푸석하고 건조해서 수분감 있는 세럼을 찾다가 구매했어요. 제형이 무겁지 않고 산뜻하게 펴발려서 여러 제품을 같이 사용하는 날에도 부담스럽지 않네요. 바르고 나면 피부가 촉촉해지면서 끈적임은 많이 남지 않는 편이라 아침에도 사용하기 좋아요. 특히 더운 날씨에 바르면 살짝 시원하고 산뜻한 느낌이 있어서 손이 자주 갑니다. 세럼 자체도 마음에 들었는데 같이 온 우주먼지 그립톡이랑 스티커도 귀여워서 만족스러워요ㅎㅎ,https://www.oliveyoung.co.kr/store/goods/getGoodsDetail.do?goodsNo=A000000265037&dispCatNo=100000100010014&trackingCd=Cat100000100010014_Small&t_page=카테고리관&t_click=에센스/세럼/앰플_전체__상품상세&t_number=7
[우주먼지 에디션]션리 다시마 그리너리 세럼 35ml 기획 (+우주먼지 스마트톡+스티커 3ea),5.0,"6,973",건성,엠플 통이 너무 신기하게 생겼어요. 다시마 미끌미끌 거리는 거 딱 보기만 해도 피부 좋아질 것 같잖아요? 진짜 촉촉해지고 피부 기초를 잡아주는 느낌이 들어요.,https://www.oliveyoung.co.kr/store/goods/getGoodsDetail.do?goodsNo=A000000265037&dispCatNo=100000100010014&trackingCd=Cat100000100010014_Small&t_page=카테고리관&t_click=에센스/세럼/앰플_전체__상품상세&t_number=7
[우주먼지 에디션]션리 다시마 그리너리 세럼 35ml 기획 (+우주먼지 스마트톡+스티커 3ea),5.0,"6,973",복합성,꺄~ 그립톡 너무 예뻐요! 질 좋은 그립톡이 더 좋은 거 같아요. 세럼이 너무 좋아서 샀는데 선물까지 받은 느낌이에요. 요즘 여기 클렌징 폼도 같이 쓰고 있는데 너무 효과가 좋아서 피부가 광이나고 있어요. 유수분 밸런스가 좋아서 건성이랑 복합성 그리고 수분 부족한 피부까지 다 효과적으로 쓸 수 있을 것 같아서 마음에 드네요. 즉각 쿨링 효과도 있어서 아직 날씨가 많이 더운데 이걸 바르면 너무 시원해 더 좋아요.,https://www.oliveyoung.co.kr/store/goods/getGoodsDetail.do?goodsNo=A000000265037&dispCatNo=100000100010014&trackingCd=Cat100000100010014_Small&t_page=카테고리관&t_click=에센스/세럼/앰플_전체__상품상세&t_number=7
[우주먼지 에디션]션리 다시마 그리너리 세럼 35ml 기획 (+우주먼지 스마트톡+스티커 3ea),5.0,"6,973",복합성,"요즘 우주먼지 에디션을 세트로 쓰고 있는데 참 좋은 거 같습니다. 화장품 자체도 수분감이 충분하여 하루 종일 촉촉함을 유지하고 있고, 같이 딸려온 그립톡 또 너무 귀여워 와이프에게 뺐겼습니다. 상당히 꼼꼼하고 튼튼하게 잘 만들어진 그립톡이라 좋군요. 저는 일단 크림 제품이랑 같이 쓰고 있는데 그 둘을 같이 쓰면 진짜 보습감이 남다릅니다. 역시 다시마 성분이 좋은 것 같습니다. 스티커도 들어있어서 아이들에게 세럼통을 꾸미라고 주면 좋아할 것 같습니다.",https://www.oliveyoung.co.kr/store/goods/getGoodsDetail.do?goodsNo=A000000265037&dispCatNo=100000100010014&trackingCd=Cat100000100010014_Small&t_page=카테고리관&t_click=에센스/세럼/앰플_전체__상품상세&t_number=7
[우주먼지 에디션]션리 다시마 그리너리 세럼 35ml 기획 (+우주먼지 스마트톡+스티커 3ea),5.0,"6,973",지성,유분기가 많은 수부지 피부 타입이라 가벼운 텍스처로 라이트하게 발리는 다시마 그리너리 세럼이 바르기 좋아요. 바르자마자 피부에 빠르게 흡수되는 세럼 제형이라 더운날 바르기도 좋고 펌핑해서 바르는 거라 끝까지 위생적으로 바를 수 있어 만족해요. 얼굴에 열이 많고 트러블도 있어 자주 붉어지는데 다시마 그리너리 세럼이 쿨링 효과가 있고 피부 진정에도 도움되어 기분좋게 바르게 되네요.,https://www.oliveyoung.co.kr/store/goods/getGoodsDetail.do?goodsNo=A000000265037&dispCatNo=100000100010014&trackingCd=Cat100000100010014_Small&t_page=카테고리관&t_click=에센스/세럼/앰플_전체__상품상세&t_number=7
[우주먼지 에디션]션리 다시마 그리너리 세럼 35ml 기획 (+우주먼지 스마트톡+스티커 3ea),5.0,"6,973",복합성,션리 다시마 폼클과 크림 잘 쓰고 있는데 다시마 그리너리 세럼 역시 괜찮네요. 가벼운 제형이라 산뜻하게 바르기 좋고 민감한 피부도 편안하게 바를 수 있어서 마음에 들어요. 컨디션 떨어지거나 피곤할때 피부도 예민해지는데 다시마 그리너리 세럼 바르니까 피부 진정이 되고 피부가 촉촉해져서 좋네요.,https://www.oliveyoung.co.kr/store/goods/getGoodsDetail.do?goodsNo=A000000265037&dispCatNo=100000100010014&trackingCd=Cat100000100010014_Small&t_page=카테고리관&t_click=에센스/세럼/앰플_전체__상품상세&t_number=7
[우주먼지 에디션]션리 다시마 그리너리 세럼 35ml 기획 (+우주먼지 스마트톡+스티커 3ea),5.0,"6,973",복합성,"엄청 순하고 피부 트러블 진정에 효과 좋은 세럼이에요. 완전 액체 제형은 아니고 수분감 충만한 겔 제형인데, 피부에 닿자마자 사르르 흡수되면서 은은한 쿨링감을 주는 사용감이 정말 좋은 제품이에요. 피부에 은은한 광채도 부여해주고, 메이크업도 더 잘받게 도와주면서 피부결 완전 좋아지게 만들어줘서 굉장히 맘에 들어요! 굿!",https://www.oliveyoung.co.kr/store/goods/getGoodsDetail.do?goodsNo=A000000265037&dispCatNo=100000100010014&trackingCd=Cat100000100010014_Small&t_page=카테고리관&t_click=에센스/세럼/앰플_전체__상품상세&t_number=7
[우주먼지 에디션]션리 다시마 그리너리 세럼 35ml 기획 (+우주먼지 스마트톡+스티커 3ea),5.0,"6,973",건성,션리 다시마 세럼 너무 좋아하는데 우주먼지 콜라보 너무 귀여워서 질러버렸어요!! ㅠㅠㅠ 깜찍 뽀짝한 스티커로 세럼 꾸미기 너무 재밌고 귀여워요!! 패키지에 인쇄된게 아니라 스티커로 직접 꾸밀 수 있어서 더 좋은 것 같아요!! 거기다 같이 오는 낭이 마그네틱 그립톡도 너무 유용!! 맥세이프 케이스에 붙였다 뗐다 할 수 있어서 진짜 너무 귀여워요!! 션리 다시마세럼은 말해 뭐해... 알로에겔처럼 산뜻한 텍스처에 쿨링감과 함께 빠르게 흡수되니 피부 진정에 이만한게 없어요!! 여름에 자극받은 피부 열감 낮추고 피부 진정시키기에 진짜 최고입니다!! 깜찍한 콜라보 제품까지 같이 가져갈 수 있는 기획상품 품절 전 다들 가져가세요!!,https://www.oliveyoung.co.kr/store/goods/getGoodsDetail.do?goodsNo=A000000265037&dispCatNo=100000100010014&trackingCd=Cat100000100010014_Small&t_page=카테고리관&t_click=에센스/세럼/앰플_전체__상품상세&t_number=7
[우주먼지 에디션]션리 다시마 그리너리 세럼 35ml 기획 (+우주먼지 스마트톡+스티커 3ea),5.0,"6,973",없음,이번 구성 너무 귀엽고 좋아요! 세럼도 부드럽게 잘 발리고 흡수력도 좋은편이에요:) 속건조도 금방 잡아줘서 요거 한병만 써도 금방 촉촉해지네욤! 가벼운 텍스처라 무겁지않게 마무리해주니 산뜩하고 좋아욤! 붉어진 피부 진정에도 좋은것 같아여,https://www.oliveyoung.co.kr/store/goods/getGoodsDetail.do?goodsNo=A000000265037&dispCatNo=100000100010014&trackingCd=Cat100000100010014_Small&t_page=카테고리관&t_click=에센스/세럼/앰플_전체__상품상세&t_number=7
[우주먼지 에디션]션리 다시마 그리너리 세럼 35ml 기획 (+우주먼지 스마트톡+스티커 3ea),5.0,"6,973",건성,건조한 피부에 쓰기 딱 좋아요! 벌써 한통 다 쓰고 두통 됐네용ㅇ 연두색 크림 과 세럼 함께 나오는 게 신기해요!! 피부에 강의 돌게 해요! 여러 가지 안쓰고 이거 하나만 써도 효과가 확실해서 오히려 여행 가거나 간단히 챙겨 나갈 때 이것만 딱 챙기게 되더라구요!!,https://www.oliveyoung.co.kr/store/goods/getGoodsDetail.do?goodsNo=A000000265037&dispCatNo=100000100010014&trackingCd=Cat100000100010014_Small&t_page=카테고리관&t_click=에센스/세럼/앰플_전체__상품상세&t_number=7
[리센느 원이PICK/1+1기획] 바이오던스 포어 퍼펙팅 콜라겐 펩타이드 세럼 30ml 리필 기획,5.0,"3,590",없음,안원잘부에 나왔더라고요! 묽어보였는데 생각보다 점도가 있었습니다 바르고나면 산뜻하지는 안고 살짝 끈적한 느낌이 남아있어요 그래도 흡수가 빠르고 향도 거슬리지 않아서 좋네요 !,https://www.oliveyoung.co.kr/store/goods/getGoodsDetail.do?goodsNo=A000000264389&dispCatNo=100000100010014&trackingCd=Cat100000100010014_Small&t_page=카테고리관&t_click=에센스/세럼/앰플_전체__상품상세&t_number=9
[리센느 원이PICK/1+1기획] 바이오던스 포어 퍼펙팅 콜라겐 펩타이드 세럼 30ml 리필 기획,5.0,"3,590",복합성,바이오던스 포어 퍼펙팅 콜라겐 펩타이드 세럼 본품 더블기획 구매했었는데 좋아서 또 재구매했어요!🩷 물부터 다른 바이오던스 콜라겐 세럼이고 피부 탄력에 도움을 주는 펩타이드 10종 닿는 순간 차오르는 듯한 탄력감이 생겨요! 바르자마자 산뜻하게 스며들고 1회 사용에도 모공 개선효과가 느껴져요💕 요새 여름이라서 더워진 날씨 때문에 모공이 늘어나는게 보이는데 바이오던스 세럼 바르면 모공도 개선되고 피부결도 매끈해지고 메이크업 전에 발라주니까 화잘먹세럼여서 너무 만족해요!!✨,https://www.oliveyoung.co.kr/store/goods/getGoodsDetail.do?goodsNo=A000000264389&dispCatNo=100000100010014&trackingCd=Cat100000100010014_Small&t_page=카테고리관&t_click=에센스/세럼/앰플_전체__상품상세&t_number=9
[리센느 원이PICK/1+1기획] 바이오던스 포어 퍼펙팅 콜라겐 펩타이드 세럼 30ml 리필 기획,5.0,"3,590",건성,메이크업 전에 발라주면 화장 밀착력이 좋다고 해서 골라봤어요. 핑크색의 점도 있는 제형이 너무 예쁜데 바르면 피부가 살짝 쫀쫀해지는 느낌이 들고 피부결도 잘 정돈해줘서 좋아요. 저분자 콜라겐 수와 10종 펩타이드 덕분인가봐요. 모공도 매끈해진 느낌이 들면서 바르고 화장하니까 정말 들뜸 없고 피부가 좋아보여서 만족스러워요. 촉촉한 편이라 건성과 지복합성 피부 추천합니다!,https://www.oliveyoung.co.kr/store/goods/getGoodsDetail.do?goodsNo=A000000264389&dispCatNo=100000100010014&trackingCd=Cat100000100010014_Small&t_page=카테고리관&t_click=에센스/세럼/앰플_전체__상품상세&t_number=9
[리센느 원이PICK/1+1기획] 바이오던스 포어 퍼펙팅 콜라겐 펩타이드 세럼 30ml 리필 기획,5.0,"3,590",없음,수분풍전과 모공결 관리에 좋아서 아주 좋아요 제형도 매끈하면서 부드럽게 발리고 너무 찐득하거나 너무 가볍지않아 딱 좋아요,https://www.oliveyoung.co.kr/store/goods/getGoodsDetail.do?goodsNo=A000000264389&dispCatNo=100000100010014&trackingCd=Cat100000100010014_Small&t_page=카테고리관&t_click=에센스/세럼/앰플_전체__상품상세&t_number=9
[리센느 원이PICK/1+1기획] 바이오던스 포어 퍼펙팅 콜라겐 펩타이드 세럼 30ml 리필 기획,5.0,"3,590",복합성,나도 갖고싶다 원이 키링...🥹🤣 원래도 좋아해서 N통째 구매하는 세럼인데 원이가 마델이라 더더더 좋네요 사용감 발림성 모두 좋구요 리필까지있어 더 좋습니다,https://www.oliveyoung.co.kr/store/goods/getGoodsDetail.do?goodsNo=A000000264389&dispCatNo=100000100010014&trackingCd=Cat100000100010014_Small&t_page=카테고리관&t_click=에센스/세럼/앰플_전체__상품상세&t_number=9
[리센느 원이PICK/1+1기획] 바이오던스 포어 퍼펙팅 콜라겐 펩타이드 세럼 30ml 리필 기획,5.0,"3,590",복합성,n통째 사용중이에요! 다써서 또샀는데 보습이 필요할 때 바르기 좋은 세럼이에요. 핑크 핏 세럼이 피부에 수분을 가득 차게 만들어 줘요. 살짝 점도는 있지만 엄청 가벼운 느낌이라 흡수도 빠르고 저는 2번 정도 더 빨라주니까 더 좋았던 것 같아요.,https://www.oliveyoung.co.kr/store/goods/getGoodsDetail.do?goodsNo=A000000264389&dispCatNo=100000100010014&trackingCd=Cat100000100010014_Small&t_page=카테고리관&t_click=에센스/세럼/앰플_전체__상품상세&t_number=9
[리센느 원이PICK/1+1기획] 바이오던스 포어 퍼펙팅 콜라겐 펩타이드 세럼 30ml 리필 기획,5.0,"3,590",없음,세럼 제형이 너무 무겁거나 끈적이지 않고 촉촉하게 발리는 편이라 데일리로 사용하기 좋아요. 짤때 늘어나길래 점성 있어서 무거울거라고 생각했는데 바르니까 촉촉하고 무겁지 않아서 만족했습니다. 바르니까 시원한 점도 좋아요,https://www.oliveyoung.co.kr/store/goods/getGoodsDetail.do?goodsNo=A000000264389&dispCatNo=100000100010014&trackingCd=Cat100000100010014_Small&t_page=카테고리관&t_click=에센스/세럼/앰플_전체__상품상세&t_number=9
[리센느 원이PICK/1+1기획] 바이오던스 포어 퍼펙팅 콜라겐 펩타이드 세럼 30ml 리필 기획,5.0,"3,590",복합성,저분자 콜라겐수와 펩타이드 성분이 함유되어 있는 점성있는 제형이고 물같은 제형은 아니지만 흡수도 잘되고 흡수시키고나면 밀리거나 끈적이지 않고 쫀득한 느낌이 들어서 사용감이 좋았어요 기획구성이 원뿔원이라 득템한것 같아 좋아요,https://www.oliveyoung.co.kr/store/goods/getGoodsDetail.do?goodsNo=A000000264389&dispCatNo=100000100010014&trackingCd=Cat100000100010014_Small&t_page=카테고리관&t_click=에센스/세럼/앰플_전체__상품상세&t_number=9
[리센느 원이PICK/1+1기획] 바이오던스 포어 퍼펙팅 콜라겐 펩타이드 세럼 30ml 리필 기획,5.0,"3,590",복합성,바이오던스가 콜라겐 제품이 좋다고 알고있어서 한번 주문해봤는데 쫀득하게 실처럼 늘어나는 제형이고 그렇다고 끈적이거나 밀리지않고 쫀쫀하게 쫙 흡수되서 좋습니다 탄력에 도움을 주는것 같아요,https://www.oliveyoung.co.kr/store/goods/getGoodsDetail.do?goodsNo=A000000264389&dispCatNo=100000100010014&trackingCd=Cat100000100010014_Small&t_page=카테고리관&t_click=에센스/세럼/앰플_전체__상품상세&t_number=9
[리센느 원이PICK/1+1기획] 바이오던스 포어 퍼펙팅 콜라겐 펩타이드 세럼 30ml 리필 기획,5.0,"3,590",복합성,바이오던스 앰플 저번에 엄마 사줬는데 넘 좋아하셔서 또 주문 했어요 앰플이 핑크색이라 쓰면서도 기분 좋아지는 느낌이라고 하세요 꾸준히 쓰면 모공이 줄어든다고 하세요!! 제 리뷰가 도움이 되셨다면 좋아요 버튼👍 부탁드려요😍😍,https://www.oliveyoung.co.kr/store/goods/getGoodsDetail.do?goodsNo=A000000264389&dispCatNo=100000100010014&trackingCd=Cat100000100010014_Small&t_page=카테고리관&t_click=에센스/세럼/앰플_전체__상품상세&t_number=9
