product_name,review_rating,review_count,skin_type,review_text,url
[고강도레티날] 닥터디퍼런트 레티날 1500 시그니처 크림 30g,4,18,없음,레티날 1000 다 쓰고 1500 구매했어요 안정화가 잘 되어 있어서 자극이 전혀 없이 순하고 촉촉해요 용기 끝이 뽀죡해서 양조절이 편해요 몇 일 안써서 주름개선 효과는 잘 모르겠지만 효과가 있으면 좋겠어요,https://www.oliveyoung.co.kr/store/goods/getGoodsDetail.do?goodsNo=A000000262882&dispCatNo=100000100010015&trackingCd=Cat100000100010015_Small&t_page=카테고리관&t_click=크림_전체__상품상세&t_number=24
[고강도레티날] 닥터디퍼런트 레티날 1500 시그니처 크림 30g,5,18,없음,솔직히 용량에 비해 비싸긴 한데… 효과 있는 것 같아요!!! 바르고 잔 다음날 보면 피부가 탱탱합니다 ^..^ 화장품으로 이런 효과를 보다니 레티날이 좋긴 좋네요! 레티놀 잘 맞으셨던 분들이 레티날도 발라보시면 좋을 것 같아요! 용량이 적어서 금방 쓸거같은데 다음에 또 사게 될 것 같아요ㅜㅜ,https://www.oliveyoung.co.kr/store/goods/getGoodsDetail.do?goodsNo=A000000262882&dispCatNo=100000100010015&trackingCd=Cat100000100010015_Small&t_page=카테고리관&t_click=크림_전체__상품상세&t_number=24
[고강도레티날] 닥터디퍼런트 레티날 1500 시그니처 크림 30g,4,18,없음,기존 레티놀보다 레티날은 사용했더니 자극이 더 있네요. 용량을 조금씩 늘려야 될 듯합니다.,https://www.oliveyoung.co.kr/store/goods/getGoodsDetail.do?goodsNo=A000000262882&dispCatNo=100000100010015&trackingCd=Cat100000100010015_Small&t_page=카테고리관&t_click=크림_전체__상품상세&t_number=24
[고강도레티날] 닥터디퍼런트 레티날 1500 시그니처 크림 30g,5,18,없음,배송도 빠르고 아직 써보진 않았지만 효과좋으면 재구매할께요ㅎ,https://www.oliveyoung.co.kr/store/goods/getGoodsDetail.do?goodsNo=A000000262882&dispCatNo=100000100010015&trackingCd=Cat100000100010015_Small&t_page=카테고리관&t_click=크림_전체__상품상세&t_number=24
[고강도레티날] 닥터디퍼런트 레티날 1500 시그니처 크림 30g,5,18,복합성,1000짜리 세통사용하고 단계 올려야겠어서 1500짜리 사봤습니다! 아직 1000짜리 남아있어서 한달후에 1500짜리 리뷰 써볼게용~!!,https://www.oliveyoung.co.kr/store/goods/getGoodsDetail.do?goodsNo=A000000262882&dispCatNo=100000100010015&trackingCd=Cat100000100010015_Small&t_page=카테고리관&t_click=크림_전체__상품상세&t_number=24
[고강도레티날] 닥터디퍼런트 레티날 1500 시그니처 크림 30g,5,18,없음,레티놀 잘 쓰다가 끝판왕인 레티날 고강도 제품을 사봅니다. 어떻게든 노화를 막고 싶은 저의 마음이에요. 효과가 좋길 바랍니다. 꾸준히 써 볼게요,https://www.oliveyoung.co.kr/store/goods/getGoodsDetail.do?goodsNo=A000000262882&dispCatNo=100000100010015&trackingCd=Cat100000100010015_Small&t_page=카테고리관&t_click=크림_전체__상품상세&t_number=24
[고강도레티날] 닥터디퍼런트 레티날 1500 시그니처 크림 30g,5,18,없음,매번 시용하는 제품이예요. 올영세일에 저렴히 사용해서 너무 좋아요,https://www.oliveyoung.co.kr/store/goods/getGoodsDetail.do?goodsNo=A000000262882&dispCatNo=100000100010015&trackingCd=Cat100000100010015_Small&t_page=카테고리관&t_click=크림_전체__상품상세&t_number=24
[고강도레티날] 닥터디퍼런트 레티날 1500 시그니처 크림 30g,4,18,없음,고강도레티날이라고 해서 자극이 좀 있겠다 싶었는데 아무렇지도 않아요~ 아 저는 목에 바르려고 샀어요~ 담에는 얼굴에도 발라보겠어요~,https://www.oliveyoung.co.kr/store/goods/getGoodsDetail.do?goodsNo=A000000262882&dispCatNo=100000100010015&trackingCd=Cat100000100010015_Small&t_page=카테고리관&t_click=크림_전체__상품상세&t_number=24
[고강도레티날] 닥터디퍼런트 레티날 1500 시그니처 크림 30g,5,18,복합성,목주름에 쓰려고 샀습니다 효과가 좋으면 비싸도 계속 살거에요,https://www.oliveyoung.co.kr/store/goods/getGoodsDetail.do?goodsNo=A000000262882&dispCatNo=100000100010015&trackingCd=Cat100000100010015_Small&t_page=카테고리관&t_click=크림_전체__상품상세&t_number=24
[고강도레티날] 닥터디퍼런트 레티날 1500 시그니처 크림 30g,5,18,없음,닥터디퍼런트 워낙 인기많아서 고농도 레티놀이라.걱정되지만 사봣어ᄋᆢ,https://www.oliveyoung.co.kr/store/goods/getGoodsDetail.do?goodsNo=A000000262882&dispCatNo=100000100010015&trackingCd=Cat100000100010015_Small&t_page=카테고리관&t_click=크림_전체__상품상세&t_number=24
[장벽바이오크림] 지피덤 셀트리온EGF 스킨베리어 인텐시브 크림 80ml 기획 (+크림15ml+앰플1ml*3ea),5,"3,781",건성,"피부가 건조하고 컨디션이 떨어질 때마다 장벽 케어용 크림을 찾게 되는데, 셀트리온 지피덤 EGF 스킨 배리어 인텐시브 크림은 사용감이 마음에 들어요 :) 제형은 너무 묽지도, 꾸덕하지도 않은 부드러운 크림 타입이라 얼굴에 펴 바르기 편하고 생각보다 답답하거나 무겁게 남지 않았어요. 바르고 나면 피부에 얇은 보습막이 생긴 듯 촉촉하고 편안한 느낌이라 특히 저녁 스킨케어 마지막 단계에 손이 자주 갑니다. 저는 피부가 건조해서 메이크업 전에 크림을 많이 바르면 밀리는 경우도 있는데, 이건 적당량만 사용하면 아침에도 부담스럽지 않았어요. 80ml 본품이라 용량도 넉넉하고, 15ml 미니 크림과 앰플까지 함께 들어 있어 구성이 알차더라고요. 여행이나 외출할 때 미니 사이즈 챙기기에도 좋을 듯해요. 자극적인 사용감 없이 촉촉하게 피부 컨디션을 관리하고 싶을 때 꾸준히 사용해 보기 좋은 크림이라 만족합니다!",https://www.oliveyoung.co.kr/store/goods/getGoodsDetail.do?goodsNo=A000000248363&dispCatNo=100000100010015&trackingCd=Cat100000100010015_Small&t_page=카테고리관&t_click=크림_전체__상품상세&t_number=3
[장벽바이오크림] 지피덤 셀트리온EGF 스킨베리어 인텐시브 크림 80ml 기획 (+크림15ml+앰플1ml*3ea),5,"3,781",지성,피부과 원장님이 추천해서 새우의 보았는데 정말 순하고 괜찮더라구요 지금 두통째 사용 중인데 저는 건조한 바디에도 부분적으로 바르고 있는데 환절기에 정말 괜찮더라구요. 수분감 채워 주고 진정되는거 같아서 너무 좋아요 조금 붉은거 올라오면 듬뿍 바르고 자면 괜찮았어요,https://www.oliveyoung.co.kr/store/goods/getGoodsDetail.do?goodsNo=A000000248363&dispCatNo=100000100010015&trackingCd=Cat100000100010015_Small&t_page=카테고리관&t_click=크림_전체__상품상세&t_number=3
[장벽바이오크림] 지피덤 셀트리온EGF 스킨베리어 인텐시브 크림 80ml 기획 (+크림15ml+앰플1ml*3ea),5,"3,781",없음,"제 인생템,, 지금 5통이상 계속 쓰고있는 제품인데 너무 좋아요!!!ㅎㅎ 일단 수부지에 민감성이라 제품이 오일리하거나 자극적이면 바로 트러블 올라오는편인데 이거는 유일하게 트러블 안올라와요!!ㅎㅎ 그만큼 제품이 순하고 너무 좋아요~~ㅎㅎㅎ 제가 손 얼굴이 자주 트는데 바르자마자 건조한거 싹 잡아주고 장벽 튼튼해지는게 느껴집니다!!! 쓰고 많이 피부 튼튼해졌어요 ~~ㅎㅎ 완전 강추요!!!",https://www.oliveyoung.co.kr/store/goods/getGoodsDetail.do?goodsNo=A000000248363&dispCatNo=100000100010015&trackingCd=Cat100000100010015_Small&t_page=카테고리관&t_click=크림_전체__상품상세&t_number=3
[장벽바이오크림] 지피덤 셀트리온EGF 스킨베리어 인텐시브 크림 80ml 기획 (+크림15ml+앰플1ml*3ea),5,"3,781",없음,"요즘 피부가 건조하고 예민하게 느껴질 때 사용해봤는데, 크림이 부드럽게 펴 발리면서 피부에 편안하게 밀착되는 느낌이 좋았어요! 사용 후에는 겉도는 끈적임 없이 촉촉함이 오래 유지됐고, 건조해서 당기던 피부도 한결 편안하고 진정되는 느낌이라 만족하며 사용하고 있어요 ㅎ",https://www.oliveyoung.co.kr/store/goods/getGoodsDetail.do?goodsNo=A000000248363&dispCatNo=100000100010015&trackingCd=Cat100000100010015_Small&t_page=카테고리관&t_click=크림_전체__상품상세&t_number=3
[장벽바이오크림] 지피덤 셀트리온EGF 스킨베리어 인텐시브 크림 80ml 기획 (+크림15ml+앰플1ml*3ea),5,"3,781",건성,건성이면 믿고 구매 ㄱ 특히 겨울에 더 빛을 볼 제품 주변 지인들한테도 많이 추천한 ㄹㅇ 찐템 날 좀 쌀쌀해지니까 다시 찾게되어서 재재재구매 진행시킴 건성 기준 유수분 밸런스 잘 맞춰서 막을 씌워주는듯한 진정크림 재생크림류라 뻑뻑한 편이지만 잘 흡수되고 유분기 심하지 않아서 뾰루지 올라오는 것도 없음!,https://www.oliveyoung.co.kr/store/goods/getGoodsDetail.do?goodsNo=A000000248363&dispCatNo=100000100010015&trackingCd=Cat100000100010015_Small&t_page=카테고리관&t_click=크림_전체__상품상세&t_number=3
[장벽바이오크림] 지피덤 셀트리온EGF 스킨베리어 인텐시브 크림 80ml 기획 (+크림15ml+앰플1ml*3ea),5,"3,781",건성,"피부가 건조하고 예민한 편이라 장벽크림은 꾸준히 쓰는데 이거 생각보다 괜찮네요. 제형은 적당히 촉촉하면서 너무 무겁거나 끈적이지 않고, 바르고 나면 피부가 편안한 느낌이에요. 특히 세안 후 피부 당길 때 발라주니까 보습감이 오래가서 좋았어요. 자극도 딱히 없어서 요즘 아침저녁으로 잘 쓰고 있습니다. 건조한 계절에 데일리 크림으로 쓰기 괜찮을 것 같아요 :)",https://www.oliveyoung.co.kr/store/goods/getGoodsDetail.do?goodsNo=A000000248363&dispCatNo=100000100010015&trackingCd=Cat100000100010015_Small&t_page=카테고리관&t_click=크림_전체__상품상세&t_number=3
[장벽바이오크림] 지피덤 셀트리온EGF 스킨베리어 인텐시브 크림 80ml 기획 (+크림15ml+앰플1ml*3ea),5,"3,781",없음,날이 풀리면서 건조해졌는데 제품 쓰고 보습이 떨어진걸 못느끼겠습니다 ㅎㅎ 꾸덕한게 아주 보습력이 지대로입니다 올겨울은 이걸로 강추!!!,https://www.oliveyoung.co.kr/store/goods/getGoodsDetail.do?goodsNo=A000000248363&dispCatNo=100000100010015&trackingCd=Cat100000100010015_Small&t_page=카테고리관&t_click=크림_전체__상품상세&t_number=3
[장벽바이오크림] 지피덤 셀트리온EGF 스킨베리어 인텐시브 크림 80ml 기획 (+크림15ml+앰플1ml*3ea),5,"3,781",건성,"아토피 때문에 피부 장벽이 쉽게 무너져서 평소에 진짜 고생을 많이 했는데, 지피덤 써본 이후로는 이것만 재구매해서 완전히 정착했어요. 장벽 케어를 워낙 탄탄하게 잘해주니까 피부가 훨씬 편안해지더라고요. 바를 때 흡수가 쏙 잘 되고 끈적임이 심하지 않아서 부담 없이 바를 수 있는 게 가장 좋아요. 건조하다 싶을 때 중간중간 수시로 덧발라주기에도 딱이라, 저처럼 민감하고 예민한 피부이신 분들한테 정말 추천하고 싶은 제품이에요.",https://www.oliveyoung.co.kr/store/goods/getGoodsDetail.do?goodsNo=A000000248363&dispCatNo=100000100010015&trackingCd=Cat100000100010015_Small&t_page=카테고리관&t_click=크림_전체__상품상세&t_number=3
[장벽바이오크림] 지피덤 셀트리온EGF 스킨베리어 인텐시브 크림 80ml 기획 (+크림15ml+앰플1ml*3ea),5,"3,781",없음,처음 써봤는데 생각보다 제형이 꽤 리치한 편이에요. 가볍고 산뜻하게 흡수되는 크림보다는 살짝 쫀쫀하고 무게감이 있는 느낌이라 건조한 피부에 잘 맞을 것 같아요. 저는 특히 자기 전에 듬뿍 바르는 게 마음에 들었어요. 바르고 나면 피부가 촉촉하게 코팅되는 느낌이 있어서 다음 날까지 건조함이 덜한 느낌이에요. 다만 제형 자체가 가벼운 편은 아니라서 여름보다는 가을·겨울에 사용하기 좋은 크림이라는 생각이 들어요. 건조할 때는 오히려 이런 꾸덕하고 리치한 크림이 더 손이 가더라고요. 피부가 푸석하고 건조해질 때 보습감 있는 크림 찾는 분들에게 추천하고 싶어요. 저는 가을부터 겨울까지 꾸준히 써볼 예정입니다 :),https://www.oliveyoung.co.kr/store/goods/getGoodsDetail.do?goodsNo=A000000248363&dispCatNo=100000100010015&trackingCd=Cat100000100010015_Small&t_page=카테고리관&t_click=크림_전체__상품상세&t_number=3
[장벽바이오크림] 지피덤 셀트리온EGF 스킨베리어 인텐시브 크림 80ml 기획 (+크림15ml+앰플1ml*3ea),5,"3,781",복합성,피부 무너질거 같을 때 이거 바르면 짱 좋아요. 그리고 진짜 순해서 진짜 좋습니다. 저는 니들샷하고 이거 발라요.,https://www.oliveyoung.co.kr/store/goods/getGoodsDetail.do?goodsNo=A000000248363&dispCatNo=100000100010015&trackingCd=Cat100000100010015_Small&t_page=카테고리관&t_click=크림_전체__상품상세&t_number=3
[눈가&목주름케어] 바이오힐보 3D 리프팅 아이&링클 크림 25ml (더블/트리플),3,"2,735",복합성,가격 대비..용량.. 사용감 생각해보면.. 괜찮긴해요. 근데 요브랜ㄷ 써본것중..전 1등은 미스트 ㅋㅋ 아직까진 그거외에는 사실;;잘;;ㅋㅋ,https://www.oliveyoung.co.kr/store/goods/getGoodsDetail.do?goodsNo=A000000206572&dispCatNo=100000100010015&trackingCd=Cat100000100010015_Small&t_page=카테고리관&t_click=크림_전체__상품상세&t_number=19
[눈가&목주름케어] 바이오힐보 3D 리프팅 아이&링클 크림 25ml (더블/트리플),5,"2,735",복합성,아이크림을 다 써서 보다가 제일 가성비 있는걸로 고민했어요. 크림이랑 아이크림이랑 다 써본 브랜드라 익숙했어요. 생각보다 아이 괄사는 크기가 작더라고요. 기처 마지막 단계로 바릅니다,https://www.oliveyoung.co.kr/store/goods/getGoodsDetail.do?goodsNo=A000000206572&dispCatNo=100000100010015&trackingCd=Cat100000100010015_Small&t_page=카테고리관&t_click=크림_전체__상품상세&t_number=19
[눈가&목주름케어] 바이오힐보 3D 리프팅 아이&링클 크림 25ml (더블/트리플),5,"2,735",지성,바이오힐보 리프팅 아이크림 한달사용리뷰💜 구매 시 더블기획에 아이괄사까지 증정되어 완전 만족한 제품!! 제형이 쫀쫀하면서 촉촉해서 눈가 미세주름에 좋은 것 같아요! 눈가뿐만 아니라 주름이 신경쓰이는 부위에도 바르고 있어요. 괄사로 아이백부터 아이홀 팔자주름까지 지압할 수 있어서 넘 좋아요! 유용하게 사용중이에요 패키지가 예뻐서 선물용으로도 추천!!,https://www.oliveyoung.co.kr/store/goods/getGoodsDetail.do?goodsNo=A000000206572&dispCatNo=100000100010015&trackingCd=Cat100000100010015_Small&t_page=카테고리관&t_click=크림_전체__상품상세&t_number=19
[눈가&목주름케어] 바이오힐보 3D 리프팅 아이&링클 크림 25ml (더블/트리플),4,"2,735",없음,매장에서 착한 가격에 잘 샀어요. 감사히 잘 쓸께요.ㅎㅎㅎ,https://www.oliveyoung.co.kr/store/goods/getGoodsDetail.do?goodsNo=A000000206572&dispCatNo=100000100010015&trackingCd=Cat100000100010015_Small&t_page=카테고리관&t_click=크림_전체__상품상세&t_number=19
[눈가&목주름케어] 바이오힐보 3D 리프팅 아이&링클 크림 25ml (더블/트리플),5,"2,735",복합성,무난하게 사용하기 좋은 아이크림! 여름에 사용해도 많이 안 무겁고 촉촉하게 잘 발렸어요 끝까지 싹싹 다 긁어서 썻어요 ㅋㅋㅋ 재구매 의사 있습니다!,https://www.oliveyoung.co.kr/store/goods/getGoodsDetail.do?goodsNo=A000000206572&dispCatNo=100000100010015&trackingCd=Cat100000100010015_Small&t_page=카테고리관&t_click=크림_전체__상품상세&t_number=19
[눈가&목주름케어] 바이오힐보 3D 리프팅 아이&링클 크림 25ml (더블/트리플),5,"2,735",없음,꾸덕한제형이 저는 좋아서 잘 쓰고 있어요 다른건 두껍게 바르면 뭐가 나기도 했는데 이건 그런게 없어서 좋아요,https://www.oliveyoung.co.kr/store/goods/getGoodsDetail.do?goodsNo=A000000206572&dispCatNo=100000100010015&trackingCd=Cat100000100010015_Small&t_page=카테고리관&t_click=크림_전체__상품상세&t_number=19
[눈가&목주름케어] 바이오힐보 3D 리프팅 아이&링클 크림 25ml (더블/트리플),5,"2,735",없음,저는 꾸덕한 제형이 좋아서 두툼하게 올리기 좋은거 같아서 계속 쓰고 있어요 발림성도 부드러워서 좋아요,https://www.oliveyoung.co.kr/store/goods/getGoodsDetail.do?goodsNo=A000000206572&dispCatNo=100000100010015&trackingCd=Cat100000100010015_Small&t_page=카테고리관&t_click=크림_전체__상품상세&t_number=19
[눈가&목주름케어] 바이오힐보 3D 리프팅 아이&링클 크림 25ml (더블/트리플),5,"2,735",건성,"주름이 점점 걱정인데 눈가뿐만 아니라 팔자주름, 미간, 목주름 등 주름이 고민되는 다양한 부위에 바르기 편해요. 작은 괄사도 있어서 관리하기 너무 좋아요.",https://www.oliveyoung.co.kr/store/goods/getGoodsDetail.do?goodsNo=A000000206572&dispCatNo=100000100010015&trackingCd=Cat100000100010015_Small&t_page=카테고리관&t_click=크림_전체__상품상세&t_number=19
[눈가&목주름케어] 바이오힐보 3D 리프팅 아이&링클 크림 25ml (더블/트리플),3,"2,735",없음,오특으로 샀었슴... 아직 쓰던게 많아서 바르다 말다 그러는중.. 여기 크림은 열심히 바르는 중.,https://www.oliveyoung.co.kr/store/goods/getGoodsDetail.do?goodsNo=A000000206572&dispCatNo=100000100010015&trackingCd=Cat100000100010015_Small&t_page=카테고리관&t_click=크림_전체__상품상세&t_number=19
[눈가&목주름케어] 바이오힐보 3D 리프팅 아이&링클 크림 25ml (더블/트리플),5,"2,735",없음,"올리브영에서 평소 궁금했던 제품이라 구매해봤어요. 평소 궁금했던 만큼 직접 경험해보니 생각보다 괜찮았고, 전체적으로 만족스러웠어요. 기대했던 부분도 무난하게 잘 충족해줘서 부담 없이 선택하기 좋은 제품인 것 같아요. 궁금했던 분들이라면 한 번쯤 경험해봐도 괜찮을 것 같아요. 전반적으로 만족스러운 구매였어요.",https://www.oliveyoung.co.kr/store/goods/getGoodsDetail.do?goodsNo=A000000206572&dispCatNo=100000100010015&trackingCd=Cat100000100010015_Small&t_page=카테고리관&t_click=크림_전체__상품상세&t_number=19
[9월 올영픽/모공결데일리앰플] 라로슈포제 에빠끌라 울트라 컨센트레이티드 세럼 30ml (+에빠끌라 폼 50ml),5,"2,977",지성,모공 관리하기 좋은 거 같어요 약간 더 쫀득한 느낌이네요 예전보다,https://www.oliveyoung.co.kr/store/goods/getGoodsDetail.do?goodsNo=A000000262987&dispCatNo=100000100010014&trackingCd=Cat100000100010014_Small&t_page=카테고리관&t_click=에센스/세럼/앰플_전체__상품상세&t_number=24
[9월 올영픽/모공결데일리앰플] 라로슈포제 에빠끌라 울트라 컨센트레이티드 세럼 30ml (+에빠끌라 폼 50ml),1,"2,977",없음,"진짜 리뷰 잘 안쓰는데 이건 너무 아닌것 같아 개인적인 견해로 씁니다, 일단 제 기준에서는 이 제품 ㅆㄹㄱ 이구요 진정라인을 너무 잘써서 나름 기대를 했습니다 참고로 저는 트러블 안나고 어떤 제품을 써도 아무렇지 않은 수부지인데요 여름에는 그냥 파워 지성이예요 6월에 구매하니 같은 제품 샘플이 있어서 그거 먼저 썼어요 그런데 시간이 지날수록 이상하게 속건조가 심하다라고 생각했는데 아니나 다를까 성분 상단에 변성알코올이 너무 앞에 있더라구요 질감과 사용감 때문에 넣었겠지 했는데 이 제품 바른 후로 속건조가 너무 심해서 수분세럼 듬뿍 바르고 이거 써요 그 후엔 자외선 차단제 바르는데도 속건조가 상상 초월입니다 여태껏 없던 화장하면서 각질부각 생기고 결국엔 각질과 속건조 홍조가 너무 심해져서 사용 중단하고 피부과 치료 받았어요, 저 제품만 빼고 썼는데 다시 원상복구 됐습니다 본품 뜯고 딱 2번 썼는데 미련없이 ㅆㄹㄱ통으로 직행, 속건조 있으신 분들은 딴 거 사세요 솔직히 올영 라인 중 저렴하지도 않은데 더 순한 제품들 사세요",https://www.oliveyoung.co.kr/store/goods/getGoodsDetail.do?goodsNo=A000000262987&dispCatNo=100000100010014&trackingCd=Cat100000100010014_Small&t_page=카테고리관&t_click=에센스/세럼/앰플_전체__상품상세&t_number=24
[9월 올영픽/모공결데일리앰플] 라로슈포제 에빠끌라 울트라 컨센트레이티드 세럼 30ml (+에빠끌라 폼 50ml),5,"2,977",건성,건성피부에 좋습니다 추천하는 제품입니다 할인할 때 사면 좋습니다,https://www.oliveyoung.co.kr/store/goods/getGoodsDetail.do?goodsNo=A000000262987&dispCatNo=100000100010014&trackingCd=Cat100000100010014_Small&t_page=카테고리관&t_click=에센스/세럼/앰플_전체__상품상세&t_number=24
[9월 올영픽/모공결데일리앰플] 라로슈포제 에빠끌라 울트라 컨센트레이티드 세럼 30ml (+에빠끌라 폼 50ml),5,"2,977",복합성,와오아오ㅗ엉와오 진짜 이거 너무 좋아요..!!! 처음에는 괜찮을까 했는데 이제는 장바구니에 항상 잇어요ㅋㅋ 아무튼 다들 이거 사보세요!,https://www.oliveyoung.co.kr/store/goods/getGoodsDetail.do?goodsNo=A000000262987&dispCatNo=100000100010014&trackingCd=Cat100000100010014_Small&t_page=카테고리관&t_click=에센스/세럼/앰플_전체__상품상세&t_number=24
[9월 올영픽/모공결데일리앰플] 라로슈포제 에빠끌라 울트라 컨센트레이티드 세럼 30ml (+에빠끌라 폼 50ml),5,"2,977",없음,모공 케어에 좋고 기름종이가 필요없어요 ㅎ효과 좋네요!! 굿,https://www.oliveyoung.co.kr/store/goods/getGoodsDetail.do?goodsNo=A000000262987&dispCatNo=100000100010014&trackingCd=Cat100000100010014_Small&t_page=카테고리관&t_click=에센스/세럼/앰플_전체__상품상세&t_number=24
[9월 올영픽/모공결데일리앰플] 라로슈포제 에빠끌라 울트라 컨센트레이티드 세럼 30ml (+에빠끌라 폼 50ml),5,"2,977",지성,유분많고 여드름 많은 지성피부에 좋다고 그래서 구매해봤습니다!,https://www.oliveyoung.co.kr/store/goods/getGoodsDetail.do?goodsNo=A000000262987&dispCatNo=100000100010014&trackingCd=Cat100000100010014_Small&t_page=카테고리관&t_click=에센스/세럼/앰플_전체__상품상세&t_number=24
[9월 올영픽/모공결데일리앰플] 라로슈포제 에빠끌라 울트라 컨센트레이티드 세럼 30ml (+에빠끌라 폼 50ml),4,"2,977",없음,가격대비 용량이 적어서 조금이라도 세일할때 쟁여둡니다. 드라마틱한 효과는 잘 모르겠고… 민감성도 충분히 사용 가능할만큼 자극없고 순하긴 해요. 데이보다 나이트 기초단계에서 크림 전에 발라주는데 흡수 잘되고 좋아요. 다만 제형은 많이 묽어서 양 조절 잘 해야 합니다,https://www.oliveyoung.co.kr/store/goods/getGoodsDetail.do?goodsNo=A000000262987&dispCatNo=100000100010014&trackingCd=Cat100000100010014_Small&t_page=카테고리관&t_click=에센스/세럼/앰플_전체__상품상세&t_number=24
[9월 올영픽/모공결데일리앰플] 라로슈포제 에빠끌라 울트라 컨센트레이티드 세럼 30ml (+에빠끌라 폼 50ml),5,"2,977",복합성,수부지고 저녁마다 사용해 주는것 같아요. 기름기 제거에 좋은것 같아요,https://www.oliveyoung.co.kr/store/goods/getGoodsDetail.do?goodsNo=A000000262987&dispCatNo=100000100010014&trackingCd=Cat100000100010014_Small&t_page=카테고리관&t_click=에센스/세럼/앰플_전체__상품상세&t_number=24
[9월 올영픽/모공결데일리앰플] 라로슈포제 에빠끌라 울트라 컨센트레이티드 세럼 30ml (+에빠끌라 폼 50ml),5,"2,977",없음,지성에게 맞는거 같아요 저녁 스킨케어에 쓰면 확실히 개기름이 덜 지는 느낌이예요 더 일찍 알았으면 여름내내 쓰기 좋았을거 같네요,https://www.oliveyoung.co.kr/store/goods/getGoodsDetail.do?goodsNo=A000000262987&dispCatNo=100000100010014&trackingCd=Cat100000100010014_Small&t_page=카테고리관&t_click=에센스/세럼/앰플_전체__상품상세&t_number=24
[9월 올영픽/모공결데일리앰플] 라로슈포제 에빠끌라 울트라 컨센트레이티드 세럼 30ml (+에빠끌라 폼 50ml),5,"2,977",없음,만 쓰고 싶은데 양이 넘 많아서 다른 폼클은 꺼내지도 못하고ㅋㅋ 뭐 이거써서 피부가 이래조래 좋아졌다 는 아니지만 쫀쫀하니 거품만 쓰고 싶은데 양이 넘 많아서 다른 폼클은 꺼내지도 못하고ㅋㅋ 뭐 이거써서 피부가 이래조래 좋아졌다 는 아니지만 쫀쫀하니 거품,https://www.oliveyoung.co.kr/store/goods/getGoodsDetail.do?goodsNo=A000000262987&dispCatNo=100000100010014&trackingCd=Cat100000100010014_Small&t_page=카테고리관&t_click=에센스/세럼/앰플_전체__상품상세&t_number=24
[수지세럼] 아누아 피디알엔 히알루론산 캡슐 100 세럼 30mL 기획세트 (+크림 30ml),5,"17,714",복합성,anua계속쓰고있어요! 피부광나오고 멕업안하고 선크림만 사용할때도 피부 좋아보여요!,https://www.oliveyoung.co.kr/store/goods/getGoodsDetail.do?goodsNo=A000000231894&dispCatNo=100000100010014&trackingCd=Cat100000100010014_Small&t_page=카테고리관&t_click=에센스/세럼/앰플_전체__상품상세&t_number=4
[수지세럼] 아누아 피디알엔 히알루론산 캡슐 100 세럼 30mL 기획세트 (+크림 30ml),5,"17,714",건성,짱좋아요 엄청 많이 쓰는중 근데 가성비는 떨어져요 ㅎㅎ ㅜㅜ,https://www.oliveyoung.co.kr/store/goods/getGoodsDetail.do?goodsNo=A000000231894&dispCatNo=100000100010014&trackingCd=Cat100000100010014_Small&t_page=카테고리관&t_click=에센스/세럼/앰플_전체__상품상세&t_number=4
[수지세럼] 아누아 피디알엔 히알루론산 캡슐 100 세럼 30mL 기획세트 (+크림 30ml),4,"17,714",없음,워낙 광고도 많이하고 많이 떠서 구매하긴 했지만 갠적으로 PDRN 효과가 뛰어난거는 모르겠다 그냥 물같은 제형이고 거기에 생각보다 유분감은 있어서 수부지 기준으로는 너무 막 바르면 좁쌀이 난다 근데 양조절하면 화잘먹 앰플은 인정합니다 최고는 아니지만 그럭저럭인 앰플,https://www.oliveyoung.co.kr/store/goods/getGoodsDetail.do?goodsNo=A000000231894&dispCatNo=100000100010014&trackingCd=Cat100000100010014_Small&t_page=카테고리관&t_click=에센스/세럼/앰플_전체__상품상세&t_number=4
[수지세럼] 아누아 피디알엔 히알루론산 캡슐 100 세럼 30mL 기획세트 (+크림 30ml),1,"17,714",없음,바이럴이 너무 심해요 그냥 기름을 녹인 찡뜩찐득한 새럼을 바르는것같아여 비추입니다……..,https://www.oliveyoung.co.kr/store/goods/getGoodsDetail.do?goodsNo=A000000231894&dispCatNo=100000100010014&trackingCd=Cat100000100010014_Small&t_page=카테고리관&t_click=에센스/세럼/앰플_전체__상품상세&t_number=4
[수지세럼] 아누아 피디알엔 히알루론산 캡슐 100 세럼 30mL 기획세트 (+크림 30ml),4,"17,714",없음,가격 빼고 모두 좋은 제품.. 이 제품에 피디알엔 개 쪼꼼 들어간 거 모르는 사람 없잖아요? 근데 제형이 건성한테 너무 찰떡이라 잘 쓰는데 가격은 왤케 비싼 것임 ? 좋은 성분 많이 안 들었잖아여;;; 그래도 미1친 건성인 저한테는 필수품입니다,https://www.oliveyoung.co.kr/store/goods/getGoodsDetail.do?goodsNo=A000000231894&dispCatNo=100000100010014&trackingCd=Cat100000100010014_Small&t_page=카테고리관&t_click=에센스/세럼/앰플_전체__상품상세&t_number=4
[수지세럼] 아누아 피디알엔 히알루론산 캡슐 100 세럼 30mL 기획세트 (+크림 30ml),1,"17,714",없음,어느날 부터인가? 유튜브 영상에 연예인들 일제히 아누아 크림 바르고 좋아졌다고 나옴. 얼마나 좋을까. 싶어 사봤는데 효과 없음. 혹시나 해서 아누아에 대해 검색중 사막여우 영상과 피부과 의사 영상 보게됨. 결론은 ㅅㅏ기 라는 얘기가 많은걸 보게 됨. 그걸 봐서가 아니라 나도 효과 못 보고 별로임. 올리브영 vip인 골드 회원으로써 한마디 하자면 작년 미라클시드니 허위광고 허접한 상품질로 소비자 기망하는 곳은 없었으면 함. 믿고 사는 곳은 올리브영인데 한류 영향으로 외국인에게도 국위선향이 되는곳인 올리브영이.. 제품 성분. 좀 잘 보고 가려서 입점 시켰으면 함.,https://www.oliveyoung.co.kr/store/goods/getGoodsDetail.do?goodsNo=A000000231894&dispCatNo=100000100010014&trackingCd=Cat100000100010014_Small&t_page=카테고리관&t_click=에센스/세럼/앰플_전체__상품상세&t_number=4
[수지세럼] 아누아 피디알엔 히알루론산 캡슐 100 세럼 30mL 기획세트 (+크림 30ml),5,"17,714",건성,"수분 세럼, 수지 세럼 이 아이가 올영에 처음 론칭됐을 즈음 바로 구매한 거로 기억하는. 타이밍 맞게 본품 다 쓰고 리필팩 개시하면서 리뷰를 올리네요. 살짝의 시차가 있지만 이 아이와 함께 아누아 피디알엔 히알루론산 수분 캡슐 미스트도 추가 구매했죠. 본품 30ml에 리필 30m가l 추가로 기획된 아이예요. 대부분의 세럼처럼 스포이드 타입이구요. 가벼우면서 줄줄 흘러내리는 워터리한 제형이예요. 그래서 얼굴 위에 바로 도포해 주는 게 좋은. 향은 무향이라 보셔도 될. 처음엔 캡슐 세럼이라 해서 바르면서 톡톡 터지는 그런 건가 했는데 초저분자 스마트 캡슐이라 그런 느낌은 없어요. 끈적임 없고 흡수 진심 완전 빨라요. 자극 역시 1도 없었구요. PDRN+히알루론산+콜라겐 피부에 있어서 핫한 두 말 할 필요 없는 환상적인 조합. 화잘먹 데일리 아이템으로 추천드려요.",https://www.oliveyoung.co.kr/store/goods/getGoodsDetail.do?goodsNo=A000000231894&dispCatNo=100000100010014&trackingCd=Cat100000100010014_Small&t_page=카테고리관&t_click=에센스/세럼/앰플_전체__상품상세&t_number=4
[수지세럼] 아누아 피디알엔 히알루론산 캡슐 100 세럼 30mL 기획세트 (+크림 30ml),5,"17,714",없음,원래 앰플은 타제품만 사용하다가 아누아제품 팩을 사용했는데 잘 맞아서 앰플도 구매했어요! 촉촉하니 자극없고 무난하게 사용하기 좋은 것 같아요! 대용량도 출시해주시면 좋겠어요 ㅎㅎ,https://www.oliveyoung.co.kr/store/goods/getGoodsDetail.do?goodsNo=A000000231894&dispCatNo=100000100010014&trackingCd=Cat100000100010014_Small&t_page=카테고리관&t_click=에센스/세럼/앰플_전체__상품상세&t_number=4
[수지세럼] 아누아 피디알엔 히알루론산 캡슐 100 세럼 30mL 기획세트 (+크림 30ml),5,"17,714",복합성,몇통째 쓰고 있는 세럼이에요. 제 피부에 잘 맞고 속건조 잘 잡아줘서 가을오기 전에 미리 하나 쟁여요.,https://www.oliveyoung.co.kr/store/goods/getGoodsDetail.do?goodsNo=A000000231894&dispCatNo=100000100010014&trackingCd=Cat100000100010014_Small&t_page=카테고리관&t_click=에센스/세럼/앰플_전체__상품상세&t_number=4
[수지세럼] 아누아 피디알엔 히알루론산 캡슐 100 세럼 30mL 기획세트 (+크림 30ml),5,"17,714",없음,촉촉하고 아주 부드럽게 발립니다 흡수도 너무 잘 됩니다 순합니다,https://www.oliveyoung.co.kr/store/goods/getGoodsDetail.do?goodsNo=A000000231894&dispCatNo=100000100010014&trackingCd=Cat100000100010014_Small&t_page=카테고리관&t_click=에센스/세럼/앰플_전체__상품상세&t_number=4
[9월올영픽/산리오콜라보] 메이크프렘 NMN 퍼밍 엑스퍼트 앰플 50ml 기획 (+20ml+카드지갑+스마트톡),3,"3,527",지성,"엄마가 예전에 한통 다 비우셨었는데 구성,가격+폼폼푸린 기획이 너무 귀여워서 재구매했어요. 탄력앰플이라 지성,트러블 피부가 쓰기엔 좀 무겁고, 악건성인데 탄력 챙기고싶으면 좋어요! 근데 폼폼푸린 증정이...자성이 거의 없어요ㅋㅋㅋㅋ 그립톡은 은색 떼어내면 괜찮은데, 카드지갑은 카드를 꺼내려하면 바로 떨어져버려요. 아무리 증정품이더라도 자성이ㅠㅠㅠ디자인 퀄리티는 좋은데 아쉽네요",https://www.oliveyoung.co.kr/store/goods/getGoodsDetail.do?goodsNo=A000000262534&dispCatNo=100000100010014&trackingCd=Cat100000100010014_Small&t_page=카테고리관&t_click=에센스/세럼/앰플_전체__상품상세&t_number=17
[9월올영픽/산리오콜라보] 메이크프렘 NMN 퍼밍 엑스퍼트 앰플 50ml 기획 (+20ml+카드지갑+스마트톡),5,"3,527",복합성,제품도 좋고 증정도 귀여운데 자력이 쫌만 더 강했으면 더 좋았을듯 +아니 핸드폰 뒤에 붇이는걸 때고 사용해야하는데 세상 바보짓을 하고 있었네 저 같은 실수 하지 마시고 단단하게 사용하세여,https://www.oliveyoung.co.kr/store/goods/getGoodsDetail.do?goodsNo=A000000262534&dispCatNo=100000100010014&trackingCd=Cat100000100010014_Small&t_page=카테고리관&t_click=에센스/세럼/앰플_전체__상품상세&t_number=17
[9월올영픽/산리오콜라보] 메이크프렘 NMN 퍼밍 엑스퍼트 앰플 50ml 기획 (+20ml+카드지갑+스마트톡),4,"3,527",없음,폼푸 굿즈를 준다 맥세이프 그립톡을 준다 맥세이프 카드지갑을 준다 제품은 아직 사용전이고요 폼폼푸린 굿즈만 신나게 사용중입니다 단점.. 자력 너무 약함 싸구려 맥세이프 제품 사면 손만 대도 툭툭 떨어지는 그런 약한 자력.. 굿즈땜에 산건데 자력 개약해서 별하나 뺌 그립톡은 원래 쓰던 맥세이프 그립톡에서 그립부분만 떼서 옮겨심어서 사용중이고 카드지갑은 걍 폰에 안붙이고 지갑상태로만 씁니다,https://www.oliveyoung.co.kr/store/goods/getGoodsDetail.do?goodsNo=A000000262534&dispCatNo=100000100010014&trackingCd=Cat100000100010014_Small&t_page=카테고리관&t_click=에센스/세럼/앰플_전체__상품상세&t_number=17
[9월올영픽/산리오콜라보] 메이크프렘 NMN 퍼밍 엑스퍼트 앰플 50ml 기획 (+20ml+카드지갑+스마트톡),3,"3,527",복합성,"폼폼푸린 증정품 때문에 유입된 신규 고객입니당 그립톡은 자력이 약해 폰이 떨어져..무서워 사용 포기.. 카드지갑은 더 약해 서랍행.... 제품은 발림성, 흡수력 좋고 다음날 피부도 보들보들해 만족하지만 요즘 이 정도 제품은 많아서 재구매는 모르겠음.. 증정품도 구매를 결정하는 이유인 만큼 조금 더 신경 써주셨으면 함....",https://www.oliveyoung.co.kr/store/goods/getGoodsDetail.do?goodsNo=A000000262534&dispCatNo=100000100010014&trackingCd=Cat100000100010014_Small&t_page=카테고리관&t_click=에센스/세럼/앰플_전체__상품상세&t_number=17
[9월올영픽/산리오콜라보] 메이크프렘 NMN 퍼밍 엑스퍼트 앰플 50ml 기획 (+20ml+카드지갑+스마트톡),5,"3,527",없음,아니 메이크프렘 증정 퀄리티 진짜 말안됨 맥세이프 스마트톡 하나만줘도 감동인데 카드지갑까지요? 심지어 자석 개잘됨 스마트톧은 살짝 약해요 ㅠㅠ 그래도 너무너무귀여워서 그냥굿즈였어도 샀었을 비주얼 진짜 사랑해요,https://www.oliveyoung.co.kr/store/goods/getGoodsDetail.do?goodsNo=A000000262534&dispCatNo=100000100010014&trackingCd=Cat100000100010014_Small&t_page=카테고리관&t_click=에센스/세럼/앰플_전체__상품상세&t_number=17
[9월올영픽/산리오콜라보] 메이크프렘 NMN 퍼밍 엑스퍼트 앰플 50ml 기획 (+20ml+카드지갑+스마트톡),5,"3,527",복합성,"죄송합니다. 사실 제가 잿밥에 미쳐서 구매한 제품입니다. 이 카드지갑의 영롱한 자태를 보십시오. 심지어 카드지갑뿐만 아니라 그립톡도 줍니다. 폼폼푸린이 우산을 든 채 제 눈을 마주친 순간, 저는 이걸 구매하지 않을 수가 없었습니다. 그래서 사실 화장품의 기능은 부차적으로 두고 구매해버리고 말았는데요. 최근 피부 검진을 받았을 때 탄력이 부족하다는 이야기를 들었으니, 마침 탄력에 도움을 주는 세럼과 앰플이 함께 왔다고 생각하겠습니다. 제형은 연한 노란색으로, 크림과 토너의 중간 정도 느낌입니다. 흡수력은 꽤 좋고 막 기름지거나 피부 위에서 겉도는 느낌도 없었습니다. 기능성 화장품으로 부담 없이 발라주기 좋을 것 같습니다 한번 화장 전에 사용해보고 싶기도 합니다. 딱히 밀리거나 할 것 같은 제형은 아니라서 그냥 휘뚜루마뚜루 잘 사용할 것 같습니다. 그리고 무엇보다 카드지갑 정말 잘 쓰도록 하겠습니다. 감사합니다. 이런 기획을 내주셔서 정말 감사합니다. 아, 그리고 앰플을 두 가지나 주네요? 보니까 여행용으로 들고 다니기 좋은 앰플과 집에서 사용할 수 있는 앰플, 이렇게 두 가지인 것 같습니다. 그리고 여기 그려진 폼폼푸린도 정말 귀엽군요. 정말 최고입니다. 잘 쓰겠습니다. 감사합니다.",https://www.oliveyoung.co.kr/store/goods/getGoodsDetail.do?goodsNo=A000000262534&dispCatNo=100000100010014&trackingCd=Cat100000100010014_Small&t_page=카테고리관&t_click=에센스/세럼/앰플_전체__상품상세&t_number=17
[9월올영픽/산리오콜라보] 메이크프렘 NMN 퍼밍 엑스퍼트 앰플 50ml 기획 (+20ml+카드지갑+스마트톡),5,"3,527",건성,요즘 거울 볼 때마다 피부가 축 처져 보여서 탄력 앰플 하나 사야겠다 하고 골랐어요!! 받자마자 발라봤는데 제형이 완전 물 같아요. 앰플이면 당연히 끈적할 줄 알았는데 전혀 아니었어요. 톡톡 두드리면 순식간에 스며들어서 바르고 바로 화장해도 안 밀려용 다음 날 아침에 얼굴 만져보니까 속부터 촉촉한 게 느껴져요. 겉만 번들거리는 게 아니라 안이 꽉 찬 느낌이에요!! 저는 아침 저녁으로 스킨 바르고 나서 두 펌프씩 쓰고 있어요. 매일 쓰는데도 부담이 없어서 좋아용 50ml에 20ml까지 오니까 양도 진짜 넉넉해요. 작은 건 파우치에 쏙 들어가서 여행용으로 챙겨두려구요. 폼폼푸린 카드지갑이랑 스마트톡도 같이 왔는데 너무 귀여워요😍 이것만으로도 산 보람 있어요. 강추합니당 ㅎㅎ,https://www.oliveyoung.co.kr/store/goods/getGoodsDetail.do?goodsNo=A000000262534&dispCatNo=100000100010014&trackingCd=Cat100000100010014_Small&t_page=카테고리관&t_click=에센스/세럼/앰플_전체__상품상세&t_number=17
[9월올영픽/산리오콜라보] 메이크프렘 NMN 퍼밍 엑스퍼트 앰플 50ml 기획 (+20ml+카드지갑+스마트톡),5,"3,527",복합성,"요즘 피부가 예전보다 푸석하고 탄력이 떨어진 느낌이라 탄탄한 피부 컨디션 관리에 관심이 생겨서 써보게 됐어요. 메이크프렘 NMN 퍼밍 엑스퍼트 앰플은 촉촉하게 발리면서도 너무 무겁거나 끈적이는 느낌이 아니라 데일리로 사용하기 좋네요. 피부에 바르고 나면 촉촉함이 남아서 건조한 날에도 부담 없이 사용할 수 있습니다 ! 꾸준히 사용하면서 피부를 탄탄하게 관리해보고 싶어서 아침저녁으로 사용하려구요. 이번 기획은 본품에 추가 용량까지 들어 있어서 넉넉하게 사용할 수 있는 점도 마음에 들었고, 산리오 콜라보 폼푸 카드지갑이랑 스마트톡까지 구성되어 있어서 소소하게 득템한 기분이에요ㅎㅎ 패키지도 귀여워서 사용할 때마다 기분 좋습니다 !",https://www.oliveyoung.co.kr/store/goods/getGoodsDetail.do?goodsNo=A000000262534&dispCatNo=100000100010014&trackingCd=Cat100000100010014_Small&t_page=카테고리관&t_click=에센스/세럼/앰플_전체__상품상세&t_number=17
[9월올영픽/산리오콜라보] 메이크프렘 NMN 퍼밍 엑스퍼트 앰플 50ml 기획 (+20ml+카드지갑+스마트톡),5,"3,527",건성,폼폼푸린 패키지부터 귀여운데 제형이 진짜 건성에 딱이에요. 쫀쫀하고 도톰하게 발리면서 피부 속까지 수분감을 꽉 채워주는 느낌이라 건조함이 싹 잡히더라고요. 끈적거리지 않고 매끈하게 흡수돼서 속건조 케어랑 탄력 관리를 동시에 할 수 있어 만족스러워요.,https://www.oliveyoung.co.kr/store/goods/getGoodsDetail.do?goodsNo=A000000262534&dispCatNo=100000100010014&trackingCd=Cat100000100010014_Small&t_page=카테고리관&t_click=에센스/세럼/앰플_전체__상품상세&t_number=17
[9월올영픽/산리오콜라보] 메이크프렘 NMN 퍼밍 엑스퍼트 앰플 50ml 기획 (+20ml+카드지갑+스마트톡),5,"3,527",건성,"요즘 피부가 푸석하고 탄력이 떨어진 것 같아 사용해봤는데 ,앰플 제형이 촉촉하면서도 너무 무겁거나 끈적이지 않아 부담 없이 바르기 좋고, 피부에 부드럽게 흡수되는 느낌이더라구요 사용하고 나면 피부가 매끈하고 촉촉해 보이고 건조함도 덜한 것 같아요. 꾸준히 사용해보려구요 가성비도 좋고 대만족입니다",https://www.oliveyoung.co.kr/store/goods/getGoodsDetail.do?goodsNo=A000000262534&dispCatNo=100000100010014&trackingCd=Cat100000100010014_Small&t_page=카테고리관&t_click=에센스/세럼/앰플_전체__상품상세&t_number=17
[화잘먹] 페이보릿 수분조 세럼 30ml,5,427,복합성,유리병에 든 수분감 넘치는 세럼이에요! 수분감이 많아서 지성 피부인 분들이 쓰면 만족도 높을듯 발림성 넘 좋고 촉촉한 느낌으로 남아요 기초위에 마지막으로 이걸로 마무리한 담에 메이크업하면 확실히 들뜨는게 없고 오래도록 유지되면서 광도 예쁘게 나요!,https://www.oliveyoung.co.kr/store/goods/getGoodsDetail.do?goodsNo=A000000260329&dispCatNo=100000100010014&trackingCd=Cat100000100010014_Small&t_page=카테고리관&t_click=에센스/세럼/앰플_전체__상품상세&t_number=18
[화잘먹] 페이보릿 수분조 세럼 30ml,5,427,복합성,끈적이지 않고 적당하게 쫀쫀한 느낌이 들어서 화장 전에 발라 주면 밀림이나 들뜸 없이 화장이 잘 되게 해주는 제품! 요즘 메이크업 전에 꼭 바르는 제품임 바르고 안 바르고의 차이가 꽤 많이 나는 편이어서 꼭 바르게 되는 것 같음,https://www.oliveyoung.co.kr/store/goods/getGoodsDetail.do?goodsNo=A000000260329&dispCatNo=100000100010014&trackingCd=Cat100000100010014_Small&t_page=카테고리관&t_click=에센스/세럼/앰플_전체__상품상세&t_number=18
[화잘먹] 페이보릿 수분조 세럼 30ml,5,427,없음,"수분감이 부족해서 촉촉하게 사용할 세럼을 찾다가 써봤어요. 세라마이드와 히알루론산이 들어간 수분 세럼이라 피부가 건조할 때 사용하기 좋고, 부드럽고 촉촉한 제형이 피부에 매끈하게 잘 펴 발려요. 바른 뒤에는 번들거리기보다는 은은한 윤기가 남고 피부가 편안하게 촉촉해지는 느낌이에요. 데일리 수분 세럼으로 부담 없이 사용하기 좋고 패키지도 예뻐서 만족합니다.",https://www.oliveyoung.co.kr/store/goods/getGoodsDetail.do?goodsNo=A000000260329&dispCatNo=100000100010014&trackingCd=Cat100000100010014_Small&t_page=카테고리관&t_click=에센스/세럼/앰플_전체__상품상세&t_number=18
[화잘먹] 페이보릿 수분조 세럼 30ml,5,427,복합성,"요즘 피부가 푸석푸석해서 청담샵추천템 화잘먹세럼이라길래 청담샵추천템? 못참아 바로 써봤어요 일단 화잘먹세럼 이름 왜 붙었는지 바로 알겠더라구요 바르자마자 흡수속도가 정말 빠릅니다 ! 출근길에 급해서 피부기초가 탄탄하지 않은 상태에서 발라봤는데 겉돌지않고 수분 쫙 흡수하는게 느껴지더라구요? 바르고나니까 피부 쫀쫀해진 느낌+ 은은한 광 돌아서 피부가 좋아보여서 대만족,,🌝 기초 대충 쌓았을때 화장 전에 이 세럼 바르면 화장 잘 먹을거같아 청담샵화잘먹 세럼 인정이에오 급할때 바르기 추천 제 피부가 민감성 수부지인데 트러블 없었고 수분 잘 채워줍니다 프렙 따로 바를필요 없을정도로 피부가 쫀쫀해지게 해줘서 정말 맘에들어요",https://www.oliveyoung.co.kr/store/goods/getGoodsDetail.do?goodsNo=A000000260329&dispCatNo=100000100010014&trackingCd=Cat100000100010014_Small&t_page=카테고리관&t_click=에센스/세럼/앰플_전체__상품상세&t_number=18
[화잘먹] 페이보릿 수분조 세럼 30ml,5,427,없음,요즘 덥다고 에어컨이나 냉방기를 많이 틀다 보니까 피부 겉은 괜찮은데 속으로는 은근 건조함이 느껴질 때가 있어서 수분감 채워줄 세럼으로 써봤는데 제형부터 촉촉한 수분감이 느껴지는 타입이라 피부에 부드럽게 펴발리는건 물론 흡수된 후에도 피부가 촉촉해져요 끈적이거나 답답한 느낌은 전혀 없어서 더운날에도 충분히 사용할 수 있고요 수분감만 채워주는게 아니라 피부에 은은한 광도 올라와서 화장 전에 사용하면 피부결이 매끈하게 정돈되면서 베이스도 예쁘게 올라가는 느낌이 참 좋았어요 냉방기 때문에 피부가 푸석하고 속건조가 신경 쓰이는 날 수분감과 촉촉한 광채를 같이 챙기기 좋은 세럼이라 요즘 바르는 재미에 푹 빠졌어요ㅎㅎ,https://www.oliveyoung.co.kr/store/goods/getGoodsDetail.do?goodsNo=A000000260329&dispCatNo=100000100010014&trackingCd=Cat100000100010014_Small&t_page=카테고리관&t_click=에센스/세럼/앰플_전체__상품상세&t_number=18
[화잘먹] 페이보릿 수분조 세럼 30ml,5,427,없음,순하고 부드러운 세럼 우윳빛갈의 에센스 제형에 은은한 향도 좋고 부드럽게 발리면서 흡수가 착 벨벳느낌이라고 표햔하면 좋을거 같아요 자극없이 순하고 피부가 매끈매끈 해졌어요,https://www.oliveyoung.co.kr/store/goods/getGoodsDetail.do?goodsNo=A000000260329&dispCatNo=100000100010014&trackingCd=Cat100000100010014_Small&t_page=카테고리관&t_click=에센스/세럼/앰플_전체__상품상세&t_number=18
[화잘먹] 페이보릿 수분조 세럼 30ml,5,427,지성,화잘먹 세럼으로 유명해서 구매했어요~ 토너 사용 후 세럼 발라주고 흡수 쫙 시키면 피부가 쫀쫀해져서 베이스가 잘 올라가고 화장이 뜨지않고 쫜득한 피부표현 가능해요! 가을되면 바람 많이 불어 얼굴이 푸석해지는데 이세럼 쓰면 그럴 걱정은 없을듯! 이 세럼쓰면 다들 오늘 피부 좋아보인다고 해서 만족해요!,https://www.oliveyoung.co.kr/store/goods/getGoodsDetail.do?goodsNo=A000000260329&dispCatNo=100000100010014&trackingCd=Cat100000100010014_Small&t_page=카테고리관&t_click=에센스/세럼/앰플_전체__상품상세&t_number=18
[화잘먹] 페이보릿 수분조 세럼 30ml,5,427,복합성,요즘 청담샵 선생님들 인스타에 많이 나오길래 구매해봤습니다 제형은 흐르는 제형이고 흡수가 빠르고 끈적임이 없어요 모든 피부타입에 다 괜찮을 것 같아요 여러번 레이어링하기에도 가벼워서 끈적이는거 싫으하시는 분들께 추천합니다!,https://www.oliveyoung.co.kr/store/goods/getGoodsDetail.do?goodsNo=A000000260329&dispCatNo=100000100010014&trackingCd=Cat100000100010014_Small&t_page=카테고리관&t_click=에센스/세럼/앰플_전체__상품상세&t_number=18
[화잘먹] 페이보릿 수분조 세럼 30ml,5,427,건성,수부지 피부로 여름에 들뜨는 피부로 고민했는데 메이크업 전에 발라주면 피부에 수분이 꽉 차오르면서 겉은 밀림 없이 촉촉하고 쫀쫀하게 마무리돼요. 끈적이지 않고 빠르게 흡수돼서 위에 파운데이션을 올렸을 때 피부 표현이 정말 예쁘게 잘 먹습니다. 속건조로 화장 들뜨는 분들 이거 꼭 쓰세요! 선선해지고 건조한 계절이 다가오는데 들뜸 없이 매끄러운 피부를 위해 꾸준히 써보려구요,https://www.oliveyoung.co.kr/store/goods/getGoodsDetail.do?goodsNo=A000000260329&dispCatNo=100000100010014&trackingCd=Cat100000100010014_Small&t_page=카테고리관&t_click=에센스/세럼/앰플_전체__상품상세&t_number=18
[화잘먹] 페이보릿 수분조 세럼 30ml,5,427,건성,"평소 메이크업할 때 피부가 푸석하면 베이스가 들뜨거나 밀리는 게 신경 쓰였는데, 요즘은 화잘먹 세럼을 만족하며 사용하고 있어서 리뷰남겨요. 세안 후 세럼을 적당량을 펴 발라주면 피부가 촉촉하게 정돈되는 느낌이라 좋더라고요. 무엇보다 너무 무겁거나 끈적이는 사용감이 아니라 아침에 메이크업하기 전에도 부담 없이 사용할 수 있었어요. 세럼 바르고 조금 흡수시킨 다음 화장을 해봤는데, 확실히 피부가 촉촉해서 그런지 파운데이션이 들뜨지 않고 피부에 착 붙는 느낌이라 만족스러웠어요. 특히 건조해서 코 옆이나 볼 부분이 들뜨는 날에 사용하면 더 괜찮은 것 같아요. 그래서 왜 청담샵화잘먹이라는 키워드가 붙었는지 궁금했는데, 직접 사용해보니 메이크업 전에 피부 컨디션을 촉촉하게 만들어주는 점이 마음에 들었어요. 요즘은 화장하기 전에 자연스럽게 손이 가는 세럼이라 친구들에게 추천 중이에요. 😊 #화잘먹세럼 #청담샵화잘먹 #화잘먹",https://www.oliveyoung.co.kr/store/goods/getGoodsDetail.do?goodsNo=A000000260329&dispCatNo=100000100010014&trackingCd=Cat100000100010014_Small&t_page=카테고리관&t_click=에센스/세럼/앰플_전체__상품상세&t_number=18
[9월 올영픽][대용량] 파티온 노스카나인 트러블 크림 75ml 기획(+5ml),,53,없음,리뷰 수집 실패: review_tab_not_clicked,https://www.oliveyoung.co.kr/store/goods/getGoodsDetail.do?goodsNo=A000000265234&dispCatNo=100000100010015&trackingCd=Cat100000100010015_Small&t_page=카테고리관&t_click=크림_전체__상품상세&t_number=10
[손상/장벽 리페어] 아벤느 시칼파트 플러스 SOS 리페어 크림 100ml 기획 (+40ml),5,"11,049",복합성,"이거 말고 다른 브랜드 장벽크림 사용했을땐 그렇게 만족스러움을 못느꼈는데 이건 진짜.. 너무 좋아서 눈물이 다납니다.. 갑자기 얼굴에 지루성 피부염 생겨서 뭣도모르고 고생햇는데 ㄹㅇ 이거 피부염 부분에 발라주고 2-3일 지나니까 싹나아짐.... (솔직히 싹나아짐은 과장이고요,, 슬슬 개선되더니 일주?이주 꾸준히 쓰니까 싹나아짐) ㄹㅇ이렇게 효과 본 크림은 또 처음이네요 너무신기함 지금도 지루성 피부염 올라올때마다 발라주고잇는데 담날 싹가라앉고 지루성피부염 뿐만 아니라 가려운부분 ? 뭐 좀 올라오려한다? 하면 발라주고잇어요.. 근데 효과대박임진쩌",https://www.oliveyoung.co.kr/store/goods/getGoodsDetail.do?goodsNo=A000000200725&dispCatNo=100000100010015&trackingCd=Cat100000100010015_Small&t_page=카테고리관&t_click=크림_전체__상품상세&t_number=24
[손상/장벽 리페어] 아벤느 시칼파트 플러스 SOS 리페어 크림 100ml 기획 (+40ml),5,"11,049",없음,올영에서 판매하는 재생크림 거의 다 써본거 같아요. 이것도 기대해 봅니다,https://www.oliveyoung.co.kr/store/goods/getGoodsDetail.do?goodsNo=A000000200725&dispCatNo=100000100010015&trackingCd=Cat100000100010015_Small&t_page=카테고리관&t_click=크림_전체__상품상세&t_number=24
[손상/장벽 리페어] 아벤느 시칼파트 플러스 SOS 리페어 크림 100ml 기획 (+40ml),5,"11,049",복합성,피부 트러블 발생했을 때 바르면 좋습니다. 효과 괜찮아요.,https://www.oliveyoung.co.kr/store/goods/getGoodsDetail.do?goodsNo=A000000200725&dispCatNo=100000100010015&trackingCd=Cat100000100010015_Small&t_page=카테고리관&t_click=크림_전체__상품상세&t_number=24
[손상/장벽 리페어] 아벤느 시칼파트 플러스 SOS 리페어 크림 100ml 기획 (+40ml),5,"11,049",복합성,잘 사용하고 있는 제품이에요. 우선 이 제품은 자극적이지 않아서 좋아요. 그래서 여드름 있는 가족들도 잘 사용하고 있답니다. 그리고 흡수도 잘 되어서 좋더라고요. 넘 좋은 제품이에요. 몇통째 사용하고 있어요. 또 구매하도록 하겠습니다. 좋아요.,https://www.oliveyoung.co.kr/store/goods/getGoodsDetail.do?goodsNo=A000000200725&dispCatNo=100000100010015&trackingCd=Cat100000100010015_Small&t_page=카테고리관&t_click=크림_전체__상품상세&t_number=24
[손상/장벽 리페어] 아벤느 시칼파트 플러스 SOS 리페어 크림 100ml 기획 (+40ml),5,"11,049",건성,붉은기 진정 잘 되고 예민해진 피부 가라앉히기 좋음 (트러블 사라지는거 아님) 얼굴 뿐만 아니라 몸에도 바르기 좋고 보습력이 뛰어나서 겨울에 쓰기 너무 조앗음 제형은 연고.? 같은 제형이라 바르기 쉽진 않은데 별로 안 거슬려용 손등에 한번 문지르고 바름,https://www.oliveyoung.co.kr/store/goods/getGoodsDetail.do?goodsNo=A000000200725&dispCatNo=100000100010015&trackingCd=Cat100000100010015_Small&t_page=카테고리관&t_click=크림_전체__상품상세&t_number=24
[손상/장벽 리페어] 아벤느 시칼파트 플러스 SOS 리페어 크림 100ml 기획 (+40ml),5,"11,049",복합성,잘 사용하고 있는 제품이에요. 우선 이 제품은 우연히 알게되었는데 피부가 예민한 사람들도 사용하기 좋더라고요. 뿐만 아니라 바르고 나면 확실히 피부 컨디션이 좋아셔저 조아요. 기족들도 같이 사용하고 있답니다. 가격도 착해서 좋아요. 잘 사용하겠씁니다.,https://www.oliveyoung.co.kr/store/goods/getGoodsDetail.do?goodsNo=A000000200725&dispCatNo=100000100010015&trackingCd=Cat100000100010015_Small&t_page=카테고리관&t_click=크림_전체__상품상세&t_number=24
[손상/장벽 리페어] 아벤느 시칼파트 플러스 SOS 리페어 크림 100ml 기획 (+40ml),5,"11,049",없음,"3주 쓰고 작성하는 후기입니다! 둘 다 세안 직후 찍은 사진입니다 ㄹㄹㅅㅍㅈ 재생크림 쓰다가 좁쌀만 올라오고 너무 기름지는게 짜증나서 다른 재생크림 찾다가 아벤느 샀는데 정말 너무 좋아요 나이아신아마이드+레티놀+재생크림 조합이 좋다고 해서 아벤느 사서 발랐는데 조합이 너무 기름져서 그런지 좁쌀만 올라오는 거예요 ㅜㅜ 그래서 재생크림은 나랑 안 맞나보다 생각하다가 그냥 수분엠플+재생크림 조합으로 발랐더니 피부가 저렇게 바뀌었어요.. 그냥 루틴이 문제였던 ㅜㅜ 피부 좋아지는 거 보고 다른 앰플 추가하는 거 없이 계속 수분엠플+재생크림으로 3주정도 써주니깐 장벽 튼튼해져서 홍조도 많이 사라지고 모공, 요철도 많이 줄어들었어요 지성이고 모공,요철,피부장벽이 고민이다 하시면 정말 사시는 거 너무 추천드려요 ㅜㅜ",https://www.oliveyoung.co.kr/store/goods/getGoodsDetail.do?goodsNo=A000000200725&dispCatNo=100000100010015&trackingCd=Cat100000100010015_Small&t_page=카테고리관&t_click=크림_전체__상품상세&t_number=24
[손상/장벽 리페어] 아벤느 시칼파트 플러스 SOS 리페어 크림 100ml 기획 (+40ml),5,"11,049",없음,장점) - 라로슈포제 시카플라스트밤보다 여드름이 덜 남 - 적당한 백탁으로 인한 커버효과로 거울 볼때마다 피부 스트레스를 덜 받게 되는 긍정적 효과 단점) - 유수분층 분리가 너무 심함. 방심하면 파란색 물이 찍 튀어버려서 튜브 눈치보며 살살 짜야됨...,https://www.oliveyoung.co.kr/store/goods/getGoodsDetail.do?goodsNo=A000000200725&dispCatNo=100000100010015&trackingCd=Cat100000100010015_Small&t_page=카테고리관&t_click=크림_전체__상품상세&t_number=24
[손상/장벽 리페어] 아벤느 시칼파트 플러스 SOS 리페어 크림 100ml 기획 (+40ml),5,"11,049",없음,"ㅜㅜ 요즘 환절기+생리로 인해서 피부 트러블나고 장벽 무너진 것 같아서 급하게 유명한 거 구매해서 발랐는데 진짜 효과는 짱이었습니다,,, 유형은 꾸덕한 크림치즈 같은 느낌이고 처음엔 온천수랑 잘 섞이지 않아서 눌렀더니 푸슉 하고 물만 나와서 깜짝 놀랐어요 ㅠ 나중에 보니 손으로 주물주물 잘 섞어주고 발라야한다 하더라고요,, 원래 인중 쪽에 트러블짜고 자국+흉이 생겼는데 바로 위에 두둑하게 크림 얹어주고 진정돼서 그 뒤에 흉터연고 발라줬더니 바로 거의 다음날에 진정>딱지생김>흉옅어짐 사진처럼 옅어졌어요! 효과 대박입니다,,, 지성분들은 좀 무거울 수도 있을 것 같은데 건성인 저는 딱 괜찮았고 처음엔 손에 짜서 살짝 문질문질해서 얼굴에 소량만 바르는 거 추천드려요!",https://www.oliveyoung.co.kr/store/goods/getGoodsDetail.do?goodsNo=A000000200725&dispCatNo=100000100010015&trackingCd=Cat100000100010015_Small&t_page=카테고리관&t_click=크림_전체__상품상세&t_number=24
[손상/장벽 리페어] 아벤느 시칼파트 플러스 SOS 리페어 크림 100ml 기획 (+40ml),5,"11,049",없음,손상된 피부에 장벽강화를 위한 제품이에요..좀 뻑뻑한편이지만 잘 펴바르면 유수분 밸런스를 잘 맞춰주고 피분가 튼튼해져요.,https://www.oliveyoung.co.kr/store/goods/getGoodsDetail.do?goodsNo=A000000200725&dispCatNo=100000100010015&trackingCd=Cat100000100010015_Small&t_page=카테고리관&t_click=크림_전체__상품상세&t_number=24
[1등모공앰플] 성분에디터 그린토마토 NMN 포어 리프팅 앰플 40ml 더블기획,5,"3,622",지성,저는 몰라요.. 할머니 사드렸었어요 제가 효녀라고 생각되시명 따봉 한번만 부탁드립니당,https://www.oliveyoung.co.kr/store/goods/getGoodsDetail.do?goodsNo=A000000235178&dispCatNo=100000100010014&trackingCd=Cat100000100010014_Small&t_page=카테고리관&t_click=에센스/세럼/앰플_전체__상품상세&t_number=4
[1등모공앰플] 성분에디터 그린토마토 NMN 포어 리프팅 앰플 40ml 더블기획,5,"3,622",지성,이거 리뉴얼 되기 전거 썻을 때 너무 효과가 좋고 잘 썻던 기억이 잇엇는데 이번에 리뉴얼 됏길래 사서 써봣슺니다 하근데.....효과가1나도없는것같아요그냥리뉴얼전거에물탄느낌?좀에바에바라고생각하는부분 다시돌아와나에그린토맛또😭😭😱,https://www.oliveyoung.co.kr/store/goods/getGoodsDetail.do?goodsNo=A000000235178&dispCatNo=100000100010014&trackingCd=Cat100000100010014_Small&t_page=카테고리관&t_click=에센스/세럼/앰플_전체__상품상세&t_number=4
[1등모공앰플] 성분에디터 그린토마토 NMN 포어 리프팅 앰플 40ml 더블기획,5,"3,622",건성,"여름이 되니 모공도 늘어지고 피부결도 푸석해져서 사용해 봤어요 💚🌿 제형은 너무 묽지도 무겁지도 않은 적당한 앰플 타입이라 피부에 부드럽게 펴발리고 흡수도 빠른 편이에요 처음 바르면 살짝 시원한 쿨링감이 느껴지고, 마무리감도 끈적이거나 답답하지 않아서 데일리로 사용하기 좋았어요 꾸준히 사용해보니 피부가 전체적으로 매끈하고 쫀쫀하게 정돈되는 느낌은 있었지만, 모공이 눈에 띄게 확 줄어드는 정도의 드라마틱한 효과는 아니었어요 모공을 완전히 없애준다기보다는 피부결을 매끈하게 관리하면서 탄탄한 느낌을 더해주는 앰플! 모공을 쫀쫀하게 쪼아줘서 화장 전에 바르기에도 좋았어요 ㅎㅎ ✨ 총평: 가볍고 산뜻한 사용감으로 부담 없이 모공·피부결 관리를 하고 싶은 분들에게 추천! 단기간에 확실한 모공 축소 효과보다는 꾸준히 사용하면서 피부결을 매끈하게 관리하고 싶은 분들 츄라이",https://www.oliveyoung.co.kr/store/goods/getGoodsDetail.do?goodsNo=A000000235178&dispCatNo=100000100010014&trackingCd=Cat100000100010014_Small&t_page=카테고리관&t_click=에센스/세럼/앰플_전체__상품상세&t_number=4
[1등모공앰플] 성분에디터 그린토마토 NMN 포어 리프팅 앰플 40ml 더블기획,4,"3,622",없음,세일해서.자주사용하는제품이라 저렴하게 구매했습니다 아직 효과는 잘 모르겠지만 꾸준히 사용하려고합니다,https://www.oliveyoung.co.kr/store/goods/getGoodsDetail.do?goodsNo=A000000235178&dispCatNo=100000100010014&trackingCd=Cat100000100010014_Small&t_page=카테고리관&t_click=에센스/세럼/앰플_전체__상품상세&t_number=4
[1등모공앰플] 성분에디터 그린토마토 NMN 포어 리프팅 앰플 40ml 더블기획,1,"3,622",건성,성분에디터 그린토마토 모공앰플 구매해서 사용해봤는데 자극없이 순한데 효과는 잘 모르겠어요 제형은 맑은 콧물제형이고 약간 쫀득합니다,https://www.oliveyoung.co.kr/store/goods/getGoodsDetail.do?goodsNo=A000000235178&dispCatNo=100000100010014&trackingCd=Cat100000100010014_Small&t_page=카테고리관&t_click=에센스/세럼/앰플_전체__상품상세&t_number=4
[1등모공앰플] 성분에디터 그린토마토 NMN 포어 리프팅 앰플 40ml 더블기획,5,"3,622",지성,처음 사용해 봤는데 트러블과 거부감 없이 발림성도 좋아요 모공에 좋다고 하니 사용,https://www.oliveyoung.co.kr/store/goods/getGoodsDetail.do?goodsNo=A000000235178&dispCatNo=100000100010014&trackingCd=Cat100000100010014_Small&t_page=카테고리관&t_click=에센스/세럼/앰플_전체__상품상세&t_number=4
[1등모공앰플] 성분에디터 그린토마토 NMN 포어 리프팅 앰플 40ml 더블기획,4,"3,622",복합성,재구매템이엇는데 가격착하도 쫀쫀하고 모공작아지는 기능은 잘 모르겟고 ㅎ 걍 무난템?,https://www.oliveyoung.co.kr/store/goods/getGoodsDetail.do?goodsNo=A000000235178&dispCatNo=100000100010014&trackingCd=Cat100000100010014_Small&t_page=카테고리관&t_click=에센스/세럼/앰플_전체__상품상세&t_number=4
[1등모공앰플] 성분에디터 그린토마토 NMN 포어 리프팅 앰플 40ml 더블기획,5,"3,622",복합성,"지난번에 구매해서 1개씩 나눠 썼어요. 효과를 크게는 모르겠는데, 저는 나쁘지않으면 재구매하는 스타일이라",https://www.oliveyoung.co.kr/store/goods/getGoodsDetail.do?goodsNo=A000000235178&dispCatNo=100000100010014&trackingCd=Cat100000100010014_Small&t_page=카테고리관&t_click=에센스/세럼/앰플_전체__상품상세&t_number=4
[1등모공앰플] 성분에디터 그린토마토 NMN 포어 리프팅 앰플 40ml 더블기획,5,"3,622",건성,"성분에디터 브랜드는 실크펩타이드 EGF 하트핏 볼륨 리프팅 앰플 구매하면서 알게 된 브랜드인데 이 아이로 구매가 이어졌네요. 모공 고민이 현재진행형인 1인으로서 이미 사용해 본 적 있는 브랜드기도 하고 1등 모공 앰플이라 해 역시 기대 가득 구매했었죠. 본품 기준 40ml가 원플원 더블로 기획된 아이얘요. 대부분의 앰플이 그렇듯 스포이드 방식이구요. 그린토마토란 네이밍처럼 앰플액도 완전 그린 그 자체. 수분감 넘치는 제형으로 바로 흡수시켜 주세요. 빠르게 흡수되면서 진정 효과와 함께 뭔가 매끈해진 느낌적인 느낌. 개인적으로 자극은 1도 없었구요. 원플원에 이 가격대면 완전 착한 아이라 보는. 모공은 커지지 않게 꾸준히 관리해 주세야 해요, 요즘 뷰티 핫키워드 중 하나인 화잘먹. 이 아이로 시작해 보세요.",https://www.oliveyoung.co.kr/store/goods/getGoodsDetail.do?goodsNo=A000000235178&dispCatNo=100000100010014&trackingCd=Cat100000100010014_Small&t_page=카테고리관&t_click=에센스/세럼/앰플_전체__상품상세&t_number=4
[1등모공앰플] 성분에디터 그린토마토 NMN 포어 리프팅 앰플 40ml 더블기획,5,"3,622",없음,모공앰플이라해서 올영 세일해서 구매 했어요 월플이라서 가격도 좋고 효과있었음 좋겠엉ᆢㄷ,https://www.oliveyoung.co.kr/store/goods/getGoodsDetail.do?goodsNo=A000000235178&dispCatNo=100000100010014&trackingCd=Cat100000100010014_Small&t_page=카테고리관&t_click=에센스/세럼/앰플_전체__상품상세&t_number=4
[9월 올영픽] 유세린 하이알루론 3X 나이트크림 50ml 기획 (+진정장벽 마스크팩 1매+팩 브러쉬),5,"3,123",복합성,9월14일 배송예정이라고 했는데 빨리 와서 놀랬어요 본품이랑 마스크팩과 팩브러쉬증정 들어와있고 배송상태도 좋았습니다. 1년만에 다시 써 본 나이트크림이라 저녁케어에 쓰고있어요! 마냥 꾸덕하지않고 잘 스며들어서 좋습니다 유세린만의 특유의 향이 있는데 이 향이 호불호 갈릴수도 있을 것 같아요! 보습도 좋고 발림성도 좋아서 재구매하고싶어요 제 피부에는 잘 맞는 것 같아요,https://www.oliveyoung.co.kr/store/goods/getGoodsDetail.do?goodsNo=A000000263008&dispCatNo=100000100010015&trackingCd=Cat100000100010015_Small&t_page=카테고리관&t_click=크림_전체__상품상세&t_number=22
[9월 올영픽] 유세린 하이알루론 3X 나이트크림 50ml 기획 (+진정장벽 마스크팩 1매+팩 브러쉬),5,"3,123",복합성,"그동안 구매했던 나이트크림이랑 다른 종류로 구매했는데 향만 다른 것 제외하고는 별 차이 없이 자극없이 순하고 미백, 주름 케어에 도움되는 제품이네요!(물론 피부 타입에 따라 적합하지 않는 경우도 있으니 다른 후기도 잘 보세요...) 번창하세요 유세린!!",https://www.oliveyoung.co.kr/store/goods/getGoodsDetail.do?goodsNo=A000000263008&dispCatNo=100000100010015&trackingCd=Cat100000100010015_Small&t_page=카테고리관&t_click=크림_전체__상품상세&t_number=22
[9월 올영픽] 유세린 하이알루론 3X 나이트크림 50ml 기획 (+진정장벽 마스크팩 1매+팩 브러쉬),5,"3,123",없음,"피부 건조함이나 탄력 저하가 고민일 때 밤마다 찾게 되는 유세린(Eucerin) 하이알루론 [3X]+ 나이트 크림입니다. 히알루론산 성분이 피부 속 깊이 수분을 꽉 채워주고, 밤사이 피부에 풍부한 영양을 공급해 줍니다. 자고 일어났을 때 피부가 푸석하지 않고 촉촉하게 차오른 느낌을 받을 수 있어요. 제형이 밀도 높고 쫀쫀하지만 피부에 도포하면 겉돌지 않고 흡수됩니다. 유수분 밸런스를 든든하게 잡아주어 피부 장벽이 강화되는 기분입니다.민감한 피부에도 부담 없이 사용할 수 있을 만큼 순하고 편안해 데일리 나이트 케어용으로 딱입니다.",https://www.oliveyoung.co.kr/store/goods/getGoodsDetail.do?goodsNo=A000000263008&dispCatNo=100000100010015&trackingCd=Cat100000100010015_Small&t_page=카테고리관&t_click=크림_전체__상품상세&t_number=22
[9월 올영픽] 유세린 하이알루론 3X 나이트크림 50ml 기획 (+진정장벽 마스크팩 1매+팩 브러쉬),5,"3,123",복합성,"가족 모두가 잘 쓰고있는 템이에요 특히 아빠가 지성인데도 이 크림은 기름지지 않고 주름에 효과 좋은 거 같다고해서 매번 사다드립니다 ㅎㅎ 부모님 선물로도 강추 저도 여름에는 건조한 부위에만, 겨울에는 전체적으로 발라주는데 보습 잘해주면 좁쌀 요철도 없어지고 최고,, 가격이 좀 비싼게 흠이지만 기획으로 나올 때 잘 사용해요 유세린은 아이크림도 짱조흠 이거 듬뿍바르고 자면 다음날 안색도 ㄱㅊ아지고 눈가 주름도 효과 있는거같아서 어서 빨리 겨울이 왔으면 기다리는중~~ 보습크림으로 추천합니닷",https://www.oliveyoung.co.kr/store/goods/getGoodsDetail.do?goodsNo=A000000263008&dispCatNo=100000100010015&trackingCd=Cat100000100010015_Small&t_page=카테고리관&t_click=크림_전체__상품상세&t_number=22
[9월 올영픽] 유세린 하이알루론 3X 나이트크림 50ml 기획 (+진정장벽 마스크팩 1매+팩 브러쉬),5,"3,123",복합성,"쫀쫀 꾸덕 한 제형이라서 지성은 절대 못바를 것 같고 , 건성이라도 앞 에 다른 스킨 케어 꼼곰하게 해주고 이거는 많이 안발라도 괜찮음",https://www.oliveyoung.co.kr/store/goods/getGoodsDetail.do?goodsNo=A000000263008&dispCatNo=100000100010015&trackingCd=Cat100000100010015_Small&t_page=카테고리관&t_click=크림_전체__상품상세&t_number=22
[9월 올영픽] 유세린 하이알루론 3X 나이트크림 50ml 기획 (+진정장벽 마스크팩 1매+팩 브러쉬),5,"3,123",없음,유세린 하이알루론 나이트 크림은 보습 및 파부탄력 주름케에 좋은 제품으로 이미 유명한 제품으로 꾸준히 쓰고 있어요. 모든 파부에 잘 맞는 보습 크림이 필요합니다 하신 분께 적극 권해 드려요. 믿을 만한 제품으로 입니다.,https://www.oliveyoung.co.kr/store/goods/getGoodsDetail.do?goodsNo=A000000263008&dispCatNo=100000100010015&trackingCd=Cat100000100010015_Small&t_page=카테고리관&t_click=크림_전체__상품상세&t_number=22
[9월 올영픽] 유세린 하이알루론 3X 나이트크림 50ml 기획 (+진정장벽 마스크팩 1매+팩 브러쉬),5,"3,123",없음,제품이 끈기가있고 피부에 착 밀착되요 발림성도 좋고요 향도 아주좋아서 쓸때마다기분좋아요 아침세안할때 매끈한피부도좋습니다 잘 쓰고있어요,https://www.oliveyoung.co.kr/store/goods/getGoodsDetail.do?goodsNo=A000000263008&dispCatNo=100000100010015&trackingCd=Cat100000100010015_Small&t_page=카테고리관&t_click=크림_전체__상품상세&t_number=22
[9월 올영픽] 유세린 하이알루론 3X 나이트크림 50ml 기획 (+진정장벽 마스크팩 1매+팩 브러쉬),5,"3,123",지성,🤍유세린 하이알루론 3X 나이트크림 홈스테틱 기획🤍 유세린 광고로만 항상 접하다가 할인 증정행사 할때 구매했어요~! 유세린 세럼도 같이 구매를 했는데 나이트크림이랑 꾸준히 잘 사용해볼게용 :) 🤍한달사용후기🤍 저녁 세안후 듬뿍 발라주고 있는데 다음날 아침 피부가 쫀쫀해지는게 느껴져서 마음에 들어요 :),https://www.oliveyoung.co.kr/store/goods/getGoodsDetail.do?goodsNo=A000000263008&dispCatNo=100000100010015&trackingCd=Cat100000100010015_Small&t_page=카테고리관&t_click=크림_전체__상품상세&t_number=22
[9월 올영픽] 유세린 하이알루론 3X 나이트크림 50ml 기획 (+진정장벽 마스크팩 1매+팩 브러쉬),5,"3,123",없음,흠 아직안써봤는데 좋으면 재구매하려구요 잘쓰겠습니다 ㅎㅎㅎ,https://www.oliveyoung.co.kr/store/goods/getGoodsDetail.do?goodsNo=A000000263008&dispCatNo=100000100010015&trackingCd=Cat100000100010015_Small&t_page=카테고리관&t_click=크림_전체__상품상세&t_number=22
[9월 올영픽] 유세린 하이알루론 3X 나이트크림 50ml 기획 (+진정장벽 마스크팩 1매+팩 브러쉬),5,"3,123",없음,생각보다 더 작네요. 확실히 나이트 크림이라 그런지 보습감이 엄청 좋아서 어머니 사드렸는데 촉촉하다고 좋아하세요!,https://www.oliveyoung.co.kr/store/goods/getGoodsDetail.do?goodsNo=A000000263008&dispCatNo=100000100010015&trackingCd=Cat100000100010015_Small&t_page=카테고리관&t_click=크림_전체__상품상세&t_number=22
[9월 올영픽] 유세린 하이알루론 3X 아이크림 15ml 기획 (+진정장벽 마스크팩 1매+광채 세럼 7ml),5,"11,757",없음,아이크림 잘못 사면 눈시림이 심해서 못쓴게 여러개인데 이거는 정말 눈시림이 하나도 없습니다 다마 눈에 직접적으로 들어가면 좀 시리긴 하지만 이정도면 눈시림 없고 완전 만족 엄청난 효과가 있는거는 정말 오랫동안 꾸준히 써봐야 주름 예방? 차원에서 쓰지만 발림성이나 사용감 다 만족해서 가격이 좀 비싸도 재구매 했습니다,https://www.oliveyoung.co.kr/store/goods/getGoodsDetail.do?goodsNo=A000000263007&dispCatNo=100000100010015&trackingCd=Cat100000100010015_Small&t_page=카테고리관&t_click=크림_전체__상품상세&t_number=8
[9월 올영픽] 유세린 하이알루론 3X 아이크림 15ml 기획 (+진정장벽 마스크팩 1매+광채 세럼 7ml),5,"11,757",건성,다른 아이크림 사용하다가 이번에 유세린 구매해서 사용해봤는데 다른 아이크림보다 유분기가 덜해서 번들거림이 적은 게 좋아요.,https://www.oliveyoung.co.kr/store/goods/getGoodsDetail.do?goodsNo=A000000263007&dispCatNo=100000100010015&trackingCd=Cat100000100010015_Small&t_page=카테고리관&t_click=크림_전체__상품상세&t_number=8
[9월 올영픽] 유세린 하이알루론 3X 아이크림 15ml 기획 (+진정장벽 마스크팩 1매+광채 세럼 7ml),5,"11,757",없음,엄마가 사용하시는 제품인데 유세린 아이크림이 유명해서 구매했어요 사실 다른 아이크림과 차이점은 크게 못느끼겠지만 보습력도 있고 꾸준히 발라주면 좋은 것 같습니다.,https://www.oliveyoung.co.kr/store/goods/getGoodsDetail.do?goodsNo=A000000263007&dispCatNo=100000100010015&trackingCd=Cat100000100010015_Small&t_page=카테고리관&t_click=크림_전체__상품상세&t_number=8
[9월 올영픽] 유세린 하이알루론 3X 아이크림 15ml 기획 (+진정장벽 마스크팩 1매+광채 세럼 7ml),5,"11,757",없음,자주 사용하는제품인데 라이브에서 세일하길래 구매했어요. 아이크림은 이것만쓰는데 만족하고 좋아하는 제품이예요. 가격이 좀해서 세일할때마다 쟁이는중 이예요.^^ 마스크팩도 받았는데 이것도 좋더라고요. 자주 세일하길~~ 또 구매하러 올께요.자주 세일 해주세요~~,https://www.oliveyoung.co.kr/store/goods/getGoodsDetail.do?goodsNo=A000000263007&dispCatNo=100000100010015&trackingCd=Cat100000100010015_Small&t_page=카테고리관&t_click=크림_전체__상품상세&t_number=8
[9월 올영픽] 유세린 하이알루론 3X 아이크림 15ml 기획 (+진정장벽 마스크팩 1매+광채 세럼 7ml),5,"11,757",없음,20대때 자주 쓰던 아이크림인데 주름생겨서 다시 돌아왔어요! 있는 주름이 사라지진 않겠지만 미리미리 예방합니당.,https://www.oliveyoung.co.kr/store/goods/getGoodsDetail.do?goodsNo=A000000263007&dispCatNo=100000100010015&trackingCd=Cat100000100010015_Small&t_page=카테고리관&t_click=크림_전체__상품상세&t_number=8
[9월 올영픽] 유세린 하이알루론 3X 아이크림 15ml 기획 (+진정장벽 마스크팩 1매+광채 세럼 7ml),4,"11,757",없음,저는 아침용 아이크림으로 사용하고 있어요. 자외선 차단이 15 정도 돼서요. 튜브 타입이라 사용도 편리하구요. 계속해서 재구매해서 사용중입니다.,https://www.oliveyoung.co.kr/store/goods/getGoodsDetail.do?goodsNo=A000000263007&dispCatNo=100000100010015&trackingCd=Cat100000100010015_Small&t_page=카테고리관&t_click=크림_전체__상품상세&t_number=8
[9월 올영픽] 유세린 하이알루론 3X 아이크림 15ml 기획 (+진정장벽 마스크팩 1매+광채 세럼 7ml),4,"11,757",복합성,N년차 사용중이에요! 그나마 유세린 아이크림 사용해서 눈가 주름이 아직까지 진하게 올라오진 않는거 같아요! 끈적임없이 촉촉하고 좋아요,https://www.oliveyoung.co.kr/store/goods/getGoodsDetail.do?goodsNo=A000000263007&dispCatNo=100000100010015&trackingCd=Cat100000100010015_Small&t_page=카테고리관&t_click=크림_전체__상품상세&t_number=8
[9월 올영픽] 유세린 하이알루론 3X 아이크림 15ml 기획 (+진정장벽 마스크팩 1매+광채 세럼 7ml),5,"11,757",건성,아이크림이 필요해서 구경하는데 맨위에 뜨길래 구매해봤어요 워낙 유세린이 아이크림 유명해서 써봤는데 가격대가 있는편이라 자주 구매하지는 못하고 오랜만에 구매해서 써봤는데 무난하게 좋아요,https://www.oliveyoung.co.kr/store/goods/getGoodsDetail.do?goodsNo=A000000263007&dispCatNo=100000100010015&trackingCd=Cat100000100010015_Small&t_page=카테고리관&t_click=크림_전체__상품상세&t_number=8
[9월 올영픽] 유세린 하이알루론 3X 아이크림 15ml 기획 (+진정장벽 마스크팩 1매+광채 세럼 7ml),5,"11,757",없음,엄마가 아이크림 필요하다고 하셔서 마침 세일하길래 구매해봤어용! 다른 브랜드 제품들보다 가격대가 있는편인만큼 성분이 다르겠져..? 유세린 아이크림 워낙 유명해서 믿고 씁니다,https://www.oliveyoung.co.kr/store/goods/getGoodsDetail.do?goodsNo=A000000263007&dispCatNo=100000100010015&trackingCd=Cat100000100010015_Small&t_page=카테고리관&t_click=크림_전체__상품상세&t_number=8
[9월 올영픽] 유세린 하이알루론 3X 아이크림 15ml 기획 (+진정장벽 마스크팩 1매+광채 세럼 7ml),5,"11,757",복합성,"눈가 주름이랑 탄력 케어용으로 유세린이 제일 잘 맞아서 벌써 3개째 연속으로 재구매했네요. 제형이 밀착력 있게 착 흡수돼서 눈가 피부가 쫀쫀해지는 기분이 들어요. 특히 이번 기획 구성으로 같이 온 괄사가 진짜 물건인 게, 아이크림 바르고 괄사로 쓱쓱 마사지해 주면 눈가 부기도 잘 빠지고 피부가 한결 매끄러워지는 게 느껴져요. 아이크림 자체도 만족스러운데 괄사까지 유용하게 잘 쓰고 있어서 앞으로도 계속 쟁여둘 예정이에요.",https://www.oliveyoung.co.kr/store/goods/getGoodsDetail.do?goodsNo=A000000263007&dispCatNo=100000100010015&trackingCd=Cat100000100010015_Small&t_page=카테고리관&t_click=크림_전체__상품상세&t_number=8
에스트라 아토베리어365 하이드로 수딩크림 80ml 기획 (+수딩크림 10ml+클렌징폼 30g),1,"14,057",없음,제발 리뉴얼 전 버전 다시 출시 기원 .. 기존 수딩크림 그리고 그냥 365 크림 다 잘 맞는데 이것만 안 맞아요 기존 수딩크림 보습감 살짝 약해서 리뉴얼 된 거 너무 잘 맞을까봐 기대했는데 피부 좁쌀 엄청 올라옴 ㅜㅠ,https://www.oliveyoung.co.kr/store/goods/getGoodsDetail.do?goodsNo=A000000258834&dispCatNo=100000100010015&trackingCd=Cat100000100010015_Small&t_page=카테고리관&t_click=크림_전체__상품상세&t_number=15
에스트라 아토베리어365 하이드로 수딩크림 80ml 기획 (+수딩크림 10ml+클렌징폼 30g),5,"14,057",건성,리뉴얼 되고 아예 다른 제품이 되었어요;; 동생이 요고 좋다고 해서 사줬는데 리뉴얼된건 좁쌀여드름이 생긴다고 처박템 됐다네요.. 이정도면 리뉴얼이 아니고 새제품 출시 아니냐고 속상해해요 ㅠㅠ 리뷰보니까 이런사람 한둘이 아니던데 리뉴얼 전으로 되돌아가주세요…,https://www.oliveyoung.co.kr/store/goods/getGoodsDetail.do?goodsNo=A000000258834&dispCatNo=100000100010015&trackingCd=Cat100000100010015_Small&t_page=카테고리관&t_click=크림_전체__상품상세&t_number=15
에스트라 아토베리어365 하이드로 수딩크림 80ml 기획 (+수딩크림 10ml+클렌징폼 30g),5,"14,057",복합성,"❣️한달 이상 사용 리뷰❣️ ❤️가격❤️ 7월 6일 구매일 기준 가격: 24,700원 9월 6일 기준 가격: 33,000원 🧡장점🧡 메이크업 전에 발라도 밀리지 않아요! 💛사용감💛 기존 크림 사용했을땐 알갱이가 안녹고 겉도는 느낌이라 밤에만 바르고 다시 사지 않았었는데 리뉴얼 제품은 알갱이가 금방 스며들고 아침에 바르고 화장해도 잘먹더라고요! 💚재구매💚 세일이나 증정 기획 때 사두면 좋을 것 같아요!! 💙총평💙 보습 잡아줄 데이크림으로 추천해요! *사용기한: 2029.04.22 도움이 돼요 👍🏻 꾹 부탁드립니다! 🙇🏻‍♀️",https://www.oliveyoung.co.kr/store/goods/getGoodsDetail.do?goodsNo=A000000258834&dispCatNo=100000100010015&trackingCd=Cat100000100010015_Small&t_page=카테고리관&t_click=크림_전체__상품상세&t_number=15
에스트라 아토베리어365 하이드로 수딩크림 80ml 기획 (+수딩크림 10ml+클렌징폼 30g),5,"14,057",복합성,"💙 피부타입: 수부지(수분 부족형 지성), 유수분 벨붕시 트러블이 나는 피부 💙 사용 후기 수분감이 가득한 젤 크림 제형이 피부에 닿자마자 시원하게 스며들어 끈적임 없이 산뜻하게 촉촉함을 채워줌 💙 장점 피부 속건조를 확실하게 잡아주는 수딩 진정 효과에, 외출이나 여행 시 유용한 미니 크림과 폼클렌저까지 구성되어 있어 실용성이 매우 좋음 💙 아쉬운점 유분기 없이 수분 충전에 집중한 제형 특성상, 악건성 피부이거나 춥고 건조한 계절에 단독으로 바르기에는 보습 지속력이 다소 가벼울 수 있음",https://www.oliveyoung.co.kr/store/goods/getGoodsDetail.do?goodsNo=A000000258834&dispCatNo=100000100010015&trackingCd=Cat100000100010015_Small&t_page=카테고리관&t_click=크림_전체__상품상세&t_number=15
에스트라 아토베리어365 하이드로 수딩크림 80ml 기획 (+수딩크림 10ml+클렌징폼 30g),5,"14,057",복합성,에스트라 크림 너무 잘 쓰고 있어서 집에도 엄청 쟁여놨었는데 같은 라인에 수딩크림이라고 해서 너무 궁금했어요 크림은 겨울엔 너무 좋은데 여름엔 좀 무겁다고 생각 했었는데 수딩크림은 여름에도 쓰기 좋은 가벼운 제형이예요 너무 좋으네요 아토베리어 라인은 진짜 역대급 라인업^^ 에센스 로션 앰플 바디로션 싹 다 거를게 없음..,https://www.oliveyoung.co.kr/store/goods/getGoodsDetail.do?goodsNo=A000000258834&dispCatNo=100000100010015&trackingCd=Cat100000100010015_Small&t_page=카테고리관&t_click=크림_전체__상품상세&t_number=15
에스트라 아토베리어365 하이드로 수딩크림 80ml 기획 (+수딩크림 10ml+클렌징폼 30g),5,"14,057",복합성,평소에 피부가 건조한 편은 아니라 너무 꾸덕하거나 무거운 크림은 잘 안 쓰는데 요건 수분크림처럼 촉촉하게 발리면서 답답한 느낌이 없었어요! 부드럽게 잘 펴발리고 흡수되고 나면 끈적임도 별로 없어서 사용하기 좋았어요!! 특히 덥고 습한 요즘같은 날씨에는 무거운 크림 대신 가볍게 보습감 채워주는 느낌으로 쓰기 괜찮았어요! 피부 컨디션 크게 상관없이 편하게 손이 가는 크림이었어요! 😍😍,https://www.oliveyoung.co.kr/store/goods/getGoodsDetail.do?goodsNo=A000000258834&dispCatNo=100000100010015&trackingCd=Cat100000100010015_Small&t_page=카테고리관&t_click=크림_전체__상품상세&t_number=15
에스트라 아토베리어365 하이드로 수딩크림 80ml 기획 (+수딩크림 10ml+클렌징폼 30g),5,"14,057",건성,"무거운 크림이 아니라 가볍게 아침에 메이크업 하기 전에 발라도 좋아요. 속건조가 심하거나 자극받은 날 밤, 두세 번 얇게 겹쳐 발라 수면팩처럼 활용하고 있어요.",https://www.oliveyoung.co.kr/store/goods/getGoodsDetail.do?goodsNo=A000000258834&dispCatNo=100000100010015&trackingCd=Cat100000100010015_Small&t_page=카테고리관&t_click=크림_전체__상품상세&t_number=15
에스트라 아토베리어365 하이드로 수딩크림 80ml 기획 (+수딩크림 10ml+클렌징폼 30g),5,"14,057",건성,민감하고 수분이 부족한 피부의 유수분 밸런스를 맞춰줘서 좋아요,https://www.oliveyoung.co.kr/store/goods/getGoodsDetail.do?goodsNo=A000000258834&dispCatNo=100000100010015&trackingCd=Cat100000100010015_Small&t_page=카테고리관&t_click=크림_전체__상품상세&t_number=15
에스트라 아토베리어365 하이드로 수딩크림 80ml 기획 (+수딩크림 10ml+클렌징폼 30g),4,"14,057",복합성,모공이 줄었다 그런건 모르겟고 건조함이 덜해요 다른 수딩크림에 비해서 유수분 밸런스가 좀 잡힌 제품이라서 그런지 안건조한 상태가 유지되는 시간이 좀 더 길어요 전 마무리 로션느낌처럼 쓰고잇는데 막쓰기 딱 좋은거같아요 성분도 머 다른거랑 민감하게 부딪힐것도 없어서 휘뚤마뚤템 👍,https://www.oliveyoung.co.kr/store/goods/getGoodsDetail.do?goodsNo=A000000258834&dispCatNo=100000100010015&trackingCd=Cat100000100010015_Small&t_page=카테고리관&t_click=크림_전체__상품상세&t_number=15
에스트라 아토베리어365 하이드로 수딩크림 80ml 기획 (+수딩크림 10ml+클렌징폼 30g),3,"14,057",지성,왜 멀쩡한 인생템 리뉴얼해서.. 좁쌀 파티 마을잔치가 일어났어요. 성분에 세콜지 넣으려고 하신거 알겠는데 그건 필요한 사람이 추가해서 채울 수 있게 이건 가볍게 그냥 놔두시거나 새 라인으로 뽑으시지 왜..내 인생템 돌려줘요….,https://www.oliveyoung.co.kr/store/goods/getGoodsDetail.do?goodsNo=A000000258834&dispCatNo=100000100010015&trackingCd=Cat100000100010015_Small&t_page=카테고리관&t_click=크림_전체__상품상세&t_number=15
[아이돌추천템/수부지크림] 브링그린 티트리 시카 수딩 크림 플러스 100ml (2입/단품),5,"21,351",건성,몇통째인지 기억도 안나는 n번째 재구매템이에요 진정 싹 시켜주면서 수분만 채워주는 크림이라 애용해요 근데 피부염 걸렷을때는 쓰지 마세요 거의 나아갈때쯤 이거 발랏다가 처음으로 화끈거리더니 다시 뒤집어졋네요 ㅠ,https://www.oliveyoung.co.kr/store/goods/getGoodsDetail.do?goodsNo=A000000226553&dispCatNo=100000100010015&trackingCd=Cat100000100010015_Small&t_page=카테고리관&t_click=크림_전체__상품상세&t_number=20
[아이돌추천템/수부지크림] 브링그린 티트리 시카 수딩 크림 플러스 100ml (2입/단품),5,"21,351",복합성,"진짜진짜 브링그린 좋다고 주변에 다 광고하고다니는데 다들 이거 왜 안쓰시죠...? 지성 여드름쟁이는 로션 잘못사면 좁쌀파티 여드름파티 나서 버려야했는데, 이거로 정착하고 그나마 매끈한 얼굴로 다니는 중입니다. 브링그린로션, 패드, 폼클렌저 필수이고 닥터지 레드블레미쉬까지 더해줘서 진짜 많이 좋아졌어요",https://www.oliveyoung.co.kr/store/goods/getGoodsDetail.do?goodsNo=A000000226553&dispCatNo=100000100010015&trackingCd=Cat100000100010015_Small&t_page=카테고리관&t_click=크림_전체__상품상세&t_number=20
[아이돌추천템/수부지크림] 브링그린 티트리 시카 수딩 크림 플러스 100ml (2입/단품),5,"21,351",복합성,요즘 같은 날씨에 쓰기 너무 좋아요! 수부지 피부라 너무 기름지가나 답답하면 금방 기름뜨고 피부도 너무 답답한데 이건 부들부들 촉촉하니 너무 좋아요!,https://www.oliveyoung.co.kr/store/goods/getGoodsDetail.do?goodsNo=A000000226553&dispCatNo=100000100010015&trackingCd=Cat100000100010015_Small&t_page=카테고리관&t_click=크림_전체__상품상세&t_number=20
[아이돌추천템/수부지크림] 브링그린 티트리 시카 수딩 크림 플러스 100ml (2입/단품),4,"21,351",복합성,"기록하노라. 본인은 수부지 피부라 겉은 번들거리나 속은 쉽게 당기고, 붉은기도 자주 올라오는 편이라 아무 크림이나 바르지 못하였노라. 이에 이 크림을 며칠 사용해 본 결과, 가장 먼저 눈에 띈 것은 붉은기가 한결 차분해졌다는 점이었노라. 피부가 예민한 날에도 자극 없이 편안하게 흡수되어 진정감이 제법 만족스러웠노라. 또한 수분감이 꽤 오래 유지되었노라. 겉만 번들거리게 남는 크림이 아니라 피부 속까지 촉촉하게 채워주는 느낌이 들어 세안 후 당김도 덜하였노라. 그렇다고 지나치게 무겁거나 답답하지 않아 수부지 피부가 사용하기에도 부담이 적었노라. 아침에 바르고 화장을 올려도 밀림이 거의 없었으며, 시간이 지나도 피부가 쉽게 메마르지 않아 컨디션 유지에도 도움이 되었노라. 유분만 더하는 크림이 아니라 수분을 채워 피부 밸런스를 맞춰주는 느낌이라 더욱 만족스러웠노라. 총평하건대, 수부지 피부가 사용할 데일리 크림을 찾는다면 충분히 손이 갈 만한 제품이라 기록하노라.",https://www.oliveyoung.co.kr/store/goods/getGoodsDetail.do?goodsNo=A000000226553&dispCatNo=100000100010015&trackingCd=Cat100000100010015_Small&t_page=카테고리관&t_click=크림_전체__상품상세&t_number=20
[아이돌추천템/수부지크림] 브링그린 티트리 시카 수딩 크림 플러스 100ml (2입/단품),5,"21,351",건성,수분 크림 크림 시카 성분 잘 맞아서 구입 !! 무난한듯해영 !1 꾸준히 써보도록~ 할겡ㅇ,https://www.oliveyoung.co.kr/store/goods/getGoodsDetail.do?goodsNo=A000000226553&dispCatNo=100000100010015&trackingCd=Cat100000100010015_Small&t_page=카테고리관&t_click=크림_전체__상품상세&t_number=20
[아이돌추천템/수부지크림] 브링그린 티트리 시카 수딩 크림 플러스 100ml (2입/단품),5,"21,351",복합성,"수분크림을 되게 많이 사용하고 있어요. 그러다보니 뭔가 양 많고 가성비 있으면서 민감피부에 좋은 수분크림을 찾는데, 브링크린 티트리시카 수딩크림이 짱이라 주기적으로 계속 구매해요. 딱 깔끔하게 수분 채워줍니다",https://www.oliveyoung.co.kr/store/goods/getGoodsDetail.do?goodsNo=A000000226553&dispCatNo=100000100010015&trackingCd=Cat100000100010015_Small&t_page=카테고리관&t_click=크림_전체__상품상세&t_number=20
[아이돌추천템/수부지크림] 브링그린 티트리 시카 수딩 크림 플러스 100ml (2입/단품),5,"21,351",복합성,"브링그린 티트리 시카 라인은 피부가 예민해졌을 때마다 자연스럽게 손이 가는 제품이에요💚 수부지라 무거운 진정크림은 부담스러운데, 이건 촉촉하면서도 답답하거나 끈적이는 느낌 없이 편안하게 발려서 데일리로 쓰기 좋았어요. 피부 컨디션 안 좋은 날 듬뿍 발라도 부담 없고, 진정 케어가 필요할 때 특히 잘 쓰고 있어요🌿 100ml 대용량이라 아끼지 않고 팍팍 바를 수 있는 것도 장점! 재구매해서 꾸준히 쓰기 좋은 진정크림이에요.",https://www.oliveyoung.co.kr/store/goods/getGoodsDetail.do?goodsNo=A000000226553&dispCatNo=100000100010015&trackingCd=Cat100000100010015_Small&t_page=카테고리관&t_click=크림_전체__상품상세&t_number=20
[아이돌추천템/수부지크림] 브링그린 티트리 시카 수딩 크림 플러스 100ml (2입/단품),5,"21,351",복합성,벌써 2번째 구입한 찐템 후기입니다! 처음엔 친구 추천받아서 샀는데 여드름성 수부지 모두에게 맞는 제품이라 신기했어요. 제형자체가 딱 수분크림의 정석인 거 같아요. (애정 듬뿍) 수부지Tip. 사용할 때 적당량을 얼굴에게 펴 발라야 유수분 밸런스를 맞출 수 있어요!,https://www.oliveyoung.co.kr/store/goods/getGoodsDetail.do?goodsNo=A000000226553&dispCatNo=100000100010015&trackingCd=Cat100000100010015_Small&t_page=카테고리관&t_click=크림_전체__상품상세&t_number=20
[아이돌추천템/수부지크림] 브링그린 티트리 시카 수딩 크림 플러스 100ml (2입/단품),5,"21,351",없음,발림성 좋고 촉촉해요 가성비 최고임 거의 6통 넘게 비웠어요 수부지는 꼭 사기,https://www.oliveyoung.co.kr/store/goods/getGoodsDetail.do?goodsNo=A000000226553&dispCatNo=100000100010015&trackingCd=Cat100000100010015_Small&t_page=카테고리관&t_click=크림_전체__상품상세&t_number=20
[아이돌추천템/수부지크림] 브링그린 티트리 시카 수딩 크림 플러스 100ml (2입/단품),5,"21,351",없음,여름에 끈적이지 않고 가벼운 수분 크림을 찾다가 많이들 사길래 샀숩니다 정말 끈적이지 않고 좋아여 근데 지성으로 알고 있는 제 피부에도 시간 지나고 약간 땡기는 느낌이 있어요 막 건조 한건 아니고요 뭔가 속건조를 잡아주진 않는 것 같아요 그래도 끈적이지 않고 가벼워서 손이 잘 가는 수분 크림이에요 가성비로 쫭!,https://www.oliveyoung.co.kr/store/goods/getGoodsDetail.do?goodsNo=A000000226553&dispCatNo=100000100010015&trackingCd=Cat100000100010015_Small&t_page=카테고리관&t_click=크림_전체__상품상세&t_number=20
더마팩토리 트라넥삼산 6% 크림 30ml,1,"1,784",건성,금방 날라가기는 하는데 특유의 향이나서 별로예요. 여름에는 괜찮은데 겨울에는 이거만 바르면 많이 건조할 거 같아요. 흡수력은 나쁘지 않는데 다음단계 밀림이 심해서 낮에는 바를 수가 없네요. 밤에만 바르고 있는데 크게 효과는 느껴지지 않아요.,https://www.oliveyoung.co.kr/store/goods/getGoodsDetail.do?goodsNo=A000000228257&dispCatNo=100000100010015&trackingCd=Cat100000100010015_Small&t_page=카테고리관&t_click=크림_전체__상품상세&t_number=21
더마팩토리 트라넥삼산 6% 크림 30ml,5,"1,784",복합성,노란색에 발림성이 좋은 트라넥삼산6% 크림입니다. 이미 생겨버린 기미에는 그다지 효능이 없을지는 몰라도 더이상 번지지는 않게 해주는 것 같습니다 얼굴뿐 아니라 팔다리에도 듬성듬성 뭔가가 올라오는것 같아 몸에도 쓰려고 많이 구입을 해봤습니다 행사때 잘 보면 정품 하나씩 줄때가 있어서 득템하는 기분입니다,https://www.oliveyoung.co.kr/store/goods/getGoodsDetail.do?goodsNo=A000000228257&dispCatNo=100000100010015&trackingCd=Cat100000100010015_Small&t_page=카테고리관&t_click=크림_전체__상품상세&t_number=21
더마팩토리 트라넥삼산 6% 크림 30ml,5,"1,784",지성,더마팩토리 최고. 가격 성능 모든 면에서 압도적. 일단 효과가 있음. 하얘져서 또삼.,https://www.oliveyoung.co.kr/store/goods/getGoodsDetail.do?goodsNo=A000000228257&dispCatNo=100000100010015&trackingCd=Cat100000100010015_Small&t_page=카테고리관&t_click=크림_전체__상품상세&t_number=21
더마팩토리 트라넥삼산 6% 크림 30ml,4,"1,784",없음,트라넥삼산이 잘맞는거같아서 구매햇어요 저렴해서 바디용으로삿으나 이제 구매안함 좌파기업 ㄹㅈㄷ,https://www.oliveyoung.co.kr/store/goods/getGoodsDetail.do?goodsNo=A000000228257&dispCatNo=100000100010015&trackingCd=Cat100000100010015_Small&t_page=카테고리관&t_click=크림_전체__상품상세&t_number=21
더마팩토리 트라넥삼산 6% 크림 30ml,4,"1,784",없음,"없던 잡티와 기미 때문에 고민하고 있어요. 비타민씨를 바르고 싶은데 민감성 피부라 안 맞더라고요. 고민하던 찰나, 가성비 템으로 추천 받았어요. 현재까지 자극 없고 트러블 없이 잘 사용하고 있어요. 약 1달 첫 제품 사용 중입니다. 색깔은 거의 오렌지 컬러에 가깝고 특유의 철 냄새 같은 건 안나요, 오히려 상큼한 시트러스 향에 기분이 좋습니다. 아직 크게 변화된 건 없지만 옅어져라, 주문을 외우고 있습니다.",https://www.oliveyoung.co.kr/store/goods/getGoodsDetail.do?goodsNo=A000000228257&dispCatNo=100000100010015&trackingCd=Cat100000100010015_Small&t_page=카테고리관&t_click=크림_전체__상품상세&t_number=21
더마팩토리 트라넥삼산 6% 크림 30ml,5,"1,784",없음,인스타그램에서 하도 광고를 하길래 반신반의하면서 구매했는데요 생각보다 괜찮아서 저녁 때 나이트 케어 하면서 꾸준하게 사용하고 있습니다.,https://www.oliveyoung.co.kr/store/goods/getGoodsDetail.do?goodsNo=A000000228257&dispCatNo=100000100010015&trackingCd=Cat100000100010015_Small&t_page=카테고리관&t_click=크림_전체__상품상세&t_number=21
더마팩토리 트라넥삼산 6% 크림 30ml,5,"1,784",지성,이거 쓰고 여드름 흉터가 꽤 옅어졌어요!가격도 착해서 계속 재구매 할 예정입니다ㅎㅎ,https://www.oliveyoung.co.kr/store/goods/getGoodsDetail.do?goodsNo=A000000228257&dispCatNo=100000100010015&trackingCd=Cat100000100010015_Small&t_page=카테고리관&t_click=크림_전체__상품상세&t_number=21
더마팩토리 트라넥삼산 6% 크림 30ml,5,"1,784",복합성,"나이아신아마이드랑 로션에 같이 섞어서 바르면 효과가 더 좋아요! 미백, 잡티 흔적, 기미 관리에 좋습니다!",https://www.oliveyoung.co.kr/store/goods/getGoodsDetail.do?goodsNo=A000000228257&dispCatNo=100000100010015&trackingCd=Cat100000100010015_Small&t_page=카테고리관&t_click=크림_전체__상품상세&t_number=21
더마팩토리 트라넥삼산 6% 크림 30ml,5,"1,784",복합성,나이아신아마이드와 시너지가 좋습니다 효과를 톡톡히 보고있어요 특별히 자극이 있거나 하진않습니다,https://www.oliveyoung.co.kr/store/goods/getGoodsDetail.do?goodsNo=A000000228257&dispCatNo=100000100010015&trackingCd=Cat100000100010015_Small&t_page=카테고리관&t_click=크림_전체__상품상세&t_number=21
더마팩토리 트라넥삼산 6% 크림 30ml,5,"1,784",없음,광대쪽에 잡티가 올라와서 구매했는데 제형이 가볍게 스며들고 바로 흡수되서 좋아요 체감상 확실히 눈에띄던 기미가 좀 줄어든거 같아요 향은 시트러스같은 상큼한 향이 나요 가격도 저렴해서 계속 사용할꺼 같아요,https://www.oliveyoung.co.kr/store/goods/getGoodsDetail.do?goodsNo=A000000228257&dispCatNo=100000100010015&trackingCd=Cat100000100010015_Small&t_page=카테고리관&t_click=크림_전체__상품상세&t_number=21
[광채/기미] 코페르 큐리페어 멜라크림 21ml 기획(+4ml),5,"6,471",복합성,코페르 큐리페어 멜라크림 지속적으로 챙겨바르면서 기미 완화에 도움받고 있어요. 야외활동시 선제품 챙겨발라도 기미 케어는 전용제품으로 따로 관리해줘야 하더라고요. 피부에 겉돌지 않고 빠르게 스며들고 피부에 광도 나서 더 마음에 드는 멜라크림이에요. 기미가 옅어지는게 느껴져서 뿌듯합니다.,https://www.oliveyoung.co.kr/store/goods/getGoodsDetail.do?goodsNo=A000000246297&dispCatNo=100000100010015&trackingCd=Cat100000100010015_MID&t_page=카테고리관&t_click=크림_전체__상품상세&t_number=25
[광채/기미] 코페르 큐리페어 멜라크림 21ml 기획(+4ml),5,"6,471",복합성,"이 제품 예전에 쓰다가 꽤 좋았던 기억이 있어서 이번 세일 기간에 또 구매를 하게 되었네요. 그리고 사유리가 이 제품을 추천하길래 또 한번 더 주문을 하게 되었어요. 조금 꾸덕한 느낌인데 재미있는 쪽에 발라줄 때 더 피부에 착 달라붙어 있는 느낌이라 왠지 더 안심이 되더라고요. 이제 벌써 가을이 훅 다가왔고, 건조함도 확 느껴지네요. 이 제품은 미백과 건조까지 잡아 줘서 더 마음에 드는 거 같네요.",https://www.oliveyoung.co.kr/store/goods/getGoodsDetail.do?goodsNo=A000000246297&dispCatNo=100000100010015&trackingCd=Cat100000100010015_MID&t_page=카테고리관&t_click=크림_전체__상품상세&t_number=25
[광채/기미] 코페르 큐리페어 멜라크림 21ml 기획(+4ml),5,"6,471",복합성,"이 제품 요즘 자기전마다 매일 열심히 바르고 있는데, 피부톤이 한층 밝아진 것 같아 만족도가 높습니다. 성분을 살펴보니 대표적으로 미백 기능성 성분인 나이아신아마이드가 들어있고, 보습에 도움을 주는 성분들도 같이 들어있어서 그런지 피부도 꽤 촉촉해져서 너무 마음에 듭니다. 미백 제품인데 보습까지 신경 쓴 제품이라 따로 보습 제품을 쓰지 않아도 돼서 좋습니다.",https://www.oliveyoung.co.kr/store/goods/getGoodsDetail.do?goodsNo=A000000246297&dispCatNo=100000100010015&trackingCd=Cat100000100010015_MID&t_page=카테고리관&t_click=크림_전체__상품상세&t_number=25
[광채/기미] 코페르 큐리페어 멜라크림 21ml 기획(+4ml),5,"6,471",없음,요즘 저녁 세안 후에 꼭꼭 발라 주고 있는 제품이에요. 슬슬 기미가 신경이 쓰이는데 케어 정말 잘 되는 느낌이라 또 재구매했어요. 피부가 밝아지는 느낌이 들어서 넘 만족스러워요,https://www.oliveyoung.co.kr/store/goods/getGoodsDetail.do?goodsNo=A000000246297&dispCatNo=100000100010015&trackingCd=Cat100000100010015_MID&t_page=카테고리관&t_click=크림_전체__상품상세&t_number=25
[광채/기미] 코페르 큐리페어 멜라크림 21ml 기획(+4ml),5,"6,471",복합성,요즘 외부활동을 많이했다고 이마가 까맣게 되고 얼굴에 기미가 ㅜㅜ 당장 기미 더 올라오기 전에 준비했어요 끈적임없이 피부에 흡수되서 좋았어요 크림형태라 세안후 얼굴에 발라주고 흡수 시켜주면 좋습니다 2주 정도 집중적으로 관리해 주려구요 저는 심각한 이미부터 집중관리할 생각입니다,https://www.oliveyoung.co.kr/store/goods/getGoodsDetail.do?goodsNo=A000000246297&dispCatNo=100000100010015&trackingCd=Cat100000100010015_MID&t_page=카테고리관&t_click=크림_전체__상품상세&t_number=25
[광채/기미] 코페르 큐리페어 멜라크림 21ml 기획(+4ml),5,"6,471",없음,"기미만 보고 샀다가 피부 광채 때문에 재구매했어요! 한 통 제대로 비우고 재구매한 멜라크림이에요♡ 광대 쪽에 자리 잡은 기미와 잡티 때문에 처음 사용하게 됐는데 꾸준히 사용하다 보니 저는 피부 광채 변화가 특히 마음에 들었어요. 피부가 칙칙한 날에는 파운데이션을 발라도 뭔가 탁해 보였는데 요즘은 피부 자체가 촉촉하고 생기 있어 보이는 느낌이라 만족스러워요. 은은하게 차오르는 듯한 윤기가 있어서 민낯도 덜 푸석해 보이고요✨ 제형도 부드럽게 펴 발리고 무겁게 답답한 느낌이 적어서 아침에는 얇게, 저녁에는 고민 부위에 한 번 더 덧바르고 있어요. 기미 하나만 관리하는 느낌이 아니라 전체적인 피부톤과 광채까지 함께 챙길 수 있다는 점이 제가 재구매한 가장 큰 이유예요. 꾸준히 사용하는 제품은 결국 손이 편하게 가야 하는데 이건 합격♡ 두 번째도 야무지게 비우고 또 재구매할 것 같아요! 🩷",https://www.oliveyoung.co.kr/store/goods/getGoodsDetail.do?goodsNo=A000000246297&dispCatNo=100000100010015&trackingCd=Cat100000100010015_MID&t_page=카테고리관&t_click=크림_전체__상품상세&t_number=25
[광채/기미] 코페르 큐리페어 멜라크림 21ml 기획(+4ml),5,"6,471",건성,여름에 관리를 잘못했는지 요즘 기미가 얼굴에 조금씩 보이는 것 같아서 2주 집중 기미 크림 구매해 봤습니다. 코페르 큐리페어 멜라크림 인데 발림성도 좋고 엄청 촉촉하고 좋네요. 멜라닌 농도를 개선시켜 주는 제품이라 광대 쪽 기미가 생긴 곳에 꾸준히 발라 주고 있어요. 멜라크림 3ml짜리도 증정으로 줘서 여행 갈 때 가지고 가기도 딱 좋을 것 같아요 . 아주 마음에 듭니다,https://www.oliveyoung.co.kr/store/goods/getGoodsDetail.do?goodsNo=A000000246297&dispCatNo=100000100010015&trackingCd=Cat100000100010015_MID&t_page=카테고리관&t_click=크림_전체__상품상세&t_number=25
[광채/기미] 코페르 큐리페어 멜라크림 21ml 기획(+4ml),5,"6,471",없음,"거울 볼 때마다 칙칙해 보이는 피부톤이 신경 쓰여서 꾸준히 사용하고 있는 멜라크림이에요♡ 특히 기미랑 잡티가 눈에 들어오기 시작하니까 아무 크림이나 못 쓰겠더라고요ㅎㅎ 제형은 부드럽게 발리고 생각보다 답답하거나 무겁지 않아서 아침저녁으로 손이 자주 가요. 저는 스킨케어 마지막 단계에 얼굴 전체에 얇게 펴 바르고, 신경 쓰이는 부분은 한 번 더 톡톡 덧발라주고 있어요! 바르고 나면 피부에 은은하게 광채가 돌아서 피부결까지 예뻐 보이는 느낌✨ 21ml에 4ml가 추가된 기획 구성이라 휴대하기도 좋고요. 단기간보다는 꾸준히 사용해보려고요. 다 쓰면 재구매하고 싶은 크림이에요♡",https://www.oliveyoung.co.kr/store/goods/getGoodsDetail.do?goodsNo=A000000246297&dispCatNo=100000100010015&trackingCd=Cat100000100010015_MID&t_page=카테고리관&t_click=크림_전체__상품상세&t_number=25
[광채/기미] 코페르 큐리페어 멜라크림 21ml 기획(+4ml),5,"6,471",복합성,기미와 잡티가 고민이라 구매했는데 끈적임 없이 부드럽게 밀착되어 발림성이 아주 좋아요. 자극 없이 촉촉해서 매일 아침저녁으로 편하게 바르고 있어요. 칙칙했던 피부톤이 한층 맑아지고 결도 정돈되는 느낌입니다. 미니 증정까지 포함되어 있어 여항갈때도 휴대하기에도 좋아서 아주 만족해요,https://www.oliveyoung.co.kr/store/goods/getGoodsDetail.do?goodsNo=A000000246297&dispCatNo=100000100010015&trackingCd=Cat100000100010015_MID&t_page=카테고리관&t_click=크림_전체__상품상세&t_number=25
[광채/기미] 코페르 큐리페어 멜라크림 21ml 기획(+4ml),5,"6,471",건성,기미가 점점 연해지는 걸 보면서 또 재구매를 했습니다 비교 사진을 찍기 시작한지 3번째네요 사진을 비교하니 기미가 점점점 연해지고 있어요 기미가 깨지는 것도 일부는 보이면서 옅어지고있네요 코페르멜라 크림 정말 순하면서 서서히 옅어지고 있네요 바르고 자면 광도 나면서 피부가 뽀샤기해보입니다 미백쪽은 얼굴이 당기는 게 대부분인데 코페르는 촉촉하면서 광이나니 더 만족합니다 계속 더 열심히 발라볼게요,https://www.oliveyoung.co.kr/store/goods/getGoodsDetail.do?goodsNo=A000000246297&dispCatNo=100000100010015&trackingCd=Cat100000100010015_MID&t_page=카테고리관&t_click=크림_전체__상품상세&t_number=25
에스트라 아토베리어365 하이드로에센스 200ml (+크림 10ml+앰플 10ml),5,"14,588",건성,"세안하고 나면 피부가 금방 건조해지는 편이라 기초 제품을 고를 때 촉촉함이 얼마나 오래 유지되는지를 중요하게 보는 편인데, 이건 사용하면서 전체적인 피부 컨디션을 편안하게 관리하기 좋다는 느낌을 받았어요. 처음 덜어봤을 때는 에센스라서 가벼울 거라고 생각했는데 생각보다 수분감이 충분하면서도 피부에 올렸을 때 답답하게 무거운 느낌은 없었어요. 물처럼 주르륵 흐르는 제형이 아니라 적당히 부드럽고 촉촉해서 얼굴 전체에 펴 바르기 편했고, 손바닥으로 가볍게 눌러주면 피부에 촉촉하게 밀착되는 느낌이 좋았어요. 특히 세안 직후 피부가 당기거나 볼 주변이 건조하게 느껴질 때 사용하면 피부가 편안해지는 느낌이 있어서 요즘에는 세안 후 바로 챙겨 바르고 있어요. 여러 번 덧발라도 부담스럽게 끈적이는 느낌이 적고 피부 표면에 수분막이 남는 듯하면서 마무리는 비교적 산뜻해서 계절에 크게 구애받지 않고 사용하기 괜찮았어요. 건조한 부위에는 조금 더 덧발라주고 이마나 코처럼 상대적으로 유분이 신경 쓰이는 부분에는 얇게 펴 바르는 식으로 사용하니 얼굴 전체가 균형 있게 촉촉해지는 느낌이었어요. 무엇보다 좋았던 점은 다른 기초 제품과 같이 사용하기 편하다는 점이에요. 토너 다음에 바르고 크림으로 마무리해도 밀리는 현상이 거의 없었고, 아침에 사용한 뒤 메이크업을 해도 피부가 지나치게 미끄럽거나 화장이 겉도는 느낌이 심하지 않았어요. 오히려 피부가 너무 건조해서 파운데이션이 들뜨는 날에는 기초를 충분히 해준 다음 메이크업하니 피부 표현이 한결 매끄럽게 느껴졌어요. 향도 강하게 남는 타입이 아니라서 향에 민감한 편이라면 비교적 편하게 사용할 수 있을 것 같아요. 피부 컨디션이 좋지 않은 날에도 부담스럽게 여러 제품을 겹쳐 바르기보다는 이것으로 수분감을 채워주고 필요한 부분만 크림을 덧발라주는 방식으로 사용했는데 이런 간단한 루틴에도 잘 어울렸어요. 꾸준히 사용하다 보니 피부가 푸석해 보이거나 세안 후 당기는 느낌이 예전보다 덜 신경 쓰였고, 피부결도 촉촉하게 정돈된 느낌이 들어서 만족스러웠어요. 특히 건조함 때문에 스킨케어를 여러 번 덧바르는 걸 좋아하지 않는 사람이라면 한 번에 수분감을 충분히 채워주면서도 사용감이 무겁지 않은 점이 장점으로 느껴질 것 같아요. 구성에 함께 들어 있는 제품들도 여행이나 외박할 때 활용하기 좋고, 평소 사용하는 기초 루틴을 간단하게 챙겨갈 때 유용했어요.",https://www.oliveyoung.co.kr/store/goods/getGoodsDetail.do?goodsNo=A000000222837&dispCatNo=100000100010014&trackingCd=Cat100000100010014_Small&t_page=카테고리관&t_click=에센스/세럼/앰플_전체__상품상세&t_number=8
에스트라 아토베리어365 하이드로에센스 200ml (+크림 10ml+앰플 10ml),5,"14,588",건성,"✔️ 속건조, 건성피부에 좋아요. ✔️ 순하고 부드러워요.",https://www.oliveyoung.co.kr/store/goods/getGoodsDetail.do?goodsNo=A000000222837&dispCatNo=100000100010014&trackingCd=Cat100000100010014_Small&t_page=카테고리관&t_click=에센스/세럼/앰플_전체__상품상세&t_number=8
에스트라 아토베리어365 하이드로에센스 200ml (+크림 10ml+앰플 10ml),5,"14,588",복합성,"속건조잡는 에센스로 최고입니다. 가격이 좀 비싼 편이지만 값어치는 톡톡히 하는 제품이예요. 아침, 저녁 모두 사용하다보니 벌써 거의 다 썼네요. 묽고 수분감 가득한 에센스가 피부에 촉촉하게 스며들면서 건조한 피부가 편안해집니다.",https://www.oliveyoung.co.kr/store/goods/getGoodsDetail.do?goodsNo=A000000222837&dispCatNo=100000100010014&trackingCd=Cat100000100010014_Small&t_page=카테고리관&t_click=에센스/세럼/앰플_전체__상품상세&t_number=8
에스트라 아토베리어365 하이드로에센스 200ml (+크림 10ml+앰플 10ml),5,"14,588",복합성,첫단계에 보습감 잘 채워주는 퍼스트 에센스 느낌 남자분들 사용하기에도 조아용,https://www.oliveyoung.co.kr/store/goods/getGoodsDetail.do?goodsNo=A000000222837&dispCatNo=100000100010014&trackingCd=Cat100000100010014_Small&t_page=카테고리관&t_click=에센스/세럼/앰플_전체__상품상세&t_number=8
에스트라 아토베리어365 하이드로에센스 200ml (+크림 10ml+앰플 10ml),5,"14,588",지성,"촉촉한 수분감을 채워주면서 피부를 편안하게 관리하고 싶어서 사용해봤는데 만족스러웠어요. 제형은 묽고 부드러운 에센스 타입이라 피부에 가볍게 펴 바르기 좋고, 여러 번 덧발라도 무겁거나 답답한 느낌이 적었습니다. 세안 후 피부가 건조해서 당기는 순간에 발라주면 수분감이 빠르게 채워지는 느낌이 들고, 피부결도 한층 매끄럽게 정돈되는 느낌이라 첫 단계 스킨케어로 사용하기 좋았어요. 손바닥에 덜어 얼굴 전체에 부드럽게 펴 바른 뒤 가볍게 두드려 흡수시켜주면 촉촉함이 자연스럽게 남습니다. 끈적임이 심한 제품은 사용 후 머리카락이 얼굴에 달라붙거나 답답하게 느껴질 때가 있는데, 이 제품은 비교적 산뜻하게 마무리되어 아침에도 부담 없이 사용할 수 있었어요. 특히 메이크업 전에 사용해도 피부가 과하게 미끄럽지 않아 다음 단계의 크림이나 선크림을 바르기 편했습니다. 피부가 푸석하고 건조해 보이는 날에는 한 번만 바르는 것보다 얇게 여러 번 레이어링해주면 촉촉한 느낌을 더 충분하게 느낄 수 있어서 컨디션에 따라 사용량을 조절하기도 좋았어요. 피부가 건조한 날에는 얼굴 전체가 당기는 느낌이 들면서 스킨케어 제품을 여러 개 겹쳐 바르게 되는데, 이 제품은 가볍게 수분감을 더해주는 용도로 사용하기 좋아 손이 자주 갔습니다. 아침에는 한두 번 가볍게 발라주고, 저녁에는 조금 넉넉하게 사용해 피부를 촉촉하게 관리해주고 있어요. 200ml라 용량도 넉넉해서 매일 사용하기에 좋고, 아낌없이 사용할 수 있다는 점도 마음에 들었습니다. 함께 구성된 크림과 앰플도 활용도가 높았어요. 크림은 에센스로 수분을 채운 뒤 마무리 보습 단계에서 사용하기 좋았고, 피부가 유난히 건조하게 느껴지는 날에는 조금 더 꼼꼼하게 발라주면 촉촉함을 유지하는 데 도움이 되는 느낌이었습니다. 앰플은 10ml의 작은 용량이라 여행이나 외박할 때 챙겨가기 좋고, 피부 컨디션에 따라 집중적으로 사용하기에도 편했어요. 본품 하나만 사용하는 것보다 에센스와 크림, 앰플을 함께 활용할 수 있어 스킨케어 루틴을 구성하기 좋았습니다. 전체적으로 무겁고 번들거리는 보습보다는 피부에 수분을 가볍게 채워주면서 편안하게 마무리되는 사용감이 마음에 들었어요. 건조함으로 인해 피부가 푸석해 보일 때 사용하면 촉촉하고 매끄러운 피부결로 정돈되는 느낌도 좋았습니다. 향도 강하게 느껴지지 않아 향에 민감한 날에도 부담 없이 사용할 수 있었고, 매일 아침저녁으로 꾸준히 사용하기 좋은 제품이라는 생각이 들었어요. 대용량이라 가성비 있게 사용할 수 있는 데다 크림과 앰플까지 함께 구성되어 있어 실용적인 기획이에요!",https://www.oliveyoung.co.kr/store/goods/getGoodsDetail.do?goodsNo=A000000222837&dispCatNo=100000100010014&trackingCd=Cat100000100010014_Small&t_page=카테고리관&t_click=에센스/세럼/앰플_전체__상품상세&t_number=8
에스트라 아토베리어365 하이드로에센스 200ml (+크림 10ml+앰플 10ml),5,"14,588",지성,원래 사은품으로 준 작은거 쓰다가 너무 좋아서 큰거로 하나 샀어요 수분을 잘 공급해줘서 너무 좋습니당,https://www.oliveyoung.co.kr/store/goods/getGoodsDetail.do?goodsNo=A000000222837&dispCatNo=100000100010014&trackingCd=Cat100000100010014_Small&t_page=카테고리관&t_click=에센스/세럼/앰플_전체__상품상세&t_number=8
에스트라 아토베리어365 하이드로에센스 200ml (+크림 10ml+앰플 10ml),5,"14,588",복합성,전에도 잘 사용하던거라 피부장벽 무너져서 재구매 했습니다,https://www.oliveyoung.co.kr/store/goods/getGoodsDetail.do?goodsNo=A000000222837&dispCatNo=100000100010014&trackingCd=Cat100000100010014_Small&t_page=카테고리관&t_click=에센스/세럼/앰플_전체__상품상세&t_number=8
에스트라 아토베리어365 하이드로에센스 200ml (+크림 10ml+앰플 10ml),5,"14,588",건성,넘 조아요 여름엔 크림 안발라도 될만큼 보습 충분히 되는거같아여!! 가볍고 흡수 빠르고 수분 보습 잘되고.. 보통 이런 이유로 앰플을 샀었는데 앰플은 넘 비싸고 또 용량 엄청 작잖아요?ㅜ 보습템 원리는 잘 모르겠지만 전 이 에센스가 충분히 그런 앰플들 대체할 수 있다고 봐요..😚 구매 안할 이유가 없네여 다 쓰면 재구매할거에여!!!,https://www.oliveyoung.co.kr/store/goods/getGoodsDetail.do?goodsNo=A000000222837&dispCatNo=100000100010014&trackingCd=Cat100000100010014_Small&t_page=카테고리관&t_click=에센스/세럼/앰플_전체__상품상세&t_number=8
에스트라 아토베리어365 하이드로에센스 200ml (+크림 10ml+앰플 10ml),5,"14,588",없음,여름에는 크림까지 헤비해서 이제품 발랐더니 건조하지않고 화장도 안밀려서 계속 사용중,https://www.oliveyoung.co.kr/store/goods/getGoodsDetail.do?goodsNo=A000000222837&dispCatNo=100000100010014&trackingCd=Cat100000100010014_Small&t_page=카테고리관&t_click=에센스/세럼/앰플_전체__상품상세&t_number=8
에스트라 아토베리어365 하이드로에센스 200ml (+크림 10ml+앰플 10ml),5,"14,588",지성,자극 없고 너무 좋아요! 이 라인 제품 다 사고 있어요ㅎㅎ 완전 만족이에요,https://www.oliveyoung.co.kr/store/goods/getGoodsDetail.do?goodsNo=A000000222837&dispCatNo=100000100010014&trackingCd=Cat100000100010014_Small&t_page=카테고리관&t_click=에센스/세럼/앰플_전체__상품상세&t_number=8
에스트라 아토베리어365 세라-히알 속수분 앰플 30ml+30ml 리필 기획,5,"7,699",없음,아 이거 너무 좋은데 너무너무 비싸서 텅장될 뻔 했거든요 근데 아주 훌륭한 대체템을 찾았어요 여러분 바이ㅇ던스 세라놀앰플!!! 그거 진짜 원재료들도 순하고 몇가지 안 들었고 자극도 없고 비싼편이지만 세일 할 땐 에스트라보다 싸고 펌프라서 편하고 속건조 싹 잡아주고 아 진짜 훌륭한 대체템이에요 너무 추천해요 물론 에스트라가 왕세일을 한다면 에스트라를 왕창쟁여버릴 정도로 너무 좋은 앰플이에요,https://www.oliveyoung.co.kr/store/goods/getGoodsDetail.do?goodsNo=A000000245091&dispCatNo=100000100010014&trackingCd=Cat100000100010014_Small&t_page=카테고리관&t_click=에센스/세럼/앰플_전체__상품상세&t_number=12
에스트라 아토베리어365 세라-히알 속수분 앰플 30ml+30ml 리필 기획,5,"7,699",건성,끈적임이나 묵직함 없이 부드럽게 펼쳐발라져요. 피부 장벽 케어와 히알루론산의 수분 충전을 편하게 할 수 있어요. 끈적이지 않아서 좋아요. 크림과 같이 쓰면 시너지를 낼 수 있어요.,https://www.oliveyoung.co.kr/store/goods/getGoodsDetail.do?goodsNo=A000000245091&dispCatNo=100000100010014&trackingCd=Cat100000100010014_Small&t_page=카테고리관&t_click=에센스/세럼/앰플_전체__상품상세&t_number=12
에스트라 아토베리어365 세라-히알 속수분 앰플 30ml+30ml 리필 기획,5,"7,699",없음,다썼어요 수분앰플 비싼데 좀 해프게 쓰게 되네요ㅠㅠ 좋아요 그래두,https://www.oliveyoung.co.kr/store/goods/getGoodsDetail.do?goodsNo=A000000245091&dispCatNo=100000100010014&trackingCd=Cat100000100010014_Small&t_page=카테고리관&t_click=에센스/세럼/앰플_전체__상품상세&t_number=12
에스트라 아토베리어365 세라-히알 속수분 앰플 30ml+30ml 리필 기획,5,"7,699",없음,"🧱 피부장벽 케어 체감 최고!! 보습감 자체는 무난한 편인데, 이 제품은 진짜 피부장벽이 탄탄해지는 게 느껴져서 계속 쓰게 돼요. 저는 날씨가 추워지거나 환절기, 겨울만 되면 얼굴이 건조해지면서 피부염처럼 붉고 예민하게 올라오는 편이에요. 그럴 때마다 수분앰플을 몇 번씩 덧발라도 소용없어서 결국 피부과에서 처방받은 연고를 사용해야 가라앉곤 했거든요. 그런데 이 제품을 포함해서 같은 라인의 앰플+에센스+크림을 같이 쓰기 시작한 뒤로는 신기하게도 예전처럼 피부가 쉽게 뒤집어지지 않더라고요. 그때 처음으로 ‘아, 내 피부는 단순히 수분이 부족한 게 아니라 장벽 관리가 필요했던 거구나’ 싶었어요. 막 엄청 리치하고 즉각적으로 촉촉한 앰플은 아닌데, 꾸준히 쓸수록 피부 자체가 덜 건조하고 쉽게 예민해지지 않는 느낌이라 저는 오히려 이런 제품이 더 좋더라고요. 물론 피부마다 차이는 있겠지만 저한테는 정말 잘 맞았어요! 매년 건조한 계절마다 고생했던 사람이라 더 만족스러운 제품🥹🤍 같은 라인 앰플, 에센스, 크림까지 같이 쓰고 있는데 전부 만족 중이고 앞으로도 꾸준히 재구매할 예정입니다. 완전 정착템이에요!",https://www.oliveyoung.co.kr/store/goods/getGoodsDetail.do?goodsNo=A000000245091&dispCatNo=100000100010014&trackingCd=Cat100000100010014_Small&t_page=카테고리관&t_click=에센스/세럼/앰플_전체__상품상세&t_number=12
에스트라 아토베리어365 세라-히알 속수분 앰플 30ml+30ml 리필 기획,5,"7,699",건성,아침 저녁에 토너 바르고 다음에 이제품을 바르는데 촉촉하고 좋아요!!,https://www.oliveyoung.co.kr/store/goods/getGoodsDetail.do?goodsNo=A000000245091&dispCatNo=100000100010014&trackingCd=Cat100000100010014_Small&t_page=카테고리관&t_click=에센스/세럼/앰플_전체__상품상세&t_number=12
에스트라 아토베리어365 세라-히알 속수분 앰플 30ml+30ml 리필 기획,5,"7,699",없음,"건조함이 심할 때 사용하려고 구매했는데 확실히 촉촉함이 오래 느껴져서 마음에 들어요ㅎㅎ 묽고 부드러운 제형이라 피부에 잘 펴 발리고, 여러 번 덧발라도 끈적이거나 답답한 느낌이 적더라고요. 세안 후 당기는 피부에 발라주면 수분이 채워지는 느낌이라 피부가 한결 편안해져요😊 특히 속건조 때문에 겉은 번들거리는데 안쪽은 당기는 날 사용하기 좋았고, 피부결도 촉촉하고 매끈하게 정돈되는 느낌이에요. 자극 부담도 크게 느껴지지 않아서 아침저녁으로 데일리 수분 앰플로 잘 사용하고 있어요!",https://www.oliveyoung.co.kr/store/goods/getGoodsDetail.do?goodsNo=A000000245091&dispCatNo=100000100010014&trackingCd=Cat100000100010014_Small&t_page=카테고리관&t_click=에센스/세럼/앰플_전체__상품상세&t_number=12
에스트라 아토베리어365 세라-히알 속수분 앰플 30ml+30ml 리필 기획,5,"7,699",건성,피부과 시술 후 잔정용우로 삿어요 효과가 좋앗으면 합니다~,https://www.oliveyoung.co.kr/store/goods/getGoodsDetail.do?goodsNo=A000000245091&dispCatNo=100000100010014&trackingCd=Cat100000100010014_Small&t_page=카테고리관&t_click=에센스/세럼/앰플_전체__상품상세&t_number=12
에스트라 아토베리어365 세라-히알 속수분 앰플 30ml+30ml 리필 기획,5,"7,699",없음,에스트라는 순해서 꾸준히 사용중입니다. 앰플은 동생도 좋아해서 함께 사용해요 세일기간에 주문해서 저렴하게 득템했습니다. 잘 사용하겠습니다:),https://www.oliveyoung.co.kr/store/goods/getGoodsDetail.do?goodsNo=A000000245091&dispCatNo=100000100010014&trackingCd=Cat100000100010014_Small&t_page=카테고리관&t_click=에센스/세럼/앰플_전체__상품상세&t_number=12
에스트라 아토베리어365 세라-히알 속수분 앰플 30ml+30ml 리필 기획,5,"7,699",복합성,이직 사용 전인데 늘 사용하던 브랜드 상품이라 기대하고 있어요 좋을 거 같아요,https://www.oliveyoung.co.kr/store/goods/getGoodsDetail.do?goodsNo=A000000245091&dispCatNo=100000100010014&trackingCd=Cat100000100010014_Small&t_page=카테고리관&t_click=에센스/세럼/앰플_전체__상품상세&t_number=12
에스트라 아토베리어365 세라-히알 속수분 앰플 30ml+30ml 리필 기획,5,"7,699",없음,"민감한 피부있데 자극없이 순하고 속건조가 심해서 구매했는데, 피부에 수분을 채워줘서 좋아요.",https://www.oliveyoung.co.kr/store/goods/getGoodsDetail.do?goodsNo=A000000245091&dispCatNo=100000100010014&trackingCd=Cat100000100010014_Small&t_page=카테고리관&t_click=에센스/세럼/앰플_전체__상품상세&t_number=12
[1+1] 이니스프리 레티놀 시카 모공 흔적 앰플 30ml 리필기획(+30ml 리필),5,"4,118",없음,"<< 유효 성분 함량 분석 >> * 성분표만 보고 분석 ​1) 레티놀 복합체 (3X RETINOL) / 1% (레티놀 약 0.03% 수치) / 실효성 높음 : 레티놀, 레틴알, HPR 복합체로 구성되어 있으며 자극을 줄이면서 모공과 결 케어 효과를 누리기 딱 좋은 정석 유효 함량. 레티놀 복합체 (레티놀+레틴알+HPR)1% 배합 중 • 레티놀 1,000 IU/g (약 0.03%) • 레틴알 0.005% • HPR 0.005% ​2) 병풀잎수 / 1.77% (17,712 ppm) / 실효성 높음 : 진정성분, 레티놀 특유의 자극감을 완화하고 민감해진 피부를 다독여주기에 충분하고 넉넉한 함량. ​3) 나이아신아마이드 / 전성분 상단 (약 2% 추정) / 유효함 : 전성분 상단 4번째 위치, 피지 조절과 트러블 흔적 미백 케어 기본 효과를 충실히 낼 수 있는 배합 위치. ​4) 병풀추출물 / 1 ppm / 콘셉트 성분 (소량) : 병풀잎수가 메인으로 들어가 있어 보조용으로 들어간 아주 소량의 원료 수치. ​<< 이니스프리 레티놀 시카 세럼 개인적인 총평 >> ​레티놀 복합체 1%와 병풀잎수 1.77%, 나이아신아마이드가 잘 함량되어 있으며, 이는 실제 피부 개선 기능(모공 케어, 결 개선, 흔적 케어)을 할 수 있는 알찬 유효 수치에요. ​다만, 병풀추출물 단독 1 ppm 자체는 매우 적은 편이지만 이미 병풀잎수가 넉넉히 들어있어서 진정 효과는 충분해요.... ! ​자극 부담 없이 데일리로 피부결과 모공 관리를 시작하려는 에센스로는 무난 합니당! ​->>> 민감한 피부, 입문용 데일리 레티놀 세럼으로 추천합니다 ! 도움이 되었다면 '도움돼요' 한번만 눌러주세요 🫶🏻💕",https://www.oliveyoung.co.kr/store/goods/getGoodsDetail.do?goodsNo=A000000258877&dispCatNo=100000100010014&trackingCd=Cat100000100010014_Small&t_page=카테고리관&t_click=에센스/세럼/앰플_전체__상품상세&t_number=22
[1+1] 이니스프리 레티놀 시카 모공 흔적 앰플 30ml 리필기획(+30ml 리필),5,"4,118",복합성,🤍추천 피부타입 늘어난 모공이나 트러블 흔적 결 케어가 고민인데 레티놀 자극은 부담스러웠던 민감성 피부나 수부지 타입분들한테 진짜 딱이에요 🤍장점 일단 레티놀 성분에 시카가 더해져서 자극 없이 매일 매끈하게 모공이랑 피부 결을 케어해 줘요 끈적임 전혀 없이 앰플처럼 싹 흡수되는 촉촉한 제형이라 피부에 부담 없이 가볍게 발려요 게다가 리필 기획 구성이라 넉넉하게 아낌없이 매일 케어하기 너무 편해요 🤍단점 저자극으로 나온 매일 쓰는 데일리용이라 강한 고함량 레티놀 같은 강력한 효과는 시간이 조금 걸릴 수 있어요 유분감이 적고 산뜻한 편이라 극건성 피부라면 세럼 후에 크림을 두껍게 얹어주지 않으면 조금 가벼울 수 있어요 🤍같이 사용하면 좋은 제품 피부 장벽을 단단하게 지켜줄 보습감 높은 장벽 크림이나 시카 크림이랑 궁합이 완전 좋아요 피부 자극을 최소화해 주는 순한 수분 토너를 톡톡 같이 써주는 걸 추천해요 🤍유의할점 레티놀 성분 특성상 낮에 사용할 때는 자외선 차단제를 꼭 매일 챙겨 발라주어야 돼요 처음 사용할 때는 피부 적응을 위해 소량씩 바르면서 자극감을 확인하고 양을 늘려가는 게 좋아요,https://www.oliveyoung.co.kr/store/goods/getGoodsDetail.do?goodsNo=A000000258877&dispCatNo=100000100010014&trackingCd=Cat100000100010014_Small&t_page=카테고리관&t_click=에센스/세럼/앰플_전체__상품상세&t_number=22
[1+1] 이니스프리 레티놀 시카 모공 흔적 앰플 30ml 리필기획(+30ml 리필),3,"4,118",건성,"업그레이드 버전이라길래 기대하고 써봤는데 저는 좀 안 맞았어요😥 저자극이라는 이름과 다르게 바르고 나면 살짝 따갑고 붉어지는 느낌이 있어서 당황스러웠어요. 레티놀 특유의 자극감이 생각보다 있어서 매일 밤 사용하기엔 부담스러웠어요. 크림 발림성 자체는 산뜻한 편이었지만, 자극이 계속 느껴지다 보니 좋았던 점보다 아쉬운 점이 먼저 떠올라요. 결국 한 달을 다 채우지 못하고 사용 빈도를 줄일 수밖에 없었어요. 예민한 피부시라면 패치테스트 먼저 해보시고 신중하게 구매하시는 걸 추천드려요.",https://www.oliveyoung.co.kr/store/goods/getGoodsDetail.do?goodsNo=A000000258877&dispCatNo=100000100010014&trackingCd=Cat100000100010014_Small&t_page=카테고리관&t_click=에센스/세럼/앰플_전체__상품상세&t_number=22
[1+1] 이니스프리 레티놀 시카 모공 흔적 앰플 30ml 리필기획(+30ml 리필),5,"4,118",복합성,원래 예전부터 n번째 구매하던 재구매템인데 이번에 리뉴얼됐길래 또 샀어용 제형도 그대로인 거 같고 성분은 더 좋아졌다네요 쓸 땐 모르는데 확실히 쓰다가 안 쓰면 티가 나요 바르고 자면 결 좋아짐,https://www.oliveyoung.co.kr/store/goods/getGoodsDetail.do?goodsNo=A000000258877&dispCatNo=100000100010014&trackingCd=Cat100000100010014_Small&t_page=카테고리관&t_click=에센스/세럼/앰플_전체__상품상세&t_number=22
[1+1] 이니스프리 레티놀 시카 모공 흔적 앰플 30ml 리필기획(+30ml 리필),5,"4,118",건성,평소 레티놀 너무 좋아해서 이니스프리 레티놀 오랫동안 써왔는데 이번에 리뉴얼 되엇다고해서 당장 구매해봤습니다!! 이니스프리 레티놀은 레티놀 초보자들이 사용하기 좋은 레티놀이에요! 피부에 자극이 최소화하면서 레티놀의 효과는 그대로 확인할 수 있는 제품이에요! 리뉴얼 되서 더 좋아졌더라구요~~ 역시 유명템인데는 다 이유가 있습니다!,https://www.oliveyoung.co.kr/store/goods/getGoodsDetail.do?goodsNo=A000000258877&dispCatNo=100000100010014&trackingCd=Cat100000100010014_Small&t_page=카테고리관&t_click=에센스/세럼/앰플_전체__상품상세&t_number=22
[1+1] 이니스프리 레티놀 시카 모공 흔적 앰플 30ml 리필기획(+30ml 리필),5,"4,118",없음,"✨ 여름 쿨 라이트 / 21~22호 / 건성, 민감성 피부 ✨ 🐤 총평 ✔️ 레티놀이 모공이랑 흔적 케어에 좋다는데 민감성 피부라 고민하다가 이 제품이 순하다길래 사봤어용! 시카 성분이 같이 들어있어서 그런지 예민한 제 피부에도 따가움이나 붉어짐 1도 없이 엄청 편안하게 잘 맞있어요! 제형이 끈적이지 않고 촉촉하게 스르륵 스며들어서 피부에 겉돌지 않아요! 꾸준히 쓰다 보니까 나비존 모공도 쫀쫀해진 것 같고 붉은 트러블 흔적들이 옅어져서 안색이 엄청 맑아 보이는 느낌이에요!",https://www.oliveyoung.co.kr/store/goods/getGoodsDetail.do?goodsNo=A000000258877&dispCatNo=100000100010014&trackingCd=Cat100000100010014_Small&t_page=카테고리관&t_click=에센스/세럼/앰플_전체__상품상세&t_number=22
[1+1] 이니스프리 레티놀 시카 모공 흔적 앰플 30ml 리필기획(+30ml 리필),5,"4,118",지성,"피부관리에 진짜 좋습니다 ! 피부가 레전드 이상했는데 더 좋아져있습니다 1,2번은 관리전 이고 마지막이 관리 후입니다",https://www.oliveyoung.co.kr/store/goods/getGoodsDetail.do?goodsNo=A000000258877&dispCatNo=100000100010014&trackingCd=Cat100000100010014_Small&t_page=카테고리관&t_click=에센스/세럼/앰플_전체__상품상세&t_number=22
[1+1] 이니스프리 레티놀 시카 모공 흔적 앰플 30ml 리필기획(+30ml 리필),5,"4,118",건성,* 30대 중반되가니 이제 기본수분앰플하나랑 기능성 앰플도 하나 무조건 쓰게 되더라구요!! * 레티놀 성분 좋다고해서 레티놀앰플이나 크림도 꾸준히 쓰고 있습니다!! * 수분앰플보다는 살짝 무거운데 흡수도 빠르고 촉촉해서 만족하면서 쓰고 있어요!!,https://www.oliveyoung.co.kr/store/goods/getGoodsDetail.do?goodsNo=A000000258877&dispCatNo=100000100010014&trackingCd=Cat100000100010014_Small&t_page=카테고리관&t_click=에센스/세럼/앰플_전체__상품상세&t_number=22
[1+1] 이니스프리 레티놀 시카 모공 흔적 앰플 30ml 리필기획(+30ml 리필),5,"4,118",지성,레티놀 1000IU= 0.03% 함유되어있다는 뜻이예요 이거 쓰면일단 얼굴이 보들보들해지고 모공도 줄여져있어요 아침에 써도된다고는하는데 저는 저녁에만 써요 레티놀 써보고싶을때 딱 입문용으로 좋아요 매일써도되는데 혹시 몰라서 전 2일쓰고 1일 쉬고 이런식으로 쓰고있어요 네이밍은 레티놀 '시카'라곤 하지만 시카는 그냥 스쳐지나갈정도로 함유되어있기에 모른척하고 저자극 레티놀0.03% 세럼 이라 생각하시는게 좋아요 입술에는 바르지마세요 스킨케어를 바르면서 입술지나가서 바르는게 습관인데 입술에 바르고 입술 헐었어요 제 불찰이니 입술에는 바르지마세요 내가 진짜 대빵만한 모공이다 라고하면 피부과/고함량 0.1% 정도의 레티놀을 쓰시는게 나아요. 그리고 0.3%이상을 쓸꺼면 그냥 피부과가세요 잔잔한 모공에 바르기좋아요 특히 지성들 나비존 모공에 하얗게 속피지 고이는게 이거 쓰니까 없어졌어요,https://www.oliveyoung.co.kr/store/goods/getGoodsDetail.do?goodsNo=A000000258877&dispCatNo=100000100010014&trackingCd=Cat100000100010014_Small&t_page=카테고리관&t_click=에센스/세럼/앰플_전체__상품상세&t_number=22
[1+1] 이니스프리 레티놀 시카 모공 흔적 앰플 30ml 리필기획(+30ml 리필),5,"4,118",복합성,"레티놀 시카 모공 흔적 앰플은 3X 레티놀 컴플렉스 3X 시카로 업그레이드 되서 더 강력해졌어요! 저자극 레티놀 앰플이라 민감성 피부도 사용할 수 있어요😊 피지 케어,장벽 강화,탄력 케어까지 되니까 레티놀 입문템으로 추천드립니다!!💕",https://www.oliveyoung.co.kr/store/goods/getGoodsDetail.do?goodsNo=A000000258877&dispCatNo=100000100010014&trackingCd=Cat100000100010014_Small&t_page=카테고리관&t_click=에센스/세럼/앰플_전체__상품상세&t_number=22
[자극도ZERO]아이오페 레티놀 슈퍼 바운스 세럼 20ml 기획 (+15ml),5,"10,752",복합성,"레티놀 쓰고싶다 하시는 분들 올영에 있는 것 중에 레티놀 성분은 아이오페 하얀 거 > 아이오페파란 거 > 이니스프리 레티놀 순으로 성분이 들어있슴니다. 래티놀 크림보다 앰플에 보통 함유량이 더 많고요, 크림은 그냥 수분대체로 쓰시는 게 좋습니다. 기능성보다는. 어머니께 추천드려서 한달째 사용하고 있는데 건성 민감성인 어머니도 하얀ㅇ 거 바로 쓰셔도 ㄱ피부 뒤집어짐 없이 잘쓰고 계십니다. 레티놀이 안맞는다?-> 본인이 너무 많이 발랐을 수 있음 레티놀은 소량쓰는 제품임, 양을 줄여보세요. 쓰고 피부가 계속 뒤집어집니다. -> 수분 토너 + 수분 앰플 발라주시고 그ㅜ다음에 써보세요 그리고 마무리는 꼭 수분크림으로 하시도록.",https://www.oliveyoung.co.kr/store/goods/getGoodsDetail.do?goodsNo=A000000250344&dispCatNo=100000100010014&trackingCd=Cat100000100010014_Small&t_page=카테고리관&t_click=에센스/세럼/앰플_전체__상품상세&t_number=23
[자극도ZERO]아이오페 레티놀 슈퍼 바운스 세럼 20ml 기획 (+15ml),5,"10,752",없음,유명하길래 궁금해서 사봤어요!!! 일단 손등에만 테스트 해보고 구매했는데 자극은 안느껴졌어용 워낙 평이 좋아서 기대가 됩니당:),https://www.oliveyoung.co.kr/store/goods/getGoodsDetail.do?goodsNo=A000000250344&dispCatNo=100000100010014&trackingCd=Cat100000100010014_Small&t_page=카테고리관&t_click=에센스/세럼/앰플_전체__상품상세&t_number=23
[자극도ZERO]아이오페 레티놀 슈퍼 바운스 세럼 20ml 기획 (+15ml),5,"10,752",없음,기존에 타사 리프팅세럼사용했는데 자꾸 알러지생겨서 바꿔보려고 구입했어요,https://www.oliveyoung.co.kr/store/goods/getGoodsDetail.do?goodsNo=A000000250344&dispCatNo=100000100010014&trackingCd=Cat100000100010014_Small&t_page=카테고리관&t_click=에센스/세럼/앰플_전체__상품상세&t_number=23
[자극도ZERO]아이오페 레티놀 슈퍼 바운스 세럼 20ml 기획 (+15ml),5,"10,752",없음,레티놀 원탑 아이오페 일단 아모레 기술력이라 믿고 사용할 수 있고요! 민감성임에도 불구하고 이건 좀 순하더라고요? 그리고 피부 상태가 엄~청 쫀쫀해져서 가격대가 약간 있음에도 불구하고 계속 다시 사용하게 되는 것 같아요!!,https://www.oliveyoung.co.kr/store/goods/getGoodsDetail.do?goodsNo=A000000250344&dispCatNo=100000100010014&trackingCd=Cat100000100010014_Small&t_page=카테고리관&t_click=에센스/세럼/앰플_전체__상품상세&t_number=23
[자극도ZERO]아이오페 레티놀 슈퍼 바운스 세럼 20ml 기획 (+15ml),5,"10,752",복합성,레티놀계의 조상님 가격이있어서 가끔 저렴이로 갈아타지만 결국 돌고돌아 아이오페.. 자극도 덜하고 확실히 피부결 모공에 효과있답,https://www.oliveyoung.co.kr/store/goods/getGoodsDetail.do?goodsNo=A000000250344&dispCatNo=100000100010014&trackingCd=Cat100000100010014_Small&t_page=카테고리관&t_click=에센스/세럼/앰플_전체__상품상세&t_number=23
[자극도ZERO]아이오페 레티놀 슈퍼 바운스 세럼 20ml 기획 (+15ml),5,"10,752",없음,꾸준히 쓰는중인데 모공도 많이 줄고 만족스러웠어요 추천합니다,https://www.oliveyoung.co.kr/store/goods/getGoodsDetail.do?goodsNo=A000000250344&dispCatNo=100000100010014&trackingCd=Cat100000100010014_Small&t_page=카테고리관&t_click=에센스/세럼/앰플_전체__상품상세&t_number=23
[자극도ZERO]아이오페 레티놀 슈퍼 바운스 세럼 20ml 기획 (+15ml),4,"10,752",건성,저번에 구매했는데 효과가 꽤 좋아서 기획세트도 나오고 세일해서 구매했어요,https://www.oliveyoung.co.kr/store/goods/getGoodsDetail.do?goodsNo=A000000250344&dispCatNo=100000100010014&trackingCd=Cat100000100010014_Small&t_page=카테고리관&t_click=에센스/세럼/앰플_전체__상품상세&t_number=23
[자극도ZERO]아이오페 레티놀 슈퍼 바운스 세럼 20ml 기획 (+15ml),5,"10,752",복합성,발림성 흡수성이 좋아서 바르고 난후 윤기가 나고 촉촉함이 느껴지는 데일리 케어로 만족하는 제품입니다,https://www.oliveyoung.co.kr/store/goods/getGoodsDetail.do?goodsNo=A000000250344&dispCatNo=100000100010014&trackingCd=Cat100000100010014_Small&t_page=카테고리관&t_click=에센스/세럼/앰플_전체__상품상세&t_number=23
[자극도ZERO]아이오페 레티놀 슈퍼 바운스 세럼 20ml 기획 (+15ml),3,"10,752",복합성,전문가들이 아이오페가 제일 좋고 유명하다 해서 샀는데 솔직히 저는 효과 그닥 잘 모르겠어요. 그냥 자극없고 기분만 플라시보 효과느낌?? 모공이 고민인데 ㅠㅠ 모공은 시술밖에 답이 없는듯,https://www.oliveyoung.co.kr/store/goods/getGoodsDetail.do?goodsNo=A000000250344&dispCatNo=100000100010014&trackingCd=Cat100000100010014_Small&t_page=카테고리관&t_click=에센스/세럼/앰플_전체__상품상세&t_number=23
[자극도ZERO]아이오페 레티놀 슈퍼 바운스 세럼 20ml 기획 (+15ml),5,"10,752",지성,레티놀도 가끔 발라줘야한다해서 구매해봤어요 좋은듯!!,https://www.oliveyoung.co.kr/store/goods/getGoodsDetail.do?goodsNo=A000000250344&dispCatNo=100000100010014&trackingCd=Cat100000100010014_Small&t_page=카테고리관&t_click=에센스/세럼/앰플_전체__상품상세&t_number=23
[나이아신아마이드] 동화약품 비타비 크림 30ml 기획 (+15ml),5,"2,612",지성,"한 달 정도 꾸준히 써봤다. حبيبي, 내 친구. 한 달 써보니까 이제 이 크림의 성격을 좀 알겠다. 나는 얼굴에 기름이 많은 편이라 크림 잘못 고르면 바르고 얼마 지나지 않아 얼굴에서 원유가 다시 생산된다. 그래서 무거운 크림은 별로 안 좋아한다. 비타비 크림은 처음에는 트러블 피부에 꽤 무거울수도 있는 크림이라고 생각했는데, 계속 써보니 생각보다 피부에 부담스럽게 남는 느낌이 적었다. 적당량만 바르면 답답하지 않고 피부가 촉촉하게 정돈되는 편. 특히 한 달 동안 아침보다는 저녁에 더 손이 많이 갔다. 피부가 예민한 날에 얇게 발라주면 다음 날 피부 컨디션이 조금 더 괜찮아 보였다. 한 달 사용 결론은 꽤 만족. 피부 컨디션을 관리하는 느낌이다.",https://www.oliveyoung.co.kr/store/goods/getGoodsDetail.do?goodsNo=A000000260752&dispCatNo=100000100010015&trackingCd=Cat100000100010015_Small&t_page=카테고리관&t_click=크림_전체__상품상세&t_number=5
[나이아신아마이드] 동화약품 비타비 크림 30ml 기획 (+15ml),5,"2,612",없음,여드름 나는 부위마다 조금씩 발라주고 있어용 15ml짜리는 휴대용으로 소지하기 조아요!!,https://www.oliveyoung.co.kr/store/goods/getGoodsDetail.do?goodsNo=A000000260752&dispCatNo=100000100010015&trackingCd=Cat100000100010015_Small&t_page=카테고리관&t_click=크림_전체__상품상세&t_number=5
[나이아신아마이드] 동화약품 비타비 크림 30ml 기획 (+15ml),5,"2,612",복합성,여름이라 그런지 트러블들이 스멀스멀 계속 올라와서 확실하게 없애려고 비타비 크림 사봤어요 저는 잘 몰랐는데 되게 유명한 제품 같더라구요ㅎㅎ 살짝 연노란색이구 향은 크게 없었어요 크림이라 해서 살짝 무거웠는데 생각보다 가벼웠어요! 아직 하루 써봐서 효과는 확실히 모르지만 꾸준히 써서 효과 봤음 좋겠네욤ㅎㅎ 제 리뷰가 도움이 되셨다면 좋아요 버튼👍 부탁드려요😍😍,https://www.oliveyoung.co.kr/store/goods/getGoodsDetail.do?goodsNo=A000000260752&dispCatNo=100000100010015&trackingCd=Cat100000100010015_Small&t_page=카테고리관&t_click=크림_전체__상품상세&t_number=5
[나이아신아마이드] 동화약품 비타비 크림 30ml 기획 (+15ml),5,"2,612",지성,"판매자에게 이벤트 상금을 일부 지원받았지만, 저의 솔직한 생각으로 작성하였습니다. 재구입입니다. 확실히 믿을만한 곳에서 사니까 트러블 걱정 없이 잘 쓰고 있습니다. 특히 저 작은 15ml 미니 크림은 헬스장 라커룸에 놔두고 쓰기 좋은 크기라 생각해요. 쓸 때마다 느끼는 건데 노란색 크림이라 좀 신기하네요. 시각적인 부분도 중요하다고 보는 입장이라..",https://www.oliveyoung.co.kr/store/goods/getGoodsDetail.do?goodsNo=A000000260752&dispCatNo=100000100010015&trackingCd=Cat100000100010015_Small&t_page=카테고리관&t_click=크림_전체__상품상세&t_number=5
[나이아신아마이드] 동화약품 비타비 크림 30ml 기획 (+15ml),5,"2,612",건성,확실히 나이아신아마이드 성분 중심의 크림이라서 그런지 모르겠는데 바르고 나면 피부가 반들반들해 보이는 감이 있어요 발림성부터도 뭔가 채워지면서 발리는 느낌이랄까요! 성분 하나만 보고도 충분히 사용해볼만한 제품이라고 생각해요 ☺️,https://www.oliveyoung.co.kr/store/goods/getGoodsDetail.do?goodsNo=A000000260752&dispCatNo=100000100010015&trackingCd=Cat100000100010015_Small&t_page=카테고리관&t_click=크림_전체__상품상세&t_number=5
[나이아신아마이드] 동화약품 비타비 크림 30ml 기획 (+15ml),5,"2,612",건성,여름에 얼굴이 많이 타서 집에서 꾸준히 쓰려고 구매 했어료 미백 제품인데 자극 가는거 하나도 없고 백탁 없이 촉촉하네요 건조한편인데 이것만 발라줘도 건조한거 못느끼고 있어여 나이아신아마이드가 들어있어서 잡티 케어 하는데 좋을거 같아요 제약사 제품이라 믿고 씁니다 💛 좋았던 점 • 촉촉하고 자극 없어요 • 잡티도 옅어지고 피부톤도 맑아보여요 • 제약사 제품이라 믿고 써요,https://www.oliveyoung.co.kr/store/goods/getGoodsDetail.do?goodsNo=A000000260752&dispCatNo=100000100010015&trackingCd=Cat100000100010015_Small&t_page=카테고리관&t_click=크림_전체__상품상세&t_number=5
[나이아신아마이드] 동화약품 비타비 크림 30ml 기획 (+15ml),5,"2,612",건성,여름에 생긴 잡티들 관리하느라 열심히 써보고 있어요 잡티 흔적도 많이 옅어지고 피부톤도 같이 맑아진 느낌 드네요 쫀쫀한 제형이라 도톰하게 올려서 집중케어 하기도 좋고 펴바르면 또 끈적임 없이 잘 스며 들어요 자극 없고 순한 편이라 매일 잘 쓰고 있어요 큰 샘플도 같이 들어있어서 구성도 좋은거 같아요,https://www.oliveyoung.co.kr/store/goods/getGoodsDetail.do?goodsNo=A000000260752&dispCatNo=100000100010015&trackingCd=Cat100000100010015_Small&t_page=카테고리관&t_click=크림_전체__상품상세&t_number=5
[나이아신아마이드] 동화약품 비타비 크림 30ml 기획 (+15ml),5,"2,612",지성,초기 트러블을 관리할 수 있는 제품이라길래 구매했어요! 뭔가 연고 같은 패키징에 연노랑빛 크림이라 혹시 연고처럼 기름지거나 꾸덕하려나 싶었는데 예상과 달리 촉촉한 발림성이라 좋았어요 나이아신어마이드랑 징크 같이 들어있어서 지성피부가 쓰기에 좋을 것 같다고 생각했는데 제형이 무겁거나 기름지지 않아서 데일리로 쓰기에 좋고 자극도 없어요,https://www.oliveyoung.co.kr/store/goods/getGoodsDetail.do?goodsNo=A000000260752&dispCatNo=100000100010015&trackingCd=Cat100000100010015_Small&t_page=카테고리관&t_click=크림_전체__상품상세&t_number=5
[나이아신아마이드] 동화약품 비타비 크림 30ml 기획 (+15ml),5,"2,612",복합성,"동화약품에서 나온 비타비크림!! 30ml 용량인데 15ml 용량이 증정으로 와서 너무 좋아요~!! 여드름성피부라 관련 화장품들 열심히 사용해주고 있는데 동화약품에서 나온거라 믿고 구매해봤어요. 피지량 개선에도 도움을 주고 수분은 꽉 채워주는 크림이더라구요, 부드럽게 흡수되는 크림 제형이구요,, 수부지+여드름성 피부에 딱 좋습니다!!",https://www.oliveyoung.co.kr/store/goods/getGoodsDetail.do?goodsNo=A000000260752&dispCatNo=100000100010015&trackingCd=Cat100000100010015_Small&t_page=카테고리관&t_click=크림_전체__상품상세&t_number=5
[나이아신아마이드] 동화약품 비타비 크림 30ml 기획 (+15ml),5,"2,612",없음,여드름성 피부에 사용해도 될만큼 저자극인 제품이라 트러블이 났을때도 마음놓고 사용 가능하다는게 가장 큰 장점 같아요 제약회사 제품이라 믿을 수 있고 연노랑색 크림이 수분감 있게 발리고 다 바르고 난 뒤에도 촉촉하게 마무리 되어 끈적임이 남지 않아요 수분은 지키고 유분은 감소시킬 수 있다니 꾸준히 써보려고 합니다,https://www.oliveyoung.co.kr/store/goods/getGoodsDetail.do?goodsNo=A000000260752&dispCatNo=100000100010015&trackingCd=Cat100000100010015_Small&t_page=카테고리관&t_click=크림_전체__상품상세&t_number=5
[단독기획] 동아제약 아크네 프로 크림제 30ml 기획(+3ml+겔제3ml),5,"5,466",복합성,트러블나서 피부가 뒤집어지면 트러블 진정 세럼먼저 바르고 새럼만으로는 너무 건조해서 아크네크림제로 마무리해주고 있어요. 너무 꾸덕한 제형이 아니라 트러블 상처있는 피부에 바르기에도 부담스럽지 않고 향도 거의 없는 편이라 편안해요.,https://www.oliveyoung.co.kr/store/goods/getGoodsDetail.do?goodsNo=A000000255729&dispCatNo=100000100010015&trackingCd=Cat100000100010015_Small&t_page=카테고리관&t_click=크림_전체__상품상세&t_number=11
[단독기획] 동아제약 아크네 프로 크림제 30ml 기획(+3ml+겔제3ml),5,"5,466",복합성,동아제약 제품은 이젠 걍 믿고 사는 중ㅋㅋ 여드름 올라왔을 때 집중 케어로 얘 하나 바르고 자면 담날 진정됨 부드럽게 발리고 끈적임 별로 없고 자극감 아예 없어요 미니 제품들도 줘서 아주 좋음 제 리뷰가 도움이 되셨다면 좋아요 버튼👍 부탁드려요😍😍,https://www.oliveyoung.co.kr/store/goods/getGoodsDetail.do?goodsNo=A000000255729&dispCatNo=100000100010015&trackingCd=Cat100000100010015_Small&t_page=카테고리관&t_click=크림_전체__상품상세&t_number=11
[단독기획] 동아제약 아크네 프로 크림제 30ml 기획(+3ml+겔제3ml),5,"5,466",복합성,"여행 중에 뾰루지 나서 계속 발라주었는데 확실히 진정된 것 같아요!! 진짜 최고의 진정템,,, 제약회사 최고!!! 편리하게 잘 사용했어요~~!!",https://www.oliveyoung.co.kr/store/goods/getGoodsDetail.do?goodsNo=A000000255729&dispCatNo=100000100010015&trackingCd=Cat100000100010015_Small&t_page=카테고리관&t_click=크림_전체__상품상세&t_number=11
[단독기획] 동아제약 아크네 프로 크림제 30ml 기획(+3ml+겔제3ml),5,"5,466",없음,"컨디션만 조금 떨어져도 턱이나 볼 쪽에 하나씩 올라와서 신경 쓰였는데, 동아제약 아크네 PRO 크림제 사용해봤어요. 여드름성 피부에 사용할 수 있는 바르는 피부제라 트러블 올라온 부분 위주로 챙겨 바르고 있어요. 크림 타입이라 너무 묽게 흐르지 않고 원하는 부위에 콕콕 바르기 편하더라고요ㅎㅎ 처음에는 트러블 부위에만 사용했는데 얼굴 전체나 국소 부위 모두 사용할 수 있다고 해서 피부 상태에 따라 조절해서 쓰는 중이에요. 끈적임이 심하지 않아 데일리로 사용하기도 부담스럽지 않았고, 작은 증정용까지 들어 있어서 파우치에 넣어 다니기도 좋았어요. 갑자기 올라오는 피부 고민 있을 때 손이 자주 가는 아이템이에요 :)",https://www.oliveyoung.co.kr/store/goods/getGoodsDetail.do?goodsNo=A000000255729&dispCatNo=100000100010015&trackingCd=Cat100000100010015_Small&t_page=카테고리관&t_click=크림_전체__상품상세&t_number=11
[단독기획] 동아제약 아크네 프로 크림제 30ml 기획(+3ml+겔제3ml),5,"5,466",없음,조카가 여드름이 부쩍 많이 올라와서 스트레스 받길래 한번 써보라고 선물해줬어요 브랜드 믿을만 하니까 고민없이 바로 샀음!! 같이 온 색소침착 제품은 제가 갖고 크림만 조카 줌ㅋㅋㅋ 전 피부 얇고 예민하고 잘 타서 선크림 발라도 타고 기미도 엄청 잘 생김.. 기미 때문에 안그래도 요즘 고민됫었는데 요거 바르면서 효과 좀 기대하고 있어요,https://www.oliveyoung.co.kr/store/goods/getGoodsDetail.do?goodsNo=A000000255729&dispCatNo=100000100010015&trackingCd=Cat100000100010015_Small&t_page=카테고리관&t_click=크림_전체__상품상세&t_number=11
[단독기획] 동아제약 아크네 프로 크림제 30ml 기획(+3ml+겔제3ml),5,"5,466",복합성,피부에 올라오는 트러블 때문에 아크네 프로 크림 바로 사용해봤는데요. 동아제약은 뭐 워낙 유명해서 효능이야 당연히 믿고 사용했구요. 일단 크림 타입이라 사용하기 편하고 저는 세안 후 스킨케어하고 신경 쓰이는 부위에 소량씩 발라줬습니당. 너무 무겁거나 끈적이는 느낌 없이 가볍에 잘 펴발리구요. 끈적이지 않아 부담 없이 바르기 좋아요. 트러블 난 부위에 자기 전 올려두고 자면 다음날 들어가요 ㅎ매일 꾸준히 챙겨 바르고 있어요. 울긋불긋하게 올라온 부분도 전보다 신경이 덜 쓰이네요. 이번 기획은 본품에 미니 크림이랑 겔까지 들어 있어서 미니용량은 회사에 두고 쓰기 너무 좋아요!,https://www.oliveyoung.co.kr/store/goods/getGoodsDetail.do?goodsNo=A000000255729&dispCatNo=100000100010015&trackingCd=Cat100000100010015_Small&t_page=카테고리관&t_click=크림_전체__상품상세&t_number=11
[단독기획] 동아제약 아크네 프로 크림제 30ml 기획(+3ml+겔제3ml),5,"5,466",복합성,"요즘 트러블이 올라와서 발라보려고 구매했어요. 날씨가 건조해지기 시작하니까 유수분 밸런스가 깨져서 피부결도 거칠어지고 트러블이 나더라고요 ㅠ 아크네 프로 크림제라 기대하며 듬뿍 바르고 있고요, 살짝 되직한 크림이고 바르면 촉촉해서 발림성이 좋아요. 그리고 바르자마자 흡수되네요! 피부가 좀 진정되고 보습효과가 있는 듯 합니다 만족해요!",https://www.oliveyoung.co.kr/store/goods/getGoodsDetail.do?goodsNo=A000000255729&dispCatNo=100000100010015&trackingCd=Cat100000100010015_Small&t_page=카테고리관&t_click=크림_전체__상품상세&t_number=11
[단독기획] 동아제약 아크네 프로 크림제 30ml 기획(+3ml+겔제3ml),5,"5,466",건성,트러블 올라왔을 때 콕콕 얹어주기 편해요 자극 없이 붉은기 가라앉는 게 느껴져서 트러블 올라오면 챙겨 다니게 되네요 밖에서 덧발라도 가볍게 발리고 흡수 빨라서 요즘은 거의.맨날 챙기는거 같아요 미니 사이즈 갖고다니면 가방에서 자리 차지도 않하고 진짜 구성 너무 맘에 들어요 피부가 민감할 때도 자극없이 쓸수 있어서 꾸준히 잘 쓸것 같아요,https://www.oliveyoung.co.kr/store/goods/getGoodsDetail.do?goodsNo=A000000255729&dispCatNo=100000100010015&trackingCd=Cat100000100010015_Small&t_page=카테고리관&t_click=크림_전체__상품상세&t_number=11
[단독기획] 동아제약 아크네 프로 크림제 30ml 기획(+3ml+겔제3ml),5,"5,466",건성,피부 트러블 생겼을 때 관리용으로 바르기 좋아요 입구가 작아서 조금씩 바르기 편하고 끈적임도 심하지 않아요 두껍게 올라가는 느낌이 아니라서 덧바르기도 좋구요 아크네 제품 잘못사면 건조한데 촉촉해서 더 맘에 들어요 💛 좋았던 점 • 입구가 좁아서 소량 바르기 편해요 • 건조하거나 자극적이지 않아요 • 겉돌지 않아서 덧바르기 좋아요,https://www.oliveyoung.co.kr/store/goods/getGoodsDetail.do?goodsNo=A000000255729&dispCatNo=100000100010015&trackingCd=Cat100000100010015_Small&t_page=카테고리관&t_click=크림_전체__상품상세&t_number=11
[단독기획] 동아제약 아크네 프로 크림제 30ml 기획(+3ml+겔제3ml),5,"5,466",복합성,요즘 환절기가 되면서 트러블이 많이 나는 시기인데 연고 타입 제품들에 비해 부드러운 크림 타입이어서 우선 발림성도 좋아서 그냥 기초 루틴 하듯이 자연스럽게 바르면 되는 점이 굉장히 좋았음 사용하고 나서도 진정되는 속도가 빠르게 느껴져서 좋았음!,https://www.oliveyoung.co.kr/store/goods/getGoodsDetail.do?goodsNo=A000000255729&dispCatNo=100000100010015&trackingCd=Cat100000100010015_Small&t_page=카테고리관&t_click=크림_전체__상품상세&t_number=11
[1+1] 한율 쑥히알 크림 60ml 더블 기획(+산리오 헬로키티 헤어고정시트 2ea),4,"3,240",없음,산뜻한 크림 찾다 구매했는데 발라보니 제가 발라본 크림 중에 유분이 가장 없고 산뜻해요 처음에는 촉촉하게 발리는데 마무리는 산뜻하게 돼요!! 향은 쑥향이 나서 호불호 있을 수도 있더욤 건성은 건조하다고 느낄 수 있어서 힘들 거 같고 유분 싫어하는 중성 지성 복합성에게 더 잘 맞을 듯!!! 헤어시트 귀엽긴 한데 좀 밤티라 ㅠ 차라리!!!! 여행 가거나 헬스장 다닐 때 들고 다니게 미니 용량을 증정으로 주세욤…ㅠ 아 그리고 패키지가 스티커 붙인 거예요 ㅋ 참고하시길,https://www.oliveyoung.co.kr/store/goods/getGoodsDetail.do?goodsNo=A000000262945&dispCatNo=100000100010015&trackingCd=Cat100000100010015_Small&t_page=카테고리관&t_click=크림_전체__상품상세&t_number=12
[1+1] 한율 쑥히알 크림 60ml 더블 기획(+산리오 헬로키티 헤어고정시트 2ea),5,"3,240",건성,이거 좀 신기한 크림이에요 크림보다는 크림형 에센스 느낌인데 유분기 하나도 없는 에센스 같아요 복합성분들께도 추천 애매하고 지성분들께 좋은 크림이에요 제가 주변 건성 복합성 지성 피부에 다 권해봤는데 복합성까지는 건조하다거나 유분이 안 느껴져서 아쉽다는 반응이 있었는데 지성은 오히려 유분이 없어서 이 크림이 좋다고 하더라고요 진짜 유분기 너무 폭발한다 하는 지성분들은 이것도 안 바르고 딱 토너 정도만 바르는게 좋을 수도 있어요ㅋㅋㅋ 하지만 수분 애매하다 하는 지성분들은 다른 크림보다 진짜 이 크림 추천해요 다른 리뷰 보면 아시겠지만 저는 많이 건조한 건성 피부인데 이번 여름은 이거 꽤 잘 썼어요 이번 여름도 습도가 높기도 했고 건성답게 다른 기초도 잘 쓰다보니 에센스와 크림 중간에 수분 잠궈주는 용도로 잘 썼어요 지금은 화잘먹크림이라고 홍보하는 것 같은데 진짜 여름용 수분크림치고 안 밀려요 보통 여름용 수분크림이라고 하면 젤크림이 많아서 조금만 넉넉하게 발라도 밀리는 경우가 많은데 이 크림은 진짜 밀림이 없었어요 선크림 이것저것 써도 궁합이 괜찮아서 잘 썼어요,https://www.oliveyoung.co.kr/store/goods/getGoodsDetail.do?goodsNo=A000000262945&dispCatNo=100000100010015&trackingCd=Cat100000100010015_Small&t_page=카테고리관&t_click=크림_전체__상품상세&t_number=12
[1+1] 한율 쑥히알 크림 60ml 더블 기획(+산리오 헬로키티 헤어고정시트 2ea),5,"3,240",없음,쫀쫀하고 여름에 쓰기 가볍고 좋은거 같아요 복합성인데 기름지지 않고 깔끔하게 발려서 좋네용,https://www.oliveyoung.co.kr/store/goods/getGoodsDetail.do?goodsNo=A000000262945&dispCatNo=100000100010015&trackingCd=Cat100000100010015_Small&t_page=카테고리관&t_click=크림_전체__상품상세&t_number=12
[1+1] 한율 쑥히알 크림 60ml 더블 기획(+산리오 헬로키티 헤어고정시트 2ea),5,"3,240",복합성,리필포함 6통은 비운것같은 수부지 인생템중 하나입니다. 추천이유 - 잔뜩발라도 흡수되면 기름 X 번들거림 X 속수분 꽉채워서 유분기 잡아줌 - 순함. 입술주변 아토피 심한데 입술주변 열감올라올때도 잘 잡아주는편. - 건조한날 화장전에 듬뿍발라도 밀리지않음. 아쉬운점 - 용량너무 적은거 아닙니까...? 그냥 대용량으로 팔아주세요. - 토출구 라운드로 되어있어서 손등에 짤때 느낌은 좋음. 근데... 밑바닥이 넓어서 안그래도 양 적은데 금방 안나와서 반도갈 내서 단지형 마냥 퍼서쓰게됨 캐릭터 콜라보 혐오하는 사람이지만 1+1이라기에 그냥 샀따 어차피 금방 쓰고 반도갈낼거니까. 용량대비 비싸고 수분크림이다보니 퍽퍽 퍼서 쓰게되는바람에 아까워서 어느정도 쓰고 버리는 사람이지만 반 잘라서 마르도록 쓴다 ㅠㅠ!,https://www.oliveyoung.co.kr/store/goods/getGoodsDetail.do?goodsNo=A000000262945&dispCatNo=100000100010015&trackingCd=Cat100000100010015_Small&t_page=카테고리관&t_click=크림_전체__상품상세&t_number=12
[1+1] 한율 쑥히알 크림 60ml 더블 기획(+산리오 헬로키티 헤어고정시트 2ea),5,"3,240",없음,올 해 뜨거웠던 여름에 냉장고에 넣어놓고 잘 썼어요 달궈진 뺨에 올려 문질러주면 시원하고 은은한 향에 마음까지 안정되는 느낌이에요 넘 만족스러워요,https://www.oliveyoung.co.kr/store/goods/getGoodsDetail.do?goodsNo=A000000262945&dispCatNo=100000100010015&trackingCd=Cat100000100010015_Small&t_page=카테고리관&t_click=크림_전체__상품상세&t_number=12
[1+1] 한율 쑥히알 크림 60ml 더블 기획(+산리오 헬로키티 헤어고정시트 2ea),5,"3,240",없음,복합성 지성분들 꼭 써보시길 ㅌㄹㄷ 수딩크림도 저에겐 좀 보습감 있고 기름으로 마무리되는 느낌이라 다른 촉촉수분크림 찾고 있었는데 이걸로 정착함 화장 전에도 이런 촉촉쫀쫀크림이 로션이나 묵직한 크림보다 나은 것 같아요 왕추천💦 헬로키티 귀욥네요,https://www.oliveyoung.co.kr/store/goods/getGoodsDetail.do?goodsNo=A000000262945&dispCatNo=100000100010015&trackingCd=Cat100000100010015_Small&t_page=카테고리관&t_click=크림_전체__상품상세&t_number=12
[1+1] 한율 쑥히알 크림 60ml 더블 기획(+산리오 헬로키티 헤어고정시트 2ea),5,"3,240",복합성,유투버 강추템이라 사보고 싶던 위시템이었는데 이렇게 이쁜콜라보까지 더해져 좋아요,https://www.oliveyoung.co.kr/store/goods/getGoodsDetail.do?goodsNo=A000000262945&dispCatNo=100000100010015&trackingCd=Cat100000100010015_Small&t_page=카테고리관&t_click=크림_전체__상품상세&t_number=12
[1+1] 한율 쑥히알 크림 60ml 더블 기획(+산리오 헬로키티 헤어고정시트 2ea),5,"3,240",복합성,매장에서 테스트해봤는데 수분 가득 느낌이어서 구매해봤어요 촉촉할 것 같아요,https://www.oliveyoung.co.kr/store/goods/getGoodsDetail.do?goodsNo=A000000262945&dispCatNo=100000100010015&trackingCd=Cat100000100010015_Small&t_page=카테고리관&t_click=크림_전체__상품상세&t_number=12
[1+1] 한율 쑥히알 크림 60ml 더블 기획(+산리오 헬로키티 헤어고정시트 2ea),5,"3,240",복합성,"그냥 저냥으로 쓰는중. 딱히 트러블 나는 것 같지도 않구 지성들이 쓰기에 무난템? 트러블이 가라앉지는 않는 것 같음. 그냥 딱 말 그대로 무난임. 물론 우리같은 수부지, 지성들에게는 무난이 제일 어렵지만... ㅠ ㅠ 에스ㅌㄹ 하이드로 수딩 그거 리뉴얼되고 다른 제품 찾다가 이거 쓰는 건데 대체품으로 ㄱㅊ고 일단 전 이걸로 계속 쓰고 있긴 해요^^",https://www.oliveyoung.co.kr/store/goods/getGoodsDetail.do?goodsNo=A000000262945&dispCatNo=100000100010015&trackingCd=Cat100000100010015_Small&t_page=카테고리관&t_click=크림_전체__상품상세&t_number=12
[1+1] 한율 쑥히알 크림 60ml 더블 기획(+산리오 헬로키티 헤어고정시트 2ea),3,"3,240",복합성,한율 쑥 라인 쓰다가 여름되서 파란색 수분 히알 라인으로 갈아탔는데 속건조가잡히는거같진않음 지성에게 추천하고 가볍긴함,https://www.oliveyoung.co.kr/store/goods/getGoodsDetail.do?goodsNo=A000000262945&dispCatNo=100000100010015&trackingCd=Cat100000100010015_Small&t_page=카테고리관&t_click=크림_전체__상품상세&t_number=12
"[NCT 재민PICK] 이즈앤트리 어니언 뉴페어 겔크림 플러스 50ml 기획 (+겔크림 플러스 20ml, 패드 2매)",4,"7,128",복합성,확실히 피부가 많이 매끈해진 것 같은 느낌은 들어요!! 그런데 그렇게 좋은지는 사실 아직 잘 모르겠어요ㅜㅜ 조금 더 써보고 좋아지면 리뷰 수정 하러 올게요! 궁금하신 분들은 따봉 눌러놔주세요~~!,https://www.oliveyoung.co.kr/store/goods/getGoodsDetail.do?goodsNo=A000000247776&dispCatNo=100000100010015&trackingCd=Cat100000100010015_Small&t_page=카테고리관&t_click=크림_전체__상품상세&t_number=18
"[NCT 재민PICK] 이즈앤트리 어니언 뉴페어 겔크림 플러스 50ml 기획 (+겔크림 플러스 20ml, 패드 2매)",5,"7,128",복합성,여러분들의 시간을 아껴 드리기 위해 결론부터 말씀드리자면 상당히 제품력 좋습니다. 지금 구성도 좋으니 올영에서 구매 하시는 걸 추천 드립니다. 패드도 주고 너무 좋은데요.양도 굿 여행용 굿굿! 일단 꾸준하게 써야 이런 기능성 화장품은 효과를 보는 거 같애요. 하루에이틀 듬뿍바른다고 달라지는 건 없습니다. 전 하얀 피부인데도 피부톤이 조금 얼룩덜룩 하고 홍조도 있는 피부예요. 민감한피부기도 하구요. 그런데 일단 순해서 자극이 별로 없다는 점 거의 없어요. 그냥 없어요. 피부타입은 가리지 않고 다 쓰셔도 좋을 것 같습니다 크고 작은 뾰루지들이 민감 하다 보니 좀 빈번하게 생깁니다 특히 스트레스에 좀 취약 합니다. 그래서 티트리도 써보고 여러 가지 써 봤는데요.일단 발림성이 좋아야 써져요 .. 이거 겔 형태라 굉장히 끈적임 없이 수분 감도 채워 주면서 촉촉하게 잘 발리는 데 끈적이지 않아요. 흡수가 잘 된다는 거죠.그리고 흡수가 빨라야 합니다. 이 모든 걸 충족 해 주는 괜찮은 아이템이에요. 써 보니 화장 밀리지 않고 데일리로는 얇게 바르면 바를 수록 좋고 자기전에는 좀 듬뿍 발라 주는 편이에요. 흡수가 좋다 보니 좀 두껍게 바르면 다음날 확실히 피부결도 그렇고 진정 되는 것도 느껴지구요. 얼룩덜룩 한 게 확실히 많이 감소 된 거 같아요. 진짜 이렇게 길게 리뷰 잘 안쓰는데 피부고민 있으신 분들 이거 진짜 한번 써보세요. 피부과 자주다니시는분들도 전후로 관리하기 좋으니 추천!,https://www.oliveyoung.co.kr/store/goods/getGoodsDetail.do?goodsNo=A000000247776&dispCatNo=100000100010015&trackingCd=Cat100000100010015_Small&t_page=카테고리관&t_click=크림_전체__상품상세&t_number=18
"[NCT 재민PICK] 이즈앤트리 어니언 뉴페어 겔크림 플러스 50ml 기획 (+겔크림 플러스 20ml, 패드 2매)",5,"7,128",복합성,오 이거 구성이 너무 마음에 드네요. 패드까지 들어 있어서 더 좋은 것 같아요. 양파로 만들었다 해서 양파 냄새 나지 않을까 걱정을 했는데 그런 걱정은 전혀 필요가 없었어요. 갤 형태라 쓰기에도 편하고 밤에 저는 자기 전에 듬뿍 바르고 자요. 그러면 진짜 다음 날 피부가 광이 나는 느낌이에요. 이거 바르고 나서 화장이 되게 잘 먹어서 너무너무 마음에 들어요.,https://www.oliveyoung.co.kr/store/goods/getGoodsDetail.do?goodsNo=A000000247776&dispCatNo=100000100010015&trackingCd=Cat100000100010015_Small&t_page=카테고리관&t_click=크림_전체__상품상세&t_number=18
"[NCT 재민PICK] 이즈앤트리 어니언 뉴페어 겔크림 플러스 50ml 기획 (+겔크림 플러스 20ml, 패드 2매)",5,"7,128",지성,평소 피부가 쉽게 건조하고 예민해지는 편이라 사용해봤는데 촉촉하면서도 사용감이 부담스럽지 않아 좋았어요. 겔크림이라 부드럽게 펴 발리고 피부에 겉돌지 않아 데일리로 사용하기 편합니다. 바르고 나면 피부가 촉촉하고 편안한 느낌이 오래가서 만족스러워요. 20ml 추가 구성에 패드까지 함께 들어 있어 알차게 사용할 수 있네요.,https://www.oliveyoung.co.kr/store/goods/getGoodsDetail.do?goodsNo=A000000247776&dispCatNo=100000100010015&trackingCd=Cat100000100010015_Small&t_page=카테고리관&t_click=크림_전체__상품상세&t_number=18
"[NCT 재민PICK] 이즈앤트리 어니언 뉴페어 겔크림 플러스 50ml 기획 (+겔크림 플러스 20ml, 패드 2매)",5,"7,128",복합성,"이 제품은 밤에 잘 때에도 제 피부를 잘 관리하고 싶어서 구입을 해 봤는데 겔 형태라 바르기에도 편하고, 색은 보라색인데 다행히도 인공색이 아니라 자색양파 천연색이라고 합니다. 데일리 관리템으로 아주 좋은 거 같습니다.",https://www.oliveyoung.co.kr/store/goods/getGoodsDetail.do?goodsNo=A000000247776&dispCatNo=100000100010015&trackingCd=Cat100000100010015_Small&t_page=카테고리관&t_click=크림_전체__상품상세&t_number=18
"[NCT 재민PICK] 이즈앤트리 어니언 뉴페어 겔크림 플러스 50ml 기획 (+겔크림 플러스 20ml, 패드 2매)",5,"7,128",지성,뭔가 피부 뒤집어 지려고 할 때 진정 앰플 바르고 얘 듬뿍 올려주고 자고 일어나면 괜찮아짐,https://www.oliveyoung.co.kr/store/goods/getGoodsDetail.do?goodsNo=A000000247776&dispCatNo=100000100010015&trackingCd=Cat100000100010015_Small&t_page=카테고리관&t_click=크림_전체__상품상세&t_number=18
"[NCT 재민PICK] 이즈앤트리 어니언 뉴페어 겔크림 플러스 50ml 기획 (+겔크림 플러스 20ml, 패드 2매)",5,"7,128",건성,겔크림이다보니 진짜 지성에 좋고 순한느낌!? 그리고 좀 기름지지도 않고 보송한 느낌으로 오래 유지되어서 좋아요. 중국인 친구들이 이거 써보더니 너무 좋다고 해서 저도 따라샀는데 진짜 추천합니다!! 중국픽인가바여,https://www.oliveyoung.co.kr/store/goods/getGoodsDetail.do?goodsNo=A000000247776&dispCatNo=100000100010015&trackingCd=Cat100000100010015_Small&t_page=카테고리관&t_click=크림_전체__상품상세&t_number=18
"[NCT 재민PICK] 이즈앤트리 어니언 뉴페어 겔크림 플러스 50ml 기획 (+겔크림 플러스 20ml, 패드 2매)",5,"7,128",지성,보습력 좋은 크림을 찾다가 엔시티 재민이 광고하길래 바로 구매했어요 확실히 피부결이 더 좋아졌고 단순히 겉만 수분을 채운 게 아니라 피부 안쪽까지 채워진 게 느껴져요 세안하거나 좀 건조할 수 있는 상황에서도 속당김이 별로 없고 피부가 맨들맨들하게 유지 되더라구요 피부 자극 받았을 때 듬뿍 바르고 자면 다음날 피부 컨디션도 많이 좋아져 있어서 잘 사용했습니다 당분간 요 크림 계속 쓸 거 같아요,https://www.oliveyoung.co.kr/store/goods/getGoodsDetail.do?goodsNo=A000000247776&dispCatNo=100000100010015&trackingCd=Cat100000100010015_Small&t_page=카테고리관&t_click=크림_전체__상품상세&t_number=18
"[NCT 재민PICK] 이즈앤트리 어니언 뉴페어 겔크림 플러스 50ml 기획 (+겔크림 플러스 20ml, 패드 2매)",1,"7,128",지성,저랑 제 피부랑은 진짜 하나도 안맞았습니다 저는 이제 인플루언서 광고는 못믿겠어요 하도 리얼이라고 애를쓰시길래 믿었는데 저는 피부가 뒤집어져셔...며칠은 믿고 써봤는데 저거 단독으로 쓰실때도 있다길래 따라해봤으나 여드름만 계속 났습니다 저 진짜 심한 여드름 피부인데 진짜 스트레스 너무 받아서 비추,https://www.oliveyoung.co.kr/store/goods/getGoodsDetail.do?goodsNo=A000000247776&dispCatNo=100000100010015&trackingCd=Cat100000100010015_Small&t_page=카테고리관&t_click=크림_전체__상품상세&t_number=18
"[NCT 재민PICK] 이즈앤트리 어니언 뉴페어 겔크림 플러스 50ml 기획 (+겔크림 플러스 20ml, 패드 2매)",5,"7,128",복합성,"이거 제가 써보고 너무 좋아서 친구 생일 선물로 주려고 또 샀어요. 겔 형태라 발림성도 좋고, 양파로 만들었다 해서 양파 냄새를 걱정했었는데 전혀 안 나서 그것도 마음에 들었어요. 전 이거 진짜 자기 전에 듬뿍 바르고 자거든요. 그러면 그다음 날 화장 잘 먹히는 게 정말 남달라요. 정말 만족도가 높아요.",https://www.oliveyoung.co.kr/store/goods/getGoodsDetail.do?goodsNo=A000000247776&dispCatNo=100000100010015&trackingCd=Cat100000100010015_Small&t_page=카테고리관&t_click=크림_전체__상품상세&t_number=18
[올영단독/속보습케어] 스킨앤랩 베리어덤 링거 앰플70ml(+70ml) 더블기획,5,"13,826",복합성,"보습감이 충분한 로션이나 크림을 발라도 뭔가 허전한 느낌이 들 때 챙겨 바르는 제품임 수분감이 굉장히 많은 데다가 끈적이거나 다른 기초 제품이랑 충돌해서 때처럼 밀리는 현상도 없어서 메이크업 전에 바르기도 괜찮았고 밤에 수분 채우기 용도로 사용하는 것도 좋았음,",https://www.oliveyoung.co.kr/store/goods/getGoodsDetail.do?goodsNo=A000000213267&dispCatNo=100000100010014&trackingCd=Cat100000100010014_Small&t_page=카테고리관&t_click=에센스/세럼/앰플_전체__상품상세&t_number=10
[올영단독/속보습케어] 스킨앤랩 베리어덤 링거 앰플70ml(+70ml) 더블기획,5,"13,826",복합성,워낙 수부지나 속건조에 좋대서 궁금했는데 물처럼 엄청 묽은 제형이라 레이어링 하기 딱인 앰플이네요 끈적임없이 순하면서 수분은 채워주는 느낌이라 여름에 좀 더 빨리 써봤으면 더 좋았을듯? 그래도 환절기 속당김 무조건 올텐데 지금부터라도 속보습 잘 해보려구요,https://www.oliveyoung.co.kr/store/goods/getGoodsDetail.do?goodsNo=A000000213267&dispCatNo=100000100010014&trackingCd=Cat100000100010014_Small&t_page=카테고리관&t_click=에센스/세럼/앰플_전체__상품상세&t_number=10
[올영단독/속보습케어] 스킨앤랩 베리어덤 링거 앰플70ml(+70ml) 더블기획,5,"13,826",복합성,"평소에도 여러 브랜드의 앰플을 꾸준히 사용해 왔는데, 이번에 좋은 기회가 되 어 스킨랩 베리어 덤 링거 앰플을 직접 사용해 보게 되었습니다. 처음 사용했을 때 가장 인상적이었던 부분은 제형이었습니다. 너무 되직하거나 무거운 느낌 없이 비교적 묽고 산뜻한 제형이라 피부에 부드럽게 펴 발렸고, 끈 적임이나 답답함도 크게 느껴지지 않았습니다. 앰플 특유의 촉촉함은 유지하면 서도 얼굴 위에 제품이 오래 겉도는 느낌이 없어 부담 없이 사용할 수 있었습니 다. 특히 여러 번 덧발라도 무겁게 쌓이는 느낌보다는 피부에 가볍게 흡수되는 느 낌이라 아침저녁으로 편하게 사용하기 좋았습니다. 사용 후에는 피부가 촉촉하 게 정돈되는 느낌이 있었고, 그렇다고 번들거리거나 유분감이 과하게 남지 않 아 산뜻한 마무리감을 선호하는 분들에게도 잘 맞을 것 같았습니다. 보습감 역시 개인적으로 만족스러웠습니다. 가볍게 발리는 제형임에도 사용 후 피부가 건조하게 느껴지지 않았고, 피부에 적당한 촉촉함이 남아 일상적인 보 습 관리용으로 사용하기에 괜찮았습니다. 무엇보다 사용감뿐만 아니라 가격대도 비교적 부담스럽지 않은 편이라 좋았습 니다. 한 번 사용해 보고 끝나는 제품이라기보다, 매일 꾸준히 사용하기에 괜찮 은 앰플이라는 생각이 들었습니다. 평소 무겁고 끈적이는 앰플보다는 가볍고 산뜻하게 사용할 수 있으면서도 기본 적인 보습감은 챙길 수 있는 제품을 찾고 있다면 한 번 사용해 볼 만한 제품인 것 같습니다.",https://www.oliveyoung.co.kr/store/goods/getGoodsDetail.do?goodsNo=A000000213267&dispCatNo=100000100010014&trackingCd=Cat100000100010014_Small&t_page=카테고리관&t_click=에센스/세럼/앰플_전체__상품상세&t_number=10
[올영단독/속보습케어] 스킨앤랩 베리어덤 링거 앰플70ml(+70ml) 더블기획,5,"13,826",없음,요거진짜 수부지에 딱인 앰플이에요. 용량도 넉넉하고 두 개 세트라 한참 쓸 수 있을 것 같아요. 피부가 많이 민감한 편인데 자극 없이 순해서 아침 저녁으로 듬뿍듬뿍 발라도 트러블이 1도 없어요. 저는 아침에도 3번씩 바르기도해요ㅎㅎ 건조한날은 여러번 레이어드해도 밀림없이 화장할수있어서 좋더라구요. 수분이 꽉 채워지는 느낌이에요. 진짜 촉촉~ 화장도 잘먹어서 수부지분들께 강추해봅니다ㅎㅎ,https://www.oliveyoung.co.kr/store/goods/getGoodsDetail.do?goodsNo=A000000213267&dispCatNo=100000100010014&trackingCd=Cat100000100010014_Small&t_page=카테고리관&t_click=에센스/세럼/앰플_전체__상품상세&t_number=10
[올영단독/속보습케어] 스킨앤랩 베리어덤 링거 앰플70ml(+70ml) 더블기획,5,"13,826",건성,속보습 채우는데 정말 좋아서 세 번째 재구매하는 제품입니다. 처음 바를 때는 물같이 흐르는 느낌에 이게 보습이 되겠어?라고 생각했는데 얼굴 속으로 쏙 스며드는 사용감에 여러 번 레이어링하면 완전 달라요.. 건조해서 트러블 우다다닥 올라올 때도 이걸로 수분감을 꽉 채워주면 한층 가라앉고요. 무향이라는 화장품 되게 많지만 이건 진짜 무향입니다. 순해서 언제 써도 부담 없어요,https://www.oliveyoung.co.kr/store/goods/getGoodsDetail.do?goodsNo=A000000213267&dispCatNo=100000100010014&trackingCd=Cat100000100010014_Small&t_page=카테고리관&t_click=에센스/세럼/앰플_전체__상품상세&t_number=10
[올영단독/속보습케어] 스킨앤랩 베리어덤 링거 앰플70ml(+70ml) 더블기획,5,"13,826",복합성,보습력이 너무 좋아서 자주 썼었던 세럼인데 원플러스원 행사에 혹해서 또 구매했어요 :) 속보습 세럼 이라는 말이 딱 맞을 정도로 보습력이 진짜 좋아요!! 거기에 흡수력까지 좋아서 아침저녁으로 바르기 좋은 세럼이랍니다 입문자들에게 추천 드려요 ㅎㅎ,https://www.oliveyoung.co.kr/store/goods/getGoodsDetail.do?goodsNo=A000000213267&dispCatNo=100000100010014&trackingCd=Cat100000100010014_Small&t_page=카테고리관&t_click=에센스/세럼/앰플_전체__상품상세&t_number=10
[올영단독/속보습케어] 스킨앤랩 베리어덤 링거 앰플70ml(+70ml) 더블기획,5,"13,826",복합성,"무향의 묽은 앰플이고, 촉촉해요! 수분 부족형 지성인데, 속수분 챙겨주니 피부가 좋아지는 느낌이라 써보기 시작했는데요, 가벼우면서 부드럽게 발리고, 흡수가 잘되는 느낌이에요 !끈적이는거 싫어하시면 요거 추천 ㅎㅎ 아침저녁으로 닭토 대신 요거 !! 부지런히 바르기 좋을것 같아요. 용량도 완전 맘에듭니다 ㅎㅎ",https://www.oliveyoung.co.kr/store/goods/getGoodsDetail.do?goodsNo=A000000213267&dispCatNo=100000100010014&trackingCd=Cat100000100010014_Small&t_page=카테고리관&t_click=에센스/세럼/앰플_전체__상품상세&t_number=10
[올영단독/속보습케어] 스킨앤랩 베리어덤 링거 앰플70ml(+70ml) 더블기획,5,"13,826",건성,가볍게 쓰기 너무 좋은 최애 앰플이랍니다.건조함 완전 잘 잡아줄만큼 속수분 잘 채워주고 흡수력 또한 너무 좋아 가끔은 앰플로 2-3번 스킨처럼해주면 마무리를 앰플로 해도 될만큼 촉촉하고 매끄럽고 너무 만족스러워요.끈적임이 전혀없고 피부가 민감한데도 앰플이 순해서 잘 적응하는것이 좋았어요.항상 쟁여두고 사용하는 최애앰플,https://www.oliveyoung.co.kr/store/goods/getGoodsDetail.do?goodsNo=A000000213267&dispCatNo=100000100010014&trackingCd=Cat100000100010014_Small&t_page=카테고리관&t_click=에센스/세럼/앰플_전체__상품상세&t_number=10
[올영단독/속보습케어] 스킨앤랩 베리어덤 링거 앰플70ml(+70ml) 더블기획,5,"13,826",복합성,예전에 한번 써보고 만족했어서 이번엔 기획세트로 구매! 일단 수분앰플이라 그런지 제형은 무겁지 않고 가벼워요 끈적임 없고 흡수 아주 잘 됩니다 그리고 얘가 속수분을 진짜 잘 채워줌!! 바르고 시간 지나도 촉촉함 피부 예민할 때 이 제품 바르면 오히려 더 진정 되는 느낌? 부담 없이 막 사용하기 좋아요! 장벽케어도 되는 느낌이라 저는 수부지 분들게 추천! 제 리뷰가 도움이 되셨다면 좋아요 버튼👍 부탁드려요😍😍,https://www.oliveyoung.co.kr/store/goods/getGoodsDetail.do?goodsNo=A000000213267&dispCatNo=100000100010014&trackingCd=Cat100000100010014_Small&t_page=카테고리관&t_click=에센스/세럼/앰플_전체__상품상세&t_number=10
[올영단독/속보습케어] 스킨앤랩 베리어덤 링거 앰플70ml(+70ml) 더블기획,5,"13,826",건성,제형이 워터리하고 가벼워서 무겁거나 답답한 느낌 없이 손이 정말 자주가는 제품입니다. 제일 마음에 드는 점음 흡수도 빠르고 앰플 특유의 끈적임도 없는 점입니다. 바르고 나면 속수분이 채워지는 느낌이들고 성분도 괜찮은편이라 피부가 예민한 편인데도 자극없이 바르기 좋습니다 건정도 잘 맞고 수부지도 잘 맞을것 같아요 보습과 장벽케어까지 한번에 할 수 있어서 데일리 케어용으로 굉장히 잘 쓸것 같습니다,https://www.oliveyoung.co.kr/store/goods/getGoodsDetail.do?goodsNo=A000000213267&dispCatNo=100000100010014&trackingCd=Cat100000100010014_Small&t_page=카테고리관&t_click=에센스/세럼/앰플_전체__상품상세&t_number=10
[모공결데일리앰플] 라로슈포제 에빠끌라 울트라 컨센트레이티드 세럼 30ml,4,879,없음,가격대비 용량이 적어서 조금이라도 세일할때 쟁여둡니다. 드라마틱한 효과는 잘 모르겠고… 민감성도 충분히 사용 가능할만큼 자극없고 순하긴 해요. 데이보다 나이트 기초단계에서 크림 전에 발라주는데 흡수 잘되고 좋아요. 다만 제형은 많이 묽어서 양 조절 잘 해야 합니다,https://www.oliveyoung.co.kr/store/goods/getGoodsDetail.do?goodsNo=A000000166013&dispCatNo=100000100010014&trackingCd=Cat100000100010014_Small&t_page=카테고리관&t_click=에센스/세럼/앰플_전체__상품상세&t_number=19
[모공결데일리앰플] 라로슈포제 에빠끌라 울트라 컨센트레이티드 세럼 30ml,5,879,복합성,수부지고 저녁마다 사용해 주는것 같아요. 기름기 제거에 좋은것 같아요,https://www.oliveyoung.co.kr/store/goods/getGoodsDetail.do?goodsNo=A000000166013&dispCatNo=100000100010014&trackingCd=Cat100000100010014_Small&t_page=카테고리관&t_click=에센스/세럼/앰플_전체__상품상세&t_number=19
[모공결데일리앰플] 라로슈포제 에빠끌라 울트라 컨센트레이티드 세럼 30ml,5,879,없음,진짜 트러블나면 무조건 발라야하는 템이에요.. 올영 라스트픽으로 구매해서 나름 저렴하게 구매를 했지만 그래도 비싸서 고민을 했지만 너무 잘 산거 같아요!! 좁쌀과 붉은 트러블이 올라올때 자기 전에 발라주면 다음날 빠르게 가라앉아요. 바르자마자 흡수가 빨라서 끈적이진 않지만 보습이 조금 필요하면 이거 바르고 그 다음에 다른 앰플을 발라줘도 좋아요,https://www.oliveyoung.co.kr/store/goods/getGoodsDetail.do?goodsNo=A000000166013&dispCatNo=100000100010014&trackingCd=Cat100000100010014_Small&t_page=카테고리관&t_click=에센스/세럼/앰플_전체__상품상세&t_number=19
[모공결데일리앰플] 라로슈포제 에빠끌라 울트라 컨센트레이티드 세럼 30ml,5,879,없음,피부가 예민해서 화장품 바꾸면 바로 뾰루지 올라오는데 이건 그 뾰루지를 진정시키는데 매우 좋아요!! 완전 강추!!!!!,https://www.oliveyoung.co.kr/store/goods/getGoodsDetail.do?goodsNo=A000000166013&dispCatNo=100000100010014&trackingCd=Cat100000100010014_Small&t_page=카테고리관&t_click=에센스/세럼/앰플_전체__상품상세&t_number=19
[모공결데일리앰플] 라로슈포제 에빠끌라 울트라 컨센트레이티드 세럼 30ml,5,879,없음,저 얘 없으면 올 여름 못 버텼어요.. 피지 싹 잡아주고 트러블 진정시켜줘서 좋습니다 저는 건조함을 많이 느끼는 피부라 겨울철 사용은 힘들 것 같지만 그 외에는 꾸준히 쓸 것 같아요,https://www.oliveyoung.co.kr/store/goods/getGoodsDetail.do?goodsNo=A000000166013&dispCatNo=100000100010014&trackingCd=Cat100000100010014_Small&t_page=카테고리관&t_click=에센스/세럼/앰플_전체__상품상세&t_number=19
[모공결데일리앰플] 라로슈포제 에빠끌라 울트라 컨센트레이티드 세럼 30ml,5,879,없음,처음엔 잘 못느꼈는데 시간이 지날수록 알코올냄새가 나요. 주관적으로 순하진 않은 것 같고 자극적인 것 같아용 여드름 났는데 좀 따가운 느낌이 났어요. 그래서 매일 안바르고 다른 세럼이랑 번갈아가면서 쓰고있습니다.,https://www.oliveyoung.co.kr/store/goods/getGoodsDetail.do?goodsNo=A000000166013&dispCatNo=100000100010014&trackingCd=Cat100000100010014_Small&t_page=카테고리관&t_click=에센스/세럼/앰플_전체__상품상세&t_number=19
[모공결데일리앰플] 라로슈포제 에빠끌라 울트라 컨센트레이티드 세럼 30ml,5,879,복합성,저는 라로슈포제 너무너무 잘 맞는 피부라 잘 쓰고 있어요 재구매템임,https://www.oliveyoung.co.kr/store/goods/getGoodsDetail.do?goodsNo=A000000166013&dispCatNo=100000100010014&trackingCd=Cat100000100010014_Small&t_page=카테고리관&t_click=에센스/세럼/앰플_전체__상품상세&t_number=19
[모공결데일리앰플] 라로슈포제 에빠끌라 울트라 컨센트레이티드 세럼 30ml,5,879,없음,찐득할줄알았는데 생각보다 전혀 찐득함없이 가벼운느낌이라 좋더라구요!,https://www.oliveyoung.co.kr/store/goods/getGoodsDetail.do?goodsNo=A000000166013&dispCatNo=100000100010014&trackingCd=Cat100000100010014_Small&t_page=카테고리관&t_click=에센스/세럼/앰플_전체__상품상세&t_number=19
[모공결데일리앰플] 라로슈포제 에빠끌라 울트라 컨센트레이티드 세럼 30ml,3,879,없음,자극없고 순하긴 한데 효과는 잘 모르겠어요. 두병째 사용중인데 다 쓰고나면 바꿔볼까 고민중입니다,https://www.oliveyoung.co.kr/store/goods/getGoodsDetail.do?goodsNo=A000000166013&dispCatNo=100000100010014&trackingCd=Cat100000100010014_Small&t_page=카테고리관&t_click=에센스/세럼/앰플_전체__상품상세&t_number=19
[모공결데일리앰플] 라로슈포제 에빠끌라 울트라 컨센트레이티드 세럼 30ml,5,879,없음,지성피부가 휘뚜르마뚜르 사용하기 좋아서 재구매할 것 같아요,https://www.oliveyoung.co.kr/store/goods/getGoodsDetail.do?goodsNo=A000000166013&dispCatNo=100000100010014&trackingCd=Cat100000100010014_Small&t_page=카테고리관&t_click=에센스/세럼/앰플_전체__상품상세&t_number=19
[저자극비타민C세럼] 이니스프리 비타민C 캡슐 세럼 30ml 더블 기획,5,"16,948",복합성,이니스프리 레티놀 라인도 너무 잘쓰고 있어서 이니스프리 비타민C 캡슐 세럼도 구매했어요😊 30ml 2개 더블기획 구성이라 넉넉하게 사용 가능하고 비타민세럼치고 끈적임이 적고 흡수가 빨라 사용하기 편하고 화장도 잘먹더라구요! 비타민 성분임에도 불구하고 따가움이나 트러블 유발 없이 저같은 민감성 피부도 사용가능할정도로 순해요! 피부 톤이 맑아지고 칙칙한톤이 개선되니까 더 생기있어 보여요!! 브라이트닝 효과가 최고인거같습니다❤️ 꾸준히 사용하면 얼마나 밝아질지 기대되요!!!✨✨,https://www.oliveyoung.co.kr/store/goods/getGoodsDetail.do?goodsNo=A000000230206&dispCatNo=100000100010014&trackingCd=Cat100000100010014_Small&t_page=카테고리관&t_click=에센스/세럼/앰플_전체__상품상세&t_number=23
[저자극비타민C세럼] 이니스프리 비타민C 캡슐 세럼 30ml 더블 기획,5,"16,948",복합성,이 제품을 6개월 이상 꾸준히 쓰고 남기는 점. 1. 물론 모든 화장품이 그렇듯 드라마틱하게 바뀌는 건 아니고 어느순간 본인이 체감하게 됨. 2. 비타민C는 순서와 방법이 중요함. - 아침에 바를 것. 자외선이 피부속을 침범하는 것을 비타민C가 막아주기에 아침에 바를 것. - 기초 토너를 쓰는 경우 토너가 약간 말라 피부가 당길 때 비타민 C를 발라줘야 함. 그리고 바르고 얼굴에 도포한 후 손바닥으로 꾹 눌러주며 열기를 피부속에 전달한다는 느낌으로 눌러주기. - 위의 방법과 더불어 중요한 것이 비타민C를 바른 후 최소 3분-5분은 다음 화장품을 바르지 말고 기다리기. 단독으로 흡수하기를 기다려야 함. 3. 마지막으로 비타민C의 함량이 10-20%사이여야 함. 그래서 이니스프리의 제품을 골랐음. 20%가 넘어가면 피부에 오히려 안 좋을 수 있으니 이건 주의. 위의 모든 것은 비타민C 유튜버 의사말을 토대로 꼭 지켜야할 것만 골라 6개월동안 실천한 것. 물론 더 좋은 방법도 있을 순 있지만 위의 내용은 기초가 되는 것. 4. 계속 바르다보면 어느 순간 피부가 부드러원지는 것을 느낌. 이 느낌이 좋음. 그래서 꾸준히 발라주는 것이 중요. 5. 더불어 저녁에는 같은 회사의 레티놀도 쓰는데 이것도 좋음.,https://www.oliveyoung.co.kr/store/goods/getGoodsDetail.do?goodsNo=A000000230206&dispCatNo=100000100010014&trackingCd=Cat100000100010014_Small&t_page=카테고리관&t_click=에센스/세럼/앰플_전체__상품상세&t_number=23
[저자극비타민C세럼] 이니스프리 비타민C 캡슐 세럼 30ml 더블 기획,5,"16,948",복합성,이니스프리 세럼 재구매했어요 비타민C와 녹차 엔자임이 들어 있어서 피부결을 매끈하게 해준다는데 저는 비타민C덕분인지 피부색이 환해보여서 더 만족스러웠어요 그리고 민감한분들도 자극없이 쓸수있을것같아서 동생들한테도 귄해주는 제품이에요 흡수가 빠르기 때문에 여러번 덧바르면서 사용중입니다,https://www.oliveyoung.co.kr/store/goods/getGoodsDetail.do?goodsNo=A000000230206&dispCatNo=100000100010014&trackingCd=Cat100000100010014_Small&t_page=카테고리관&t_click=에센스/세럼/앰플_전체__상품상세&t_number=23
[저자극비타민C세럼] 이니스프리 비타민C 캡슐 세럼 30ml 더블 기획,5,"16,948",없음,비타민C는 아침에 사용하는 게 좋아요. 그래서 함량이 너무 높은 제품보다는 이니스프리 제품처럼 적당한 함량인 제품을 사용해야 피부 자극이 없어요. 대신 꾸준히 사용해야 효과가 있어요. 그리고 선크림을 충분히 발라줘야 해요. 안 그러면 안 바른 거보다 못해요.,https://www.oliveyoung.co.kr/store/goods/getGoodsDetail.do?goodsNo=A000000230206&dispCatNo=100000100010014&trackingCd=Cat100000100010014_Small&t_page=카테고리관&t_click=에센스/세럼/앰플_전체__상품상세&t_number=23
[저자극비타민C세럼] 이니스프리 비타민C 캡슐 세럼 30ml 더블 기획,5,"16,948",건성,"벌써 세 번째 구매라 완전 재재재구매템이에요. 남편이 피부가 좀 더 환해졌으면 좋겠다고 해서 바르기 시작했습니다 ,레티놀 앰플에 비해 비타민C 세럼은 자극이 거의 없어 훨씬 편하게 사용하고 있어요. 펌프형이 아닌 스포이드 타입이라 양 조절이 살짝 불편하긴 하지만, 개인적으로는 펌프 내부의 스프링 구조가 신경 쓰이는 편이라 이런 용기가 오히려 더 마음에 듭니다. 특히 이번 구성은 리필이 아니라 본품을 두 개 주는 구성이라 더욱 만족스러워요!",https://www.oliveyoung.co.kr/store/goods/getGoodsDetail.do?goodsNo=A000000230206&dispCatNo=100000100010014&trackingCd=Cat100000100010014_Small&t_page=카테고리관&t_click=에센스/세럼/앰플_전체__상품상세&t_number=23
[저자극비타민C세럼] 이니스프리 비타민C 캡슐 세럼 30ml 더블 기획,5,"16,948",복합성,"저번에 구매하고 좋았어서 세일에 재구매 했습니다! 확실히 꾸준하게 바르면 피부 톤이 맑아지는게 보였어요. 다 떨어져서 요즘 안 쓰니까 좀 까매진 것 같더라구요,,",https://www.oliveyoung.co.kr/store/goods/getGoodsDetail.do?goodsNo=A000000230206&dispCatNo=100000100010014&trackingCd=Cat100000100010014_Small&t_page=카테고리관&t_click=에센스/세럼/앰플_전체__상품상세&t_number=23
[저자극비타민C세럼] 이니스프리 비타민C 캡슐 세럼 30ml 더블 기획,5,"16,948",복합성,항상 사용하는 비타민 세럼이여서 세일 때 또 쟁였어요 아침에 비타민 세럼 하나 쓰긴해야하는데 비타민 특유의 냄새(?) 때문에 사용감이 별로였고 고함랑이몀 트러블이 잘 나더라구요! 근데 이 제품은 둘 다 아니라서 일반 세럼처럼 편하게 잘 쓰고 있습니다 강추!!!!,https://www.oliveyoung.co.kr/store/goods/getGoodsDetail.do?goodsNo=A000000230206&dispCatNo=100000100010014&trackingCd=Cat100000100010014_Small&t_page=카테고리관&t_click=에센스/세럼/앰플_전체__상품상세&t_number=23
[저자극비타민C세럼] 이니스프리 비타민C 캡슐 세럼 30ml 더블 기획,5,"16,948",건성,비타민 캡슐이 부드럽게 터지면서 스며드는 제형이 인상적이에요. 한 달간 사용해 보니 피부 결이 한결 매끄러워지고 투명한 윤기가 돌아 전반적인 피부 컨디션이 올라갔습니다.,https://www.oliveyoung.co.kr/store/goods/getGoodsDetail.do?goodsNo=A000000230206&dispCatNo=100000100010014&trackingCd=Cat100000100010014_Small&t_page=카테고리관&t_click=에센스/세럼/앰플_전체__상품상세&t_number=23
[저자극비타민C세럼] 이니스프리 비타민C 캡슐 세럼 30ml 더블 기획,5,"16,948",없음,"세럼 안에 캡슐이 들어 있는 제형이라 사용하기 전에 잘 섞어 바르면 되고, 피부에 부드럽게 펴 발리는 편이라 부담 없이 사용할 수 있었습니다. 처음에는 조금 무거울까 걱정했는데 생각보다 촉촉하면서도 끈적임이 심하지 않아 데일리 세럼으로 사용하기 괜찮았어요. 사용 후 피부가 매끈하고 촉촉하게 정돈되는 느낌이 들고, 꾸준히 사용하다 보니 피부톤이 한층 생기 있어 보이는 느낌이라 마음에 듭니다. 특히 건조해서 푸석해 보이는 날에는 보습감도 어느 정도 챙길 수 있어서 좋았어요. 아침보다는 주로 저녁 스킨케어 단계에서 사용하고 있고, 자극감도 크게 느껴지지 않아 편하게 사용 중입니다. 30ml 본품이 두 개라 넉넉하게 사용할 수 있는 구성도 마음에 들고, 비타민C 세럼을 처음 사용해보려는 분들에게도 무난한 제품이라고 생각해요",https://www.oliveyoung.co.kr/store/goods/getGoodsDetail.do?goodsNo=A000000230206&dispCatNo=100000100010014&trackingCd=Cat100000100010014_Small&t_page=카테고리관&t_click=에센스/세럼/앰플_전체__상품상세&t_number=23
[저자극비타민C세럼] 이니스프리 비타민C 캡슐 세럼 30ml 더블 기획,5,"16,948",건성,펌핑할 때 노란 비타민 캡슐이 톡톡 터지면서 피부에 겉돌지 않고 싹 흡수되는 제형이라 아침저녁으로 부담 없이 바르기 좋았습니다 비타민C 제품 특유의 끈적임이나 따가운 자극이 거의 없어 민감한 피부 상태에서도 순하게 사용할 수 있었습니다🫶 일주일 정도 쓰면서 피부 바탕이 차분해지고 결이 매끄러워지는 느낌을 받았고 2~3주 차에 접어들면서는 칙칙했던 피부 톤이 전체적으로 맑아지고 맑은 광채가 돌기 시작했습니다 특히 옅은 잡티나 붉은 기가 있던 자리가 한 달 만에 한결 옅어지며 피부 톤이 균일해지는 변화가 체감되었습니다🫶 유분기가 과하지 않아 다음 단계의 수분 크림이나 선크림을 발라도 밀리지 않고 깔끔하게 레이어링됩니다 비타민 케어를 입문하고 싶거나 자극 없이 매일 맑은 피부 톤을 관리하고 싶은 분들에게 올리브영 할인 때 부담 없이 구매해서 쓰기 좋은 데일리 세럼으로 추천합니다🫶,https://www.oliveyoung.co.kr/store/goods/getGoodsDetail.do?goodsNo=A000000230206&dispCatNo=100000100010014&trackingCd=Cat100000100010014_Small&t_page=카테고리관&t_click=에센스/세럼/앰플_전체__상품상세&t_number=23
[1등모공결세럼] 넘버즈인 3번 보들보들 모공결 세럼 30ml 더블 기획,5,"7,869",지성,"🩷 피부 타입: 수부지, 각질 많은 편 🩷 피부 톤: 21호 🩷 피부 고민: 보습, 진정 🩷 민감도: 중하 🫠 한줄 평가: 코쪽 모공이 확실히 좁아짐 🥰 같이 쓰기 좋은 아이템: 에스트라 아토베리어 크림 ☺️ 긴줄 평가: 확실히 2달 정도 쓰니 남자친구 코쪽 모공이 줄었어요!! 엄청 촉촉한 편은 아니라서 수분감 있는 수분 크림을 바르는 게 좋습니당!!",https://www.oliveyoung.co.kr/store/goods/getGoodsDetail.do?goodsNo=A000000250773&dispCatNo=100000100010014&trackingCd=Cat100000100010014_Small&t_page=카테고리관&t_click=에센스/세럼/앰플_전체__상품상세&t_number=24
[1등모공결세럼] 넘버즈인 3번 보들보들 모공결 세럼 30ml 더블 기획,5,"7,869",복합성,"🙌🙌재구매로 공병 4번정도 비웠습니다! 아침 화장 전 결 정돈이 되어서 가볍게 잘 사용하고있습니다. 👍피부 결따라서 손으로 밀어주며 바르면 진짜 솜털이 ㅣ ㅣ,(피부에 싹 붙고 매끈해지는 느낌입니다! 아침에 피부 뜨는 것 같은 분들께 강력추천 모공이 도드라지지않고 자연스럽게 매꿔지는 것 같아 만족중입니다. 딱히 모난데 없는 깔끔한 제품입니다! ⭐️여름 외에는 이 제품 이외에 다른 제품도 같이 사용해야합니다. (복합건성)",https://www.oliveyoung.co.kr/store/goods/getGoodsDetail.do?goodsNo=A000000250773&dispCatNo=100000100010014&trackingCd=Cat100000100010014_Small&t_page=카테고리관&t_click=에센스/세럼/앰플_전체__상품상세&t_number=24
[1등모공결세럼] 넘버즈인 3번 보들보들 모공결 세럼 30ml 더블 기획,5,"7,869",없음,발림성이 진짜 부드러워서 피부에 닿자마자 슥슥 잘 펴 발리고 흡수도 빠른 편이에요. 촉촉한 세럼인데도 겉에 끈적이거나 미끈하게 남는 느낌이 거의 없어서 아침 스킨케어로 쓰기에도 좋더라고요 가벼운 세럼은 바르고 조금 지나면 다시 건조해지는 경우가 많은데 이건 촉촉함이 꽤 오래 유지되는 느낌이라 더 만족스러웠어요. 꾸준히 사용하면서 피부 만져보면 결도 한층 보들보들하고 매끈하게 정돈된 기분! 메이크업 전에도 부담 없고 아침저녁 데일리로 쓰기 좋아서 요즘 손이 정말 자주 가요. 더블 기획이라 한동안 든든하게 사용할 것 같아요ㅎㅎ,https://www.oliveyoung.co.kr/store/goods/getGoodsDetail.do?goodsNo=A000000250773&dispCatNo=100000100010014&trackingCd=Cat100000100010014_Small&t_page=카테고리관&t_click=에센스/세럼/앰플_전체__상품상세&t_number=24
[1등모공결세럼] 넘버즈인 3번 보들보들 모공결 세럼 30ml 더블 기획,5,"7,869",없음,바쿠치올이 들어있어서 모공에 확실히 효과가 좋은 듯 해요 넘버즈인은 마스크팩이 너무 좋은데 세럼도 완전 좋네요 이거 바르면 끈적임없이 촉촉하고 화장 잘 먹어서 좋아요,https://www.oliveyoung.co.kr/store/goods/getGoodsDetail.do?goodsNo=A000000250773&dispCatNo=100000100010014&trackingCd=Cat100000100010014_Small&t_page=카테고리관&t_click=에센스/세럼/앰플_전체__상품상세&t_number=24
[1등모공결세럼] 넘버즈인 3번 보들보들 모공결 세럼 30ml 더블 기획,5,"7,869",없음,"사이즈가 작긴한데, 그래서 2개 + 파넬/ 바이오던스 세럼까지 오긴해요! (첨에 사이즈때매 놀랠순 잇음ㅜㅜ) (그래도 제형감이 참 좋다 !! ) ( 평소 좋아하는 바쿠치올도 잇어서 + 갈릭어쩌구+비피다) 아니면 본품 + 리필로 해주시공 가격아주좀만 낮춰주셔도 진짜 좋을듯!! 왜냐면 , 생각보다 흐르지않고, 착 밀착감잇고 매끈하게 잘 펴져서 그게 맘에 들었음.!! 지금 흡수는 베리베리 패스트하게 되는데 생각보다 매끈 밀착있어서, 기분좋고, 왜 화잘먹이라는지 알겟음. 근데 리필로 사고싶당 이거 바르면, 갈락 뭐 때매, 보들보들 결 좋고, 모공도 매끈해진다던데 사이즈때매 고민되실순잇겠지만 바쿠치올 도 잇네요!! 주름에도 좋을듯? 제형감은 맘에들기때매 다쓰고 또 살 수도 있을듯한 느낌적인 느낌^ +) 추가하러옴. 근데 5중면적 세로모공 가로모공 길이, 부피, 면적 이런거에엄청좋나봐요 모공쪽에서 판매1등제품이라 흠냐 좋은것같음!",https://www.oliveyoung.co.kr/store/goods/getGoodsDetail.do?goodsNo=A000000250773&dispCatNo=100000100010014&trackingCd=Cat100000100010014_Small&t_page=카테고리관&t_click=에센스/세럼/앰플_전체__상품상세&t_number=24
[1등모공결세럼] 넘버즈인 3번 보들보들 모공결 세럼 30ml 더블 기획,5,"7,869",없음,"크기때문에 고민을 하긴햇는데, 발라보고 음~~ 좋다로 바꼈음다. 다른 제품들도 1병에 얼마씩하고 하니까, 2개합치면 양도 괜춘한것같고. 그 뒷면보니까 비피다발효, 갈락발효 <- 이렇게 1순위 2순위더라구용 바쿠치올/카보머/알란토인 이런성분들도 잇네요 아무래도 모공 에 쫀쫀하게 잘 먹는게 많다보니 아주 바르는 느낌은 좋아요 ^^ 모공앰플 쓰고있었다묜 . 결에좋은 성분들어잇는것도 좋은 선택같네요 피부에 먹는 느낌이 아주좋긴해용 모공이랑 주름 결없애면 좋갯음당😍",https://www.oliveyoung.co.kr/store/goods/getGoodsDetail.do?goodsNo=A000000250773&dispCatNo=100000100010014&trackingCd=Cat100000100010014_Small&t_page=카테고리관&t_click=에센스/세럼/앰플_전체__상품상세&t_number=24
[1등모공결세럼] 넘버즈인 3번 보들보들 모공결 세럼 30ml 더블 기획,5,"7,869",없음,늘어진 모공 때문에 피부결이 신경 쓰여 구매했습니다. 제형은 부드럽게 펴 발리고 흡수된 후 피부 표면이 매끈하게 정돈되는 사용감이 마음에 드네요.ㅎ 메컵 전에 사용하면 건조해서 들뜨는 부분이 줄고 파운데이션이 조금 더 균일하게 밀착되는 느낌있구요.. 꾸준히 사용하면서 피부결이 전보다 부드럽게 느껴져 좋네요 모공과 피부결 관리뿐 아니라 화장 잘 받는 기초를 찾는 분들에게 추천할 만한 제품이고 더블 기획이라 넉넉하게 사용할 수 있어 좋습니다.,https://www.oliveyoung.co.kr/store/goods/getGoodsDetail.do?goodsNo=A000000250773&dispCatNo=100000100010014&trackingCd=Cat100000100010014_Small&t_page=카테고리관&t_click=에센스/세럼/앰플_전체__상품상세&t_number=24
[1등모공결세럼] 넘버즈인 3번 보들보들 모공결 세럼 30ml 더블 기획,5,"7,869",복합성,"베이스 전에 잔각질 잠재워주는 용으로 최고,, 계절상관없이 피부 거친날에 써주고있는데 넘넘 좋아여 각질정리용 세럼은 맨 피부에 올렸을 때 따가워서 못쓰는데 이건 자극도 없이 잠재워주는 느낌이라 손이 잘가요!! 모공속 수분도 채워줘서 모공 크기도 작아보여서 존좋ㅠ 아침에 쓰면 넘 좋아요!!",https://www.oliveyoung.co.kr/store/goods/getGoodsDetail.do?goodsNo=A000000250773&dispCatNo=100000100010014&trackingCd=Cat100000100010014_Small&t_page=카테고리관&t_click=에센스/세럼/앰플_전체__상품상세&t_number=24
[1등모공결세럼] 넘버즈인 3번 보들보들 모공결 세럼 30ml 더블 기획,5,"7,869",지성,"여름이라 모공이 늘어져서 베이스가 자꾸 모공에 끼고.. 피부결이 거칠어 보여서 써봤어여. 세럼 바르고 나면 피부가 이름처럼 보들보들하게 정돈되는 느낌이 좋구,, 특히 다음 날 화장할 때 차이가 느껴지더라고요~~ 파운데이션이 들뜨거나 모공에 끼는 게 덜하고 피부 위에 얇게 착! 붙는 느낌이라 화잘먹 세럼이라는 말이 딱..💗 이주째 사용중인데 거칠게 느껴지던 피부결도 매끈해 보이고 모공 주변도 깔끔하게 정돈된 느낌..! 더블 기획이라 아침저녁으로 아낌없이 쓰기 좋아요~~!",https://www.oliveyoung.co.kr/store/goods/getGoodsDetail.do?goodsNo=A000000250773&dispCatNo=100000100010014&trackingCd=Cat100000100010014_Small&t_page=카테고리관&t_click=에센스/세럼/앰플_전체__상품상세&t_number=24
[1등모공결세럼] 넘버즈인 3번 보들보들 모공결 세럼 30ml 더블 기획,5,"7,869",지성,나이 먹으니 볼 주변 모공과 거친 피부결이 눈에 띄어서 사용해봤어요~ 피부결 보들보들하게 정돈되는 느낌이 들어 좋더라고요>< 모공이 신경 쓰이는 볼과 코 주변에는 쫌 더 꼼꼼하게 발라주고 있어요,https://www.oliveyoung.co.kr/store/goods/getGoodsDetail.do?goodsNo=A000000250773&dispCatNo=100000100010014&trackingCd=Cat100000100010014_Small&t_page=카테고리관&t_click=에센스/세럼/앰플_전체__상품상세&t_number=24
[26년신형/올인원 케어] 달바 화이트 트러플 더블 세럼 앤 크림 70g,,,없음,리뷰 수집 실패: review_component_or_items_not_loaded,https://www.oliveyoung.co.kr/store/goods/getGoodsDetail.do?goodsNo=A000000268116&dispCatNo=100000100010015&trackingCd=Cat100000100010015_Small&t_page=카테고리관&t_click=크림_전체__상품상세&t_number=1
[탄력케어] 락토-피디알엔 4% + 비9 아이크림 15ml,5,1,복합성,일단 한달 꾸준히 써보고 다시 올게요 효과가 닜었으면 좋겠네요,https://www.oliveyoung.co.kr/store/goods/getGoodsDetail.do?goodsNo=A000000267242&dispCatNo=100000100010015&trackingCd=Cat100000100010015_Small&t_page=카테고리관&t_click=크림_전체__상품상세&t_number=3
[여배우 물광크림] 메디큐브 PDRN 핑크 콜라겐 캡슐크림 55g 기획 (+4.5g*2ea+앰플 마스크 1ea),,"1,899",없음,리뷰 수집 실패: review_component_or_items_not_loaded,https://www.oliveyoung.co.kr/store/goods/getGoodsDetail.do?goodsNo=A000000265815&dispCatNo=100000100010015&trackingCd=Cat100000100010015_Small&t_page=카테고리관&t_click=크림_전체__상품상세&t_number=4
[단독기획] 동아제약 색소침착 프로 크림제 40ml 기획(+5ml*2),,"7,987",없음,리뷰 수집 실패: review_component_or_items_not_loaded,https://www.oliveyoung.co.kr/store/goods/getGoodsDetail.do?goodsNo=A000000265326&dispCatNo=100000100010015&trackingCd=Cat100000100010015_Small&t_page=카테고리관&t_click=크림_전체__상품상세&t_number=5
AHC 프로 샷 히알루로 딥 볼륨 5 캡슐 인퓨즈드 아이크림 포 페이스 30ml,,1,없음,리뷰 수집 실패: review_component_or_items_not_loaded,https://www.oliveyoung.co.kr/store/goods/getGoodsDetail.do?goodsNo=A000000263740&dispCatNo=100000100010015&trackingCd=Cat100000100010015_Small&t_page=카테고리관&t_click=크림_전체__상품상세&t_number=11
VT 피디알엔 캡슐 크림 100 50ml 기획 (+4.5ml*3ea),,385,없음,리뷰 수집 실패: review_component_or_items_not_loaded,https://www.oliveyoung.co.kr/store/goods/getGoodsDetail.do?goodsNo=A000000263735&dispCatNo=100000100010015&trackingCd=Cat100000100010015_Small&t_page=카테고리관&t_click=크림_전체__상품상세&t_number=12
[습윤장벽] 동아제약 딥-베리어 프로 크림제 50ml 기획 (+10ml),,646,없음,리뷰 수집 실패: review_component_or_items_not_loaded,https://www.oliveyoung.co.kr/store/goods/getGoodsDetail.do?goodsNo=A000000263679&dispCatNo=100000100010015&trackingCd=Cat100000100010015_Small&t_page=카테고리관&t_click=크림_전체__상품상세&t_number=14
[9월 올영픽/산리오 콜라보] 구달 청귤 비타C 잡티케어 크림 알파 75ml+75ml 리필 기획(+폼폼푸린 카드케이스),,"1,375",없음,리뷰 수집 실패: review_component_or_items_not_loaded,https://www.oliveyoung.co.kr/store/goods/getGoodsDetail.do?goodsNo=A000000263564&dispCatNo=100000100010015&trackingCd=Cat100000100010015_Small&t_page=카테고리관&t_click=크림_전체__상품상세&t_number=15
[NEW리뷰이벤트/붉은기진정크림] 동국제약 루온셀 듀얼 아쿠아 크림 50ml,,16,없음,리뷰 수집 실패: review_component_or_items_not_loaded,https://www.oliveyoung.co.kr/store/goods/getGoodsDetail.do?goodsNo=A000000263511&dispCatNo=100000100010015&trackingCd=Cat100000100010015_Small&t_page=카테고리관&t_click=크림_전체__상품상세&t_number=17
[최초구성/수부지장벽케어] 라운드랩 자작나무 수분 크림 80ml 더블 기획 (+자작 드롭 세럼 20ml),,"6,529",없음,리뷰 수집 실패: review_component_or_items_not_loaded,https://www.oliveyoung.co.kr/store/goods/getGoodsDetail.do?goodsNo=A000000263179&dispCatNo=100000100010015&trackingCd=Cat100000100010015_Small&t_page=카테고리관&t_click=크림_전체__상품상세&t_number=18
[9월올영픽] 바이오더마 시카비오 크림+ 100ml 더블 기획,,"4,529",없음,리뷰 수집 실패: review_component_or_items_not_loaded,https://www.oliveyoung.co.kr/store/goods/getGoodsDetail.do?goodsNo=A000000263070&dispCatNo=100000100010015&trackingCd=Cat100000100010015_Small&t_page=카테고리관&t_click=크림_전체__상품상세&t_number=20
[온라인단독/한정수량]라로슈포제 시카플라스트 멀티 리페어 크림 100ml 더블기획 (+15ml+시카에센스 7.5ml),,"20,170",없음,리뷰 수집 실패: review_component_or_items_not_loaded,https://www.oliveyoung.co.kr/store/goods/getGoodsDetail.do?goodsNo=A000000263021&dispCatNo=100000100010015&trackingCd=Cat100000100010015_Small&t_page=카테고리관&t_click=크림_전체__상품상세&t_number=22
[헬로키티 테리백 증정/리뷰이벤트/산리오] 에스네이처 아쿠아 스쿠알란 수분크림 60ml 더블기획 (+헬로키티 키캡키링),5,"38,544",건성,"건성피부라서 항상 화장도 뜨고 세안하고 당기는 느낌이 스트레스라 뭘 사용해야할지 고민하다가 이번 올영세일에 마침 반값에 본품 두 개 준다고해서 바로 사봤습니다!! 일단 발림성 정말 너무너무 부드럽고 가볍게 잘 발리고 금방 흡수됩니다! 향도 무향이라서 부담없이 바르기 좋구요! 바르고 나면 얼굴에서는 안느껴지는데 손에서는 유분기가 좀 느껴지긴합니다! 근데 그냥 기름이라기 보단 촉촉한 느낌의 유분기라 그리 신경쓰이지는 않았어요! 일주일 정도 사용해본 결과 너무 만족스럽습니다.. 이전에 뜨던 화장들이 모두 사라졌어요!!! 화장이 안 떠요,, 파우더처리도 하는데 그냥 내 피부같아짐 ㅠㅠ!! 아침에 걍 대충 물세안하고 토너, 세럼, 앰플, 크림순으로 바르는데, 이전에 썼던 다른 크림은 분명 떴단말이죠? 근데 이거로 바꾸니까 화장이 안떠요.. 밀리는 것도 없고 굳이 2, 3번 레이어링 할 필요도 없음,, 그냥 한 번만 발라줘도 효과좋아요! 제가 건성에 선크림만 발라도 피부가 좀 자극받는데 순하고 좋아서 데일리로 넘넘 잘 쓸 것 같아요! 이 가격에 본품 2개인데 이거 안 살 이유가 없음,, 다 쓰면 또 살 것 같아요,, 재구매 의사 100%입니다!",https://www.oliveyoung.co.kr/store/goods/getGoodsDetail.do?goodsNo=A000000263782&dispCatNo=100000100010015&trackingCd=Cat100000100010015_Small&t_page=카테고리관&t_click=크림_전체__상품상세&t_number=1
[헬로키티 테리백 증정/리뷰이벤트/산리오] 에스네이처 아쿠아 스쿠알란 수분크림 60ml 더블기획 (+헬로키티 키캡키링),5,"38,544",없음,"에스네이처 제품은 처음에는 성분이 무난해서 선택했는데, 직접 사용해보니 생각보다 만족도가 높아서 꾸준히 손이 가고 있는 제품😍🥰화장품을 고를 때 성분을 중요하게 보는 편이라 이것저것 꼼꼼하게 비교해보고 구매하는데, 제가 선호하는 성분으로 구성되어 있어서 첫인상부터 괜찮았어요. 실제로 사용했을 때도 피부에 무겁게 올라가지 않고 겉도는 느낌이 적어서 데일리로 사용하기 편했어요. 얇게 발리고 특히 화잘먹이고요~ 아침에 사용해도 부담스럽지 않고, 저녁에는 필요한 만큼 덧발라 사용하기 좋아서 활용도도 높은 편이에요. 며칠 사용했다고 엄청 드라마틱한 변화를 기대하기보다는 꾸준히 사용하면서 피부 컨디션을 관리한다는 느낌으로 사용하고 있는데, 저한테는 이런 편안한 사용감이 오히려 마음에 들더라고요. 사용하면서 의외로 만족스러웠던 부분은 패키지예요. 저는 개인적으로 단지형보다 튜브형 화장품을 훨씬 선호하는데, 필요한 양만 바로 짜서 사용할 수 있어서 정말 편해요. 손가락으로 내용물을 직접 덜어낼 필요가 없으니 깔끔하게 사용할 수 있고, 입구 주변도 비교적 깨끗하게 관리하기 좋았어요. 여행이나 외출할 때 챙기기도 편하고 사용할 때마다 뚜껑만 열어서 바로 짜 쓰면 되니 간편해요. 성분이 저와 잘 맞는 데다 패키지까지 실용적이라 개인적으로 만족도가 높은 제품이고, 다 사용하면 재구매할거예영💞💗💖 라방보고 오늘 샀는데 너무 좋아서 후기남겨용!!!",https://www.oliveyoung.co.kr/store/goods/getGoodsDetail.do?goodsNo=A000000263782&dispCatNo=100000100010015&trackingCd=Cat100000100010015_Small&t_page=카테고리관&t_click=크림_전체__상품상세&t_number=1
[헬로키티 테리백 증정/리뷰이벤트/산리오] 에스네이처 아쿠아 스쿠알란 수분크림 60ml 더블기획 (+헬로키티 키캡키링),5,"38,544",없음,"단골들이 왜케 많이 생기는지 알거가튼 제품. 건조해서 세안하고 나면 피부가 당기는 편이라 수분크림은 꼭 챙겨 바르는데 이거 발림성이 진짜 부드러워요. 무겁게 겉도는 크림이 아니라 촉촉하게 펴지고 금방 흡수돼서 아침에도 부담 없이 사용하고 있어요. 특히 화장 전에 발라도 밀리거나 들뜨는 느낌이 적어서 좋았어요! 튜브 타입이라 위생적으로 필요한 만큼만 덜어 쓰기도 편하고, 전체적으로 데일리 수분크림으로 만족합니다. 글고 사은품으로 주는 키티키캡!! 가끔 저거 눌러주면 완전 힐링대여ㅋㅋ",https://www.oliveyoung.co.kr/store/goods/getGoodsDetail.do?goodsNo=A000000263782&dispCatNo=100000100010015&trackingCd=Cat100000100010015_Small&t_page=카테고리관&t_click=크림_전체__상품상세&t_number=1
[헬로키티 테리백 증정/리뷰이벤트/산리오] 에스네이처 아쿠아 스쿠알란 수분크림 60ml 더블기획 (+헬로키티 키캡키링),5,"38,544",없음,"속건조는 잘 느끼지만 무겁고 답답한 크림은 싫어하는 복합성 피부인데, 이건 수분감은 충분하면서 산뜻하게 마무리돼서 정말 잘 쓰고 있어요💙 부드럽게 발리고 겉돌거나 끈적이는 느낌이 적어서 아침저녁으로 부담 없이 사용하기 좋아요. 바르고 나면 피부가 촉촉하고 편안해져서 왜 에스네이처 스테디셀러인지 알겠더라고요! 60ml 더블기획이라 한동안 든든하게 쓸 수 있고 헬로키티 패키지까지 너무 귀여워요🎀 가볍지만 촉촉한 데일리 수분크림을 찾는 분들께 추천합니다!",https://www.oliveyoung.co.kr/store/goods/getGoodsDetail.do?goodsNo=A000000263782&dispCatNo=100000100010015&trackingCd=Cat100000100010015_Small&t_page=카테고리관&t_click=크림_전체__상품상세&t_number=1
[9월 올영픽/산리오캐릭터즈 콜라보] 아누아 피디알엔 히알루론산 100 수분 크림 60ml 더블기획(+시나모롤 집게핀),,"10,314",없음,리뷰 수집 실패: review_component_or_items_not_loaded,https://www.oliveyoung.co.kr/store/goods/getGoodsDetail.do?goodsNo=A000000262603&dispCatNo=100000100010015&trackingCd=Cat100000100010015_Small&t_page=카테고리관&t_click=크림_전체__상품상세&t_number=2
[9월 올영픽/손상장벽집중케어]라로슈포제 시카플라스트밤 B5+ 100ml 기획 (+시카에센스7.5ml+히알루세럼3ml),,"34,914",없음,리뷰 수집 실패: review_component_or_items_not_loaded,https://www.oliveyoung.co.kr/store/goods/getGoodsDetail.do?goodsNo=A000000263009&dispCatNo=100000100010015&trackingCd=Cat100000100010015_Small&t_page=카테고리관&t_click=크림_전체__상품상세&t_number=3
[1등크림] 에스트라 아토베리어365 크림 80ml 기획(+토너25ml+클렌징폼3g*3EA),,"40,191",없음,리뷰 수집 실패: review_component_or_items_not_loaded,https://www.oliveyoung.co.kr/store/goods/getGoodsDetail.do?goodsNo=A000000261864&dispCatNo=100000100010015&trackingCd=Cat100000100010015_Small&t_page=카테고리관&t_click=크림_전체__상품상세&t_number=4
[9월 올영픽/데일리장벽케어] 라로슈포제 시카플라스트 멀티 리페어 크림 100ml 기획 (+시카에센스 7.5ml*2),,"20,587",없음,리뷰 수집 실패: review_component_or_items_not_loaded,https://www.oliveyoung.co.kr/store/goods/getGoodsDetail.do?goodsNo=A000000263019&dispCatNo=100000100010015&trackingCd=Cat100000100010015_Small&t_page=카테고리관&t_click=크림_전체__상품상세&t_number=5
[4배속_응급진정/장벽강화]리쥬덱스 더마 리페어링 크림 20g 단품/기획(+5g*2),,"1,924",없음,리뷰 수집 실패: review_component_or_items_not_loaded,https://www.oliveyoung.co.kr/store/goods/getGoodsDetail.do?goodsNo=A000000260348&dispCatNo=100000100010015&trackingCd=Cat100000100010015_Small&t_page=카테고리관&t_click=크림_전체__상품상세&t_number=6
[장원영PICK] 닥터엘시아 345 릴리프 크림 50ml 기획 (+10ml*2ea+튜브링거),,"5,279",없음,리뷰 수집 실패: review_component_or_items_not_loaded,https://www.oliveyoung.co.kr/store/goods/getGoodsDetail.do?goodsNo=A000000245087&dispCatNo=100000100010015&trackingCd=Cat100000100010015_Small&t_page=카테고리관&t_click=크림_전체__상품상세&t_number=7
[9월 올영픽] 피지오겔 DMT 페이셜 크림 대용량 200ml 기획(+토너50ml+마스크1매),,"24,585",없음,리뷰 수집 실패: review_component_or_items_not_loaded,https://www.oliveyoung.co.kr/store/goods/getGoodsDetail.do?goodsNo=A000000263530&dispCatNo=100000100010015&trackingCd=Cat100000100010015_Small&t_page=카테고리관&t_click=크림_전체__상품상세&t_number=8
[9월 올영픽] 토리든 다이브인 저분자 히알루론산 수딩 크림 100ml 더블 기획 (+메쉬백) (시나모롤),,"3,715",없음,리뷰 수집 실패: review_component_or_items_not_loaded,https://www.oliveyoung.co.kr/store/goods/getGoodsDetail.do?goodsNo=A000000263681&dispCatNo=100000100010015&trackingCd=Cat100000100010015_Small&t_page=카테고리관&t_click=크림_전체__상품상세&t_number=9
[베일리pick/단독기획] VT 피디알엔 리들샷 아이 리프터 15ml 리필기획 (+리필 15ml),,"3,231",없음,리뷰 수집 실패: review_component_or_items_not_loaded,https://www.oliveyoung.co.kr/store/goods/getGoodsDetail.do?goodsNo=A000000260515&dispCatNo=100000100010015&trackingCd=Cat100000100010015_Small&t_page=카테고리관&t_click=크림_전체__상품상세&t_number=10
[수분진정/세럼증정] 닥터지 레드블레미쉬 클리어 수딩크림 EX 70ml기획 (+30ml+세럼10ml*2ea),,"4,417",없음,리뷰 수집 실패: review_component_or_items_not_loaded,https://www.oliveyoung.co.kr/store/goods/getGoodsDetail.do?goodsNo=A000000255752&dispCatNo=100000100010015&trackingCd=Cat100000100010015_Small&t_page=카테고리관&t_click=크림_전체__상품상세&t_number=11
셀리맥스 더 비타 A 레티날 샷 타이트닝 듀얼 크림 50ml,,240,없음,리뷰 수집 실패: review_component_or_items_not_loaded,https://www.oliveyoung.co.kr/store/goods/getGoodsDetail.do?goodsNo=A000000261065&dispCatNo=100000100010015&trackingCd=Cat100000100010015_Small&t_page=카테고리관&t_click=크림_전체__상품상세&t_number=12
[9월 올영픽][누렁이 콜라보] 제로이드 인텐시브 크림 80ml+50ml 기획 (+누렁이 파우치),,"13,075",없음,리뷰 수집 실패: review_component_or_items_not_loaded,https://www.oliveyoung.co.kr/store/goods/getGoodsDetail.do?goodsNo=A000000263068&dispCatNo=100000100010015&trackingCd=Cat100000100010015_Small&t_page=카테고리관&t_click=크림_전체__상품상세&t_number=13
[1+1/초고보습 장벽크림] 레이어랩 판테놀 인텐시브 크림 플러스 60ml 더블 기획,5,551,건성,"기존과 달라진 점 (기존 제품 10통 넘게 사용함) 제형이 더 부드러워짐. 기존 제품은 제형을 펴 바를 때 가다 멈추는 끈끈한? 뻑뻑한? 느낌이 들었고 온도로 인해 녹아서 제형이 유연해지기 까지 시간이 조금 걸렸다면 이 제품은 다이메티콘이 전성분 앞순위로 더 와서 그런지 발림성이 훨씬 더 부드러워짐. 제형을 튜브에서 짤때부터 더 묽어진 느낌도 있음. 기존 제품은 가끔 바른 후 찐민감성만 느낄 수 있는 큰 자극까지는 아니지만 에센셜오일 함유로 미세한 자극이 있었다면 리뉴얼 후 제품은 그런게 하나도 없음. 자극 1도 없음. 마무리감은 비슷. 끈적이고 막이 씌어진 느낌. 단, 그 막이 기존 제품은 살짝 답답할 때가 있었다면 이 제품은 답답함이 전혀 없음. 피부 표면에서 더 가볍게 느껴지는데 속이 촉촉한건 동일. 수 많은 제품들을 테스트 해본 사람으로서 찐건성이 올영에서 살 크림은 이 제품 외엔 없었기 때문에 리뉴얼 된다는 소식에 건조해지면 어떻게 하지.. 하고 두려웠었는데 괜한 걱정을 했음. 사용감, 마무리감이 더 업그레이드 됐고 더 순해진 걸 느낄 수 있음. 다행이다….",https://www.oliveyoung.co.kr/store/goods/getGoodsDetail.do?goodsNo=A000000264167&dispCatNo=100000100010015&trackingCd=Cat100000100010015_Small&t_page=카테고리관&t_click=크림_전체__상품상세&t_number=14
[1+1/초고보습 장벽크림] 레이어랩 판테놀 인텐시브 크림 플러스 60ml 더블 기획,5,551,지성,⭕️바르면 피부가 진정되눈 느낌?이 들고 피부결이 뷰들보들 해져요! 판테놀 성분이 저랑 잘맞나봐오! 피부결 고민이신 분들 강추합니당 ⭕️기능성 때문에 산거라 보습력은 기대하지 않았는데 보습력도 좋아요! 원래 수분이 많이 부족한 타입이라 보습력을 따지는데 요 제품은 보습력도 훌륭하네요,https://www.oliveyoung.co.kr/store/goods/getGoodsDetail.do?goodsNo=A000000264167&dispCatNo=100000100010015&trackingCd=Cat100000100010015_Small&t_page=카테고리관&t_click=크림_전체__상품상세&t_number=14
[1+1/초고보습 장벽크림] 레이어랩 판테놀 인텐시브 크림 플러스 60ml 더블 기획,5,551,복합성,"셋두바리로 쓰고싶어서 신상 크림도 겟 ⭐️ 레이어랩 인텐시브 세럼은 평소 나이트케어로 손이 많이 세럼인데요! 판테놀 특유의 점도있는 제형과 나이아신아마이드가 같이 들어있어서 장벽개선+잡틔까지 케어하기 좋아요! 원래 다른크림에 ㄷㅁㅍㅌㄹ나이아신20짜리 믹스하여 사용하다가, 나이아신아마이드 함유된 크림으로 바꾸고 싶어서 이제품으로 ㅎㅎ 여름에는 바르기 조금 무거울 수 있었는데 ,이제 여름도 끝나가겠다 본격 촉촉영양 나이트케어 시작합니당 ❤️‍🔥❤️‍🔥",https://www.oliveyoung.co.kr/store/goods/getGoodsDetail.do?goodsNo=A000000264167&dispCatNo=100000100010015&trackingCd=Cat100000100010015_Small&t_page=카테고리관&t_click=크림_전체__상품상세&t_number=14
[1+1/초고보습 장벽크림] 레이어랩 판테놀 인텐시브 크림 플러스 60ml 더블 기획,5,551,건성,"레이어랩 기존 판테놀크림 사용하다, 새로 업글된 판테놀 플러스 크림 구입했어요😊 기존에 판테놀크림은 액상과 크림으로 제형이 분리되서 사용하기 좀 불편했어요! 플러스 제품은 유분감이 흘러내리지 않고, 부드러운 크림제형이 올려져 부드럽게 펴져요^^ 기존 크림은 흡수시키는데 좀 시간이 걸리는데, 신제품은 부드럽고 비교적 흡수가 빠른편이에요~ 건조한 손,발뒷꿈치에도 바르고, 피부얇은 건성인데 겉돌지않고 흡수가 잘되고 보습이 오래가서 조아요👍",https://www.oliveyoung.co.kr/store/goods/getGoodsDetail.do?goodsNo=A000000264167&dispCatNo=100000100010015&trackingCd=Cat100000100010015_Small&t_page=카테고리관&t_click=크림_전체__상품상세&t_number=14
[1+1/초고보습 장벽크림] 레이어랩 판테놀 인텐시브 크림 플러스 60ml 더블 기획,5,551,없음,꾸덕한 느낌인데 끈적임이 남거나 흡수력이 늦지 않아서 좋습니다. 수부지 타입 피부인데 속 건조까지 한 번에 해결할 수 있는 크림이네요. 레이어랩 앰플이랑 같이 사용하고 있는데 민감한 날에도 자극이 없어서 좋습니다.,https://www.oliveyoung.co.kr/store/goods/getGoodsDetail.do?goodsNo=A000000264167&dispCatNo=100000100010015&trackingCd=Cat100000100010015_Small&t_page=카테고리관&t_click=크림_전체__상품상세&t_number=14
[1+1/초고보습 장벽크림] 레이어랩 판테놀 인텐시브 크림 플러스 60ml 더블 기획,4,551,없음,이 크림 지성 피부는 절대 못바를듯해요~! 사실 크림 짤때 느낌은 발림성 스무스하겠구나 싶었는데 너무 꾸덕하게 펴발려서 그부분이 너무 의외였어요 ㅋㅋ 피부장벽 회복에는 확실히 도움을 줄거같긴한데 우선 데일리로 사용하기엔 부담스러운 느낌이라 간헐적으로 사용하게 될거같아요,https://www.oliveyoung.co.kr/store/goods/getGoodsDetail.do?goodsNo=A000000264167&dispCatNo=100000100010015&trackingCd=Cat100000100010015_Small&t_page=카테고리관&t_click=크림_전체__상품상세&t_number=14
페이보릿 매끈 크림 50ml,,23,없음,리뷰 수집 실패: review_component_or_items_not_loaded,https://www.oliveyoung.co.kr/store/goods/getGoodsDetail.do?goodsNo=A000000260337&dispCatNo=100000100010015&trackingCd=Cat100000100010015_Small&t_page=카테고리관&t_click=크림_전체__상품상세&t_number=15
[카디비PICK|탄력보습] 바이오힐보 프로바이오덤 3D리프팅 크림 50ml [단품/기획],,"6,977",없음,리뷰 수집 실패: review_component_or_items_not_loaded,https://www.oliveyoung.co.kr/store/goods/getGoodsDetail.do?goodsNo=A000000199701&dispCatNo=100000100010015&trackingCd=Cat100000100010015_Small&t_page=카테고리관&t_click=크림_전체__상품상세&t_number=16
[9월올영픽] 바이오더마 시카비오 포마드 100ml 기획(+포마드 5ml+크림 5ml+크림 SPF50 5ml),,"17,511",없음,리뷰 수집 실패: review_component_or_items_not_loaded,https://www.oliveyoung.co.kr/store/goods/getGoodsDetail.do?goodsNo=A000000263071&dispCatNo=100000100010015&trackingCd=Cat100000100010015_Small&t_page=카테고리관&t_click=크림_전체__상품상세&t_number=17
[헬로키티 테리백 증정/리뷰이벤트/산리오] 에스네이처 아쿠아 오아시스 수분 젤크림 90ml 기획 (+헬로키티 러기지택),,"7,438",없음,리뷰 수집 실패: review_component_or_items_not_loaded,https://www.oliveyoung.co.kr/store/goods/getGoodsDetail.do?goodsNo=A000000264149&dispCatNo=100000100010015&trackingCd=Cat100000100010015_Small&t_page=카테고리관&t_click=크림_전체__상품상세&t_number=18
도미나스 크림 Rx 30ml 대용량 한정기획 (+20ml),,"1,645",없음,리뷰 수집 실패: review_component_or_items_not_loaded,https://www.oliveyoung.co.kr/store/goods/getGoodsDetail.do?goodsNo=A000000264646&dispCatNo=100000100010015&trackingCd=Cat100000100010015_Small&t_page=카테고리관&t_click=크림_전체__상품상세&t_number=19
"[흔적,기미,미백/TXA] 셀리맥스 트라넥삼산 잡티 크림 35ml 기획 (+14ml)",,"2,574",없음,리뷰 수집 실패: review_component_or_items_not_loaded,https://www.oliveyoung.co.kr/store/goods/getGoodsDetail.do?goodsNo=A000000253592&dispCatNo=100000100010015&trackingCd=Cat100000100010015_Small&t_page=카테고리관&t_click=크림_전체__상품상세&t_number=20
[손상장벽MD] 동국제약 마데카셀 베리어 엠디 크림 70g (의료기기),,"2,839",없음,리뷰 수집 실패: review_component_or_items_not_loaded,https://www.oliveyoung.co.kr/store/goods/getGoodsDetail.do?goodsNo=A000000249659&dispCatNo=100000100010015&trackingCd=Cat100000100010015_Small&t_page=카테고리관&t_click=크림_전체__상품상세&t_number=21
[한정수량] 라로슈포제 시카플라스트 밤 B5+ 200ml기획 (+1.5ml+시카토너50ml+히알루세럼1.5ml),,"39,952",없음,리뷰 수집 실패: review_component_or_items_not_loaded,https://www.oliveyoung.co.kr/store/goods/getGoodsDetail.do?goodsNo=A000000263017&dispCatNo=100000100010015&trackingCd=Cat100000100010015_Small&t_page=카테고리관&t_click=크림_전체__상품상세&t_number=22
[우주먼지 에디션]션리 다시마 글레이즈드 크림 50g 기획 (+우주먼지쇼퍼백+스티커 3ea),,"7,666",없음,리뷰 수집 실패: review_component_or_items_not_loaded,https://www.oliveyoung.co.kr/store/goods/getGoodsDetail.do?goodsNo=A000000265040&dispCatNo=100000100010015&trackingCd=Cat100000100010015_Small&t_page=카테고리관&t_click=크림_전체__상품상세&t_number=23
[한정기획/강력진정크림] 닥터자르트 시카페어 인텐시브 수딩 리페어 크림 50ml 1+1 기획,,"4,133",없음,리뷰 수집 실패: review_component_or_items_not_loaded,https://www.oliveyoung.co.kr/store/goods/getGoodsDetail.do?goodsNo=A000000218592&dispCatNo=100000100010015&trackingCd=Cat100000100010015_Small&t_page=카테고리관&t_click=크림_전체__상품상세&t_number=24
[NEW/기프트]랑콤 제니피끄 세럼/레네르지 콜라겐 크림 50ml 선물 기획 2종,,,없음,리뷰 수집 실패: review_component_or_items_not_loaded,https://www.oliveyoung.co.kr/store/goods/getGoodsDetail.do?goodsNo=A000000267902&dispCatNo=100000100010014&trackingCd=Cat100000100010014_Small&t_page=카테고리관&t_click=에센스/세럼/앰플_전체__상품상세&t_number=1
[결/톤/탄력] 케이시크릿 서울 1988 레틴알 흑삼 세럼 30ml,,,없음,리뷰 수집 실패: review_component_or_items_not_loaded,https://www.oliveyoung.co.kr/store/goods/getGoodsDetail.do?goodsNo=A000000267370&dispCatNo=100000100010014&trackingCd=Cat100000100010014_Small&t_page=카테고리관&t_click=에센스/세럼/앰플_전체__상품상세&t_number=2
[NEW 진정세럼] 오브제 아크샷 트러블 진정 세럼 50ml,,,없음,리뷰 수집 실패: review_component_or_items_not_loaded,https://www.oliveyoung.co.kr/store/goods/getGoodsDetail.do?goodsNo=A000000267249&dispCatNo=100000100010014&trackingCd=Cat100000100010014_Small&t_page=카테고리관&t_click=에센스/세럼/앰플_전체__상품상세&t_number=3
[10초물광버블] 메디큐브 PDRN 핑크 콜라겐 버블 세럼 95ml 기획 (+젤리브러쉬),5,512,없음,버블세럼 중에서는 흡수력이 가장 빨라서 손이 제일 많이 가는제품 사용후 즉각적으로 피부에서 광이 올라오는 느낌 건성이신분들은 화잘먹으로 사용하기도 좋음!,https://www.oliveyoung.co.kr/store/goods/getGoodsDetail.do?goodsNo=A000000265816&dispCatNo=100000100010014&trackingCd=Cat100000100010014_Small&t_page=카테고리관&t_click=에센스/세럼/앰플_전체__상품상세&t_number=4
[10초물광버블] 메디큐브 PDRN 핑크 콜라겐 버블 세럼 95ml 기획 (+젤리브러쉬),1,512,복합성,버블팩에대한 고발성 리뷰들이 많이 생기기전에 주문한거라 후회됩니다. 당연히 이런 거품이 생기려면 성분이 좋을리가 없는데. 사용은 중지한상태에요. 유행에 휩쓸려사지 말아야지 정말.,https://www.oliveyoung.co.kr/store/goods/getGoodsDetail.do?goodsNo=A000000265816&dispCatNo=100000100010014&trackingCd=Cat100000100010014_Small&t_page=카테고리관&t_click=에센스/세럼/앰플_전체__상품상세&t_number=4
[10초물광버블] 메디큐브 PDRN 핑크 콜라겐 버블 세럼 95ml 기획 (+젤리브러쉬),2,512,복합성,"일단 사용하면서 가장 크게 느껴지는건 용기를 바꿔야할거같습니다 거품이 만들어져야해서 그런건지 모르겠지만 뭔가 액체들이 옆으로 줄줄새어나와요.. 그리고 생각보다 크게 느껴지는 효과도 없고,,, 화장이 엄청 잘먹는다거나 뭐 흡수가 엄청 잘된다거나 그런거 딱히못느껴서 아쉽네요",https://www.oliveyoung.co.kr/store/goods/getGoodsDetail.do?goodsNo=A000000265816&dispCatNo=100000100010014&trackingCd=Cat100000100010014_Small&t_page=카테고리관&t_click=에센스/세럼/앰플_전체__상품상세&t_number=4
[10초물광버블] 메디큐브 PDRN 핑크 콜라겐 버블 세럼 95ml 기획 (+젤리브러쉬),5,512,없음,"침대 옆에 두고 꾸준히 쓰다 보니 n통째.,. 약간 팩하듯이 겹겹이 쌓아서 써요 저는",https://www.oliveyoung.co.kr/store/goods/getGoodsDetail.do?goodsNo=A000000265816&dispCatNo=100000100010014&trackingCd=Cat100000100010014_Small&t_page=카테고리관&t_click=에센스/세럼/앰플_전체__상품상세&t_number=4
[10초물광버블] 메디큐브 PDRN 핑크 콜라겐 버블 세럼 95ml 기획 (+젤리브러쉬),5,512,없음,대만족. 인스타 바이럴보고 산건데 화장전에 바르니 진짜 화잘먹템... 너무 좋아요. 담에 또 사야지,https://www.oliveyoung.co.kr/store/goods/getGoodsDetail.do?goodsNo=A000000265816&dispCatNo=100000100010014&trackingCd=Cat100000100010014_Small&t_page=카테고리관&t_click=에센스/세럼/앰플_전체__상품상세&t_number=4
[10초물광버블] 메디큐브 PDRN 핑크 콜라겐 버블 세럼 95ml 기획 (+젤리브러쉬),1,512,지성,유튜버가 좋다해서 사봤는데 하루 이틀 쓰자마자 바로 여드름 나네요 지성 절대 절대 비추입니다,https://www.oliveyoung.co.kr/store/goods/getGoodsDetail.do?goodsNo=A000000265816&dispCatNo=100000100010014&trackingCd=Cat100000100010014_Small&t_page=카테고리관&t_click=에센스/세럼/앰플_전체__상품상세&t_number=4
[10초물광버블] 메디큐브 PDRN 핑크 콜라겐 버블 세럼 95ml 기획 (+젤리브러쉬),5,512,없음,콜라겐 촉촉하니 좋아용ㅎㅎ최근 구매한 것들 중에서 무난하기도 하고 가성비도 개만족하구 찐만족했던 거랍니당 그만큼 제 꿀템이라능요ㅎㅎ,https://www.oliveyoung.co.kr/store/goods/getGoodsDetail.do?goodsNo=A000000265816&dispCatNo=100000100010014&trackingCd=Cat100000100010014_Small&t_page=카테고리관&t_click=에센스/세럼/앰플_전체__상품상세&t_number=4
[10초물광버블] 메디큐브 PDRN 핑크 콜라겐 버블 세럼 95ml 기획 (+젤리브러쉬),5,512,없음,두 번 레이어드하면 겨울에도 건조함 없습니다! 그치만 용기 좀 제발 어떻게 바꿔주세요ㅜㅜ 닦아도 닦아도 맨날 흘러나와요,https://www.oliveyoung.co.kr/store/goods/getGoodsDetail.do?goodsNo=A000000265816&dispCatNo=100000100010014&trackingCd=Cat100000100010014_Small&t_page=카테고리관&t_click=에센스/세럼/앰플_전체__상품상세&t_number=4
[10초물광버블] 메디큐브 PDRN 핑크 콜라겐 버블 세럼 95ml 기획 (+젤리브러쉬),5,512,없음,한통 다 써서 새로 구매했어요!! 그만큼 너무 좋고 화장도 잘 먹고 미백에도 효과가 나름 있는거 같아요!,https://www.oliveyoung.co.kr/store/goods/getGoodsDetail.do?goodsNo=A000000265816&dispCatNo=100000100010014&trackingCd=Cat100000100010014_Small&t_page=카테고리관&t_click=에센스/세럼/앰플_전체__상품상세&t_number=4
[10초물광버블] 메디큐브 PDRN 핑크 콜라겐 버블 세럼 95ml 기획 (+젤리브러쉬),5,512,없음,이 제품이 좋아서 계속 구매하고 사용하다가 여기서 다시 한 번 사봤습니다,https://www.oliveyoung.co.kr/store/goods/getGoodsDetail.do?goodsNo=A000000265816&dispCatNo=100000100010014&trackingCd=Cat100000100010014_Small&t_page=카테고리관&t_click=에센스/세럼/앰플_전체__상품상세&t_number=4
[NEW] 온그리디언츠 바쿠글로우 레티날 부스터 샷 0.2퍼센트 30ml,,51,없음,리뷰 수집 실패: review_component_or_items_not_loaded,https://www.oliveyoung.co.kr/store/goods/getGoodsDetail.do?goodsNo=A000000265385&dispCatNo=100000100010014&trackingCd=Cat100000100010014_Small&t_page=카테고리관&t_click=에센스/세럼/앰플_전체__상품상세&t_number=5
아벤느 클리낭스 파워 컨트롤 세럼 30ml,,,없음,리뷰 수집 실패: review_component_or_items_not_loaded,https://www.oliveyoung.co.kr/store/goods/getGoodsDetail.do?goodsNo=A000000265333&dispCatNo=100000100010014&trackingCd=Cat100000100010014_Small&t_page=카테고리관&t_click=에센스/세럼/앰플_전체__상품상세&t_number=6
[우주먼지 에디션]션리 다시마 그리너리 세럼 35ml 기획 (+우주먼지 스마트톡+스티커 3ea),,"6,973",없음,리뷰 수집 실패: review_component_or_items_not_loaded,https://www.oliveyoung.co.kr/store/goods/getGoodsDetail.do?goodsNo=A000000265037&dispCatNo=100000100010014&trackingCd=Cat100000100010014_Small&t_page=카테고리관&t_click=에센스/세럼/앰플_전체__상품상세&t_number=7
토니모리 세라마이드 하이드레이팅 버블 세럼 100ml,5,27,없음,버블제형이라 거품이 조밀해서 흡수가 빠르게 잘 되고 끈적임없이 촉촉해용 세안 끝나구 크림 말고 두세번 레이어링해서 흡수시키면 속당김 없고 답답하지 않아서 좋아용,https://www.oliveyoung.co.kr/store/goods/getGoodsDetail.do?goodsNo=A000000264888&dispCatNo=100000100010014&trackingCd=Cat100000100010014_Small&t_page=카테고리관&t_click=에센스/세럼/앰플_전체__상품상세&t_number=8
토니모리 세라마이드 하이드레이팅 버블 세럼 100ml,5,27,없음,순하고 촉촉해서 매일 쓰는 제품이에요!! 건성이라 속건조가 심한편인데 모찌버블세럼 쓴 뒤로 속건조 못느꼈어요🥹 지복합성인 동생도 넘 잘쓰더라구요?! 이번에 둘다 한통씩 다 비워서 세일할 때 두개 더 구매했습니다 ㅎㅎㅎ,https://www.oliveyoung.co.kr/store/goods/getGoodsDetail.do?goodsNo=A000000264888&dispCatNo=100000100010014&trackingCd=Cat100000100010014_Small&t_page=카테고리관&t_click=에센스/세럼/앰플_전체__상품상세&t_number=8
토니모리 세라마이드 하이드레이팅 버블 세럼 100ml,5,27,없음,요즘 여기저기서 버블 세럼이 많이 나와서 궁금해서 구매해봤어요! 상세페이지 보니까 모찌 라인인 것 같더라구요! 피부 건조할 때 모찌 토너랑 같이 써주면 촉촉하게 흡수가 더 잘 되는 느낌이라서 좋았습니다 얼굴에 발랐을 때 흐르지 않고 쫀쫀하게 흡수되서 메이크업 지속력까지 좋아지는 느낌이였습니당!,https://www.oliveyoung.co.kr/store/goods/getGoodsDetail.do?goodsNo=A000000264888&dispCatNo=100000100010014&trackingCd=Cat100000100010014_Small&t_page=카테고리관&t_click=에센스/세럼/앰플_전체__상품상세&t_number=8
토니모리 세라마이드 하이드레이팅 버블 세럼 100ml,5,27,없음,이 제품 모에요?! 완전 대대박! 이거 하나로 환절기 피부 보습 완전해결에 보숑보숑 거품으로 기분까지 완전 좋아집니다~ 요즘 힘든 시기를 보내고 있는데 피부 좋아졌다는 말도 들었어요^^부모님 간병으로 병원에서 세수하고 이거 하나 바르고 대충 화장하고 출근했는데 사람들이 피부 좋아졌다고 하네요^_____^ 지칠고 힘들때 보습과 힘을 주는 제품이네요~세럼은 이 제품에 충성합니다!!!,https://www.oliveyoung.co.kr/store/goods/getGoodsDetail.do?goodsNo=A000000264888&dispCatNo=100000100010014&trackingCd=Cat100000100010014_Small&t_page=카테고리관&t_click=에센스/세럼/앰플_전체__상품상세&t_number=8
토니모리 세라마이드 하이드레이팅 버블 세럼 100ml,5,27,없음,버블세럼💕 건성피부라 촉촉한걸 찾고 있었는데 버블이 스며들면서 촉촉해져여👍 이거바르고 크림바르니까 쫀쫀한 느낌이 들어요 일단 버블이 터지면서 피부샵에서 발라주는 asmr 소리가 나서 재밌어요 😁,https://www.oliveyoung.co.kr/store/goods/getGoodsDetail.do?goodsNo=A000000264888&dispCatNo=100000100010014&trackingCd=Cat100000100010014_Small&t_page=카테고리관&t_click=에센스/세럼/앰플_전체__상품상세&t_number=8
토니모리 세라마이드 하이드레이팅 버블 세럼 100ml,5,27,없음,모찌 토너 잘 쓰고 있어서 같이 써보려고 구매했는데 생각보다 궁합이 넘 좋아요! 토너로 피부결 정돈하고 버블 세럼 올려주면 거품이 부드럽게 펴지면서 금방 흡수돼요. 특히 바르고 나서 번들거리는 광이 아니라 피부 자체가 촉촉해 보여서 은은하게 광채가 도는 게 마음에 들었어요. 여러 번 레이어링해도 답답하거나 밀리지 않아서 나이트 케어땐 한 번 더 덧발라주고 있어요~,https://www.oliveyoung.co.kr/store/goods/getGoodsDetail.do?goodsNo=A000000264888&dispCatNo=100000100010014&trackingCd=Cat100000100010014_Small&t_page=카테고리관&t_click=에센스/세럼/앰플_전체__상품상세&t_number=8
토니모리 세라마이드 하이드레이팅 버블 세럼 100ml,5,27,없음,세라마이드 성분이 들어 있어서 그런지 피부가 편안하고 촉촉하게 느껴져요. 버블 타입이라 바를 때 재미도 있고 피부에 부드럽게 펴 발려서 사용감도 만족스럽습니다. 흡수되고 나면 끈적임은 심하지 않고 촉촉한 느낌이 남아서 데일리로 사용하기 좋아요. 건조할 때 사용하면 피부가 한결 편안해지는 느낌이라 꾸준히 사용해 보려고 합니다 :) 100ml라 용량도 넉넉해서 만족해요!,https://www.oliveyoung.co.kr/store/goods/getGoodsDetail.do?goodsNo=A000000264888&dispCatNo=100000100010014&trackingCd=Cat100000100010014_Small&t_page=카테고리관&t_click=에센스/세럼/앰플_전체__상품상세&t_number=8
토니모리 세라마이드 하이드레이팅 버블 세럼 100ml,5,27,없음,세라마이드 버블 세럼 두개 구매🩷 요거 완전 좋아요 완전 쫀쫀 한 거품으로 피부에 쏵 스며들고 피부결 케어가 확실해요!! 저는 토니모리 모찌 토너랑 같이 쓰는데 같은 브랜드 제품이라 그런지 두개 조합이 넘넘 찰떡이더라구요!! 이번 겨울 스킨케어 루틴은 요걸로 정착했어요ㅎㅎ 요즘 버블 세럼 많이 나오고 저도 처음 사용해봤눈데 인기있는 이유를 알거 같아요!,https://www.oliveyoung.co.kr/store/goods/getGoodsDetail.do?goodsNo=A000000264888&dispCatNo=100000100010014&trackingCd=Cat100000100010014_Small&t_page=카테고리관&t_click=에센스/세럼/앰플_전체__상품상세&t_number=8
토니모리 세라마이드 하이드레이팅 버블 세럼 100ml,5,27,복합성,확실히 바르고 나면 피부가 쫀득해진게 느껴져요 건조함도 확실하게 잡아주네용! 버블세럼류 잘 맞아서 토니모리껏도 구매해봤는데 잘 사용할 것 같아요~~,https://www.oliveyoung.co.kr/store/goods/getGoodsDetail.do?goodsNo=A000000264888&dispCatNo=100000100010014&trackingCd=Cat100000100010014_Small&t_page=카테고리관&t_click=에센스/세럼/앰플_전체__상품상세&t_number=8
토니모리 세라마이드 하이드레이팅 버블 세럼 100ml,5,27,없음,찐찐찐사용리뷰입니다! 원래 진짜 조아해서 쓰고있던건데 올영에 입점ㅜ 심지어 공홈보다 더 싸더라구요? 두드려서 흡수시키면 쫀쫀하니 아침저녁 데일리 사용하기 너무 좋아요 진짜 진짜 추천해요🤲🏻🤲🏻🤲🏻,https://www.oliveyoung.co.kr/store/goods/getGoodsDetail.do?goodsNo=A000000264888&dispCatNo=100000100010014&trackingCd=Cat100000100010014_Small&t_page=카테고리관&t_click=에센스/세럼/앰플_전체__상품상세&t_number=8
[리센느 원이PICK/1+1기획] 바이오던스 포어 퍼펙팅 콜라겐 펩타이드 세럼 30ml 리필 기획,,"3,590",없음,리뷰 수집 실패: review_component_or_items_not_loaded,https://www.oliveyoung.co.kr/store/goods/getGoodsDetail.do?goodsNo=A000000264389&dispCatNo=100000100010014&trackingCd=Cat100000100010014_Small&t_page=카테고리관&t_click=에센스/세럼/앰플_전체__상품상세&t_number=9
닥터엘시아 345 릴리프 스팟 파우더 15ml,,15,없음,리뷰 수집 실패: review_component_or_items_not_loaded,https://www.oliveyoung.co.kr/store/goods/getGoodsDetail.do?goodsNo=A000000263871&dispCatNo=100000100010014&trackingCd=Cat100000100010014_Small&t_page=카테고리관&t_click=에센스/세럼/앰플_전체__상품상세&t_number=12
[9월 올영픽/산리오 콜라보] 구달 청귤 비타C E TXA 세럼 30ml+30ml 리필 기획 (+폼폼푸린 에코백),,"4,089",없음,리뷰 수집 실패: review_component_or_items_not_loaded,https://www.oliveyoung.co.kr/store/goods/getGoodsDetail.do?goodsNo=A000000263569&dispCatNo=100000100010014&trackingCd=Cat100000100010014_Small&t_page=카테고리관&t_click=에센스/세럼/앰플_전체__상품상세&t_number=14
[9월올영픽/잠티PICK] 피지오겔 데일리뮨 앰플 20ml+20ml 기획(+마스크1매),4,"10,383",없음,* 피부가 건강해지는 느낌 그러나 누래짐 굉장히 특이한 세럼입니다..! 쓰고나서 바로 피부 결이 좋아지고 장벽이 탄탄해져요 근데 기름져서 여드름은 좀 날 수 있어요 ㅠ 그리고 이게 비타민c가 들어가서 그런가.. 손 잘 씻어주셔야해요 이거 묻은 이불이 약간 핑크색? 으로 색이 변했고 이거 다음으로 쓰는 크림 뚜껑이 갈색으로 변했어요,https://www.oliveyoung.co.kr/store/goods/getGoodsDetail.do?goodsNo=A000000263542&dispCatNo=100000100010014&trackingCd=Cat100000100010014_Small&t_page=카테고리관&t_click=에센스/세럼/앰플_전체__상품상세&t_number=16
[9월올영픽/잠티PICK] 피지오겔 데일리뮨 앰플 20ml+20ml 기획(+마스크1매),5,"10,383",건성,"스포이드 1개에요 참고하세요! 광고 안받기로 유우우명한 잠티님이 광고하셔서 사봤어요! 대기업이라 여러 논문, 특허를 냈다고 해서 더 믿음이 갑니다 첫날만 주는 쿠폰 받아서 6천원 할인 받아 4.4 에 샀어요 꾸준히 발라 한달 후기에 자세히 더 남길께요!",https://www.oliveyoung.co.kr/store/goods/getGoodsDetail.do?goodsNo=A000000263542&dispCatNo=100000100010014&trackingCd=Cat100000100010014_Small&t_page=카테고리관&t_click=에센스/세럼/앰플_전체__상품상세&t_number=16
[9월올영픽/잠티PICK] 피지오겔 데일리뮨 앰플 20ml+20ml 기획(+마스크1매),5,"10,383",복합성,"그 유명한 CE 앰플 저렴이ver 클린한 성분 베이스에 미백과 항산화에 최적인 vitC, E 그리고 세라마이드까지 더해 피부 방어력까지 완성시킨 제품 원래 타사 나이아신아마이드+징크 앰플만 1n통 써오다가 선크림을 필수로 챙겨발라도, 비타민C 메가도스를 해도 눈가에 은근히 생기는 잡티들때문에 처음으로 비타민C 앰플을 발라봄 불과 두번 사용만에 피부 컨디션 상승, 균일해진 피부톤, 결 케어, 잡티들도 옅어짐 여러 오일 성분들도 포함이지만 한여름에 사용해도 오일리하지 않은 산뜻한 사용감에 놀람 특유의 고소한? 쿰쿰한? 냄새는 있는데 은은한 정도 효과도 좋은데 사용감도 좋아서 사계절 쓸듯 단 한가지 불만족인건.. 스포이드 개별 포장..... 이유가 있을테지만 오픈된 비닐 속에서 각종 먼지와 세균들이 묻어있을 스포이드를 다시 제품에 넣어 쓰기엔 참 뭐합니다. 제품 공정상 문제가 있는게 아니라면 스포이드를 밖으로 꺼내서 팔지 말아주세요",https://www.oliveyoung.co.kr/store/goods/getGoodsDetail.do?goodsNo=A000000263542&dispCatNo=100000100010014&trackingCd=Cat100000100010014_Small&t_page=카테고리관&t_click=에센스/세럼/앰플_전체__상품상세&t_number=16
[9월올영픽/잠티PICK] 피지오겔 데일리뮨 앰플 20ml+20ml 기획(+마스크1매),5,"10,383",건성,"피부민감할땐 하루정도 쉬어주고 바르세요 안그럼 따갑더라구요 n통째 쓰는 비타민항삲하앰플!! (참고로 올영세일때 오특가로 49,900원에 구입했어요)",https://www.oliveyoung.co.kr/store/goods/getGoodsDetail.do?goodsNo=A000000263542&dispCatNo=100000100010014&trackingCd=Cat100000100010014_Small&t_page=카테고리관&t_click=에센스/세럼/앰플_전체__상품상세&t_number=16
[9월올영픽/잠티PICK] 피지오겔 데일리뮨 앰플 20ml+20ml 기획(+마스크1매),5,"10,383",건성,아직 사용 전이에요. 피지오겔에서 나온 게 다 좋았어서 ㅎ 아쉬운게 있다면 1+1이라 엄마랑 함께 쓰려고 했는데 ㅋ 약간 리필 개념인거라... 스포이드가 1개ㅠ,https://www.oliveyoung.co.kr/store/goods/getGoodsDetail.do?goodsNo=A000000263542&dispCatNo=100000100010014&trackingCd=Cat100000100010014_Small&t_page=카테고리관&t_click=에센스/세럼/앰플_전체__상품상세&t_number=16
[9월올영픽/잠티PICK] 피지오겔 데일리뮨 앰플 20ml+20ml 기획(+마스크1매),5,"10,383",복합성,"그 유명한 CE 앰플 저렴이ver 클린한 성분 베이스에 미백과 항산화에 최적인 vitC, E 그리고 세라마이드까지 더해 피부 방어력까지 완성시킨 제품 원래 타사 나이아신아마이드+징크 앰플만 1n통 써오다가 선크림을 필수로 챙겨발라도, 비타민C 메가도스를 해도 눈가에 은근히 생기는 잡티들때문에 처음으로 비타민C 앰플을 발라봄 불과 두번 사용만에 피부 컨디션 상승, 균일해진 피부톤, 결 케어, 잡티들도 옅어짐 여러 오일 성분들도 포함이지만 한여름에 사용해도 오일리하지 않은 산뜻한 사용감에 놀람 특유의 고소한? 쿰쿰한? 냄새는 있는데 은은한 정도 효과도 좋은데 사용감도 좋아서 사계절 쓸듯 단 한가지 불만족인건.. 스포이드 개별 포장..... 이유가 있을테지만 오픈된 비닐 속에서 각종 먼지와 세균들이 묻어있을 스포이드를 다시 제품에 넣어 쓰기엔 참 뭐합니다. 제품 공정상 문제가 있는게 아니라면 스포이드를 밖으로 꺼내서 팔지 말아주세요",https://www.oliveyoung.co.kr/store/goods/getGoodsDetail.do?goodsNo=A000000263542&dispCatNo=100000100010014&trackingCd=Cat100000100010014_Small&t_page=카테고리관&t_click=에센스/세럼/앰플_전체__상품상세&t_number=16
[9월올영픽/잠티PICK] 피지오겔 데일리뮨 앰플 20ml+20ml 기획(+마스크1매),5,"10,383",건성,비타민 앰플로 유명한 피지오겔 앰플입니다 피부가 민감한편인데 피지오겔제품은 사용해도 트러블이안나고 피부자극이 없어서 정말만족합니다,https://www.oliveyoung.co.kr/store/goods/getGoodsDetail.do?goodsNo=A000000263542&dispCatNo=100000100010014&trackingCd=Cat100000100010014_Small&t_page=카테고리관&t_click=에센스/세럼/앰플_전체__상품상세&t_number=16
[9월올영픽/잠티PICK] 피지오겔 데일리뮨 앰플 20ml+20ml 기획(+마스크1매),5,"10,383",복합성,비타민C가 자극적이라 잘 못바르는데 이건 괜찮아서 계속 바르고 있어요~,https://www.oliveyoung.co.kr/store/goods/getGoodsDetail.do?goodsNo=A000000263542&dispCatNo=100000100010014&trackingCd=Cat100000100010014_Small&t_page=카테고리관&t_click=에센스/세럼/앰플_전체__상품상세&t_number=16
[9월올영픽/잠티PICK] 피지오겔 데일리뮨 앰플 20ml+20ml 기획(+마스크1매),5,"10,383",복합성,유튜브 추천 엄청 많은 제품이고 사용해보면 이만한 제품 없습니다.,https://www.oliveyoung.co.kr/store/goods/getGoodsDetail.do?goodsNo=A000000263542&dispCatNo=100000100010014&trackingCd=Cat100000100010014_Small&t_page=카테고리관&t_click=에센스/세럼/앰플_전체__상품상세&t_number=16
[9월올영픽/잠티PICK] 피지오겔 데일리뮨 앰플 20ml+20ml 기획(+마스크1매),5,"10,383",없음,비타민 앰플로 사용하고 있는 제품입니다 피부노화예방에 좋은 걸로 알고 있어서 꾸준히 사용하고 있는제품이에요! 오랜기간에 걸쳐쓰면 색이 변하기 때문에 최대한 빠르게 사용하는게 좋은거같아요,https://www.oliveyoung.co.kr/store/goods/getGoodsDetail.do?goodsNo=A000000263542&dispCatNo=100000100010014&trackingCd=Cat100000100010014_Small&t_page=카테고리관&t_click=에센스/세럼/앰플_전체__상품상세&t_number=16
[NEW리뷰이벤트/탄력캡슐세럼] 동국제약 루온셀 PDRN 세럼 25ml,5,15,복합성,세럼 용기디자인부터 취향저격인데요ㅎㅎ 평소에 세럼 좋아하는데 끈적임없이 발림성도 넘 좋아요 자극없이 순한것도 좋더라구요 평소에 붉은기가 좀 있는데 진정에도 도움되는거같고요 무엇보다 성분이 PDRN세럼이라 더 만족스럽습니다,https://www.oliveyoung.co.kr/store/goods/getGoodsDetail.do?goodsNo=A000000263509&dispCatNo=100000100010014&trackingCd=Cat100000100010014_Small&t_page=카테고리관&t_click=에센스/세럼/앰플_전체__상품상세&t_number=17
[NEW리뷰이벤트/탄력캡슐세럼] 동국제약 루온셀 PDRN 세럼 25ml,5,15,없음,피부 컨디션이 떨어질 때 집중적으로 관리해보려고 구매했어요 부드럽게 펴 발리고 흡수되고 나면 피부가 촉촉하고 매끈하게 정돈되는 느낌이에요 꾸준히 사용하면서 피부 탄력 관리해보려고요,https://www.oliveyoung.co.kr/store/goods/getGoodsDetail.do?goodsNo=A000000263509&dispCatNo=100000100010014&trackingCd=Cat100000100010014_Small&t_page=카테고리관&t_click=에센스/세럼/앰플_전체__상품상세&t_number=17
[NEW리뷰이벤트/탄력캡슐세럼] 동국제약 루온셀 PDRN 세럼 25ml,5,15,없음,피디알엔이 요즘 많이 보이길래 찍먹해보려고 구매했는데 극건성인 피부에 아주 잘맞네요 평소 속건조때문에 피부과에서 스킨부스터 맞아봤는데 그리 오래가지 않더라구요 고통대비 가격대비 만족하지 못했는데 이건 데일리로 홈케어 가능해서 만족합니다 흡수도 잘되고 끈적임 없어서 너무 좋아요 사용기한도 2029년이라 완전 넉넉합니다 다 쓰면 재구매할거에요 제품 패키지도 유니크해서 이거 라인 있던데 다 구매하려구요,https://www.oliveyoung.co.kr/store/goods/getGoodsDetail.do?goodsNo=A000000263509&dispCatNo=100000100010014&trackingCd=Cat100000100010014_Small&t_page=카테고리관&t_click=에센스/세럼/앰플_전체__상품상세&t_number=17
[NEW리뷰이벤트/탄력캡슐세럼] 동국제약 루온셀 PDRN 세럼 25ml,5,15,없음,✅사용감 제형이 가볍고 촉촉하게 발리면서 피부에 부담 없이 흡수되는 느낌이라 데일리로 사용하기 좋았어요 끈적임이 심하지 않아 아침저녁으로 편하게 바를 수 있었어요 ✅탄력 케어 요즘 피부가 푸석하고 탄력이 떨어진 느낌이었는데 꾸준히 사용해보니 피부가 촉촉하게 정돈되고 탱탱한 느낌이 들어 만족스러웠어요 피부결도 한층 매끈해진 느낌이에요 ✅추천 포인트 25ml 용량이라 부담 없이 사용하기 좋고 패키지도 깔끔해서 화장대에 두었을 때 예뻐요 촉촉한 보습감과 탄력 케어를 함께 챙기고 싶은 분들께 추천하고 싶어요💚,https://www.oliveyoung.co.kr/store/goods/getGoodsDetail.do?goodsNo=A000000263509&dispCatNo=100000100010014&trackingCd=Cat100000100010014_Small&t_page=카테고리관&t_click=에센스/세럼/앰플_전체__상품상세&t_number=17
[NEW리뷰이벤트/탄력캡슐세럼] 동국제약 루온셀 PDRN 세럼 25ml,5,15,없음,요즘 피부가 푸석해 보여서 탄력 관리용으로 꾸준히 써보고 있어요 세럼이라 촉촉하게 발리면서 피부에 부담스럽게 끈적이지 않아 좋네요 아침저녁으로 챙겨 바르기 편해서 데일리 세럼으로 잘 쓰고 있습니다,https://www.oliveyoung.co.kr/store/goods/getGoodsDetail.do?goodsNo=A000000263509&dispCatNo=100000100010014&trackingCd=Cat100000100010014_Small&t_page=카테고리관&t_click=에센스/세럼/앰플_전체__상품상세&t_number=17
[NEW리뷰이벤트/탄력캡슐세럼] 동국제약 루온셀 PDRN 세럼 25ml,5,15,없음,다른 pdrn은 쓸때마다 무거워서 오히려 뾰루지가 더 올라왔었는데 이건 딱 필요한 수분만 머금어줘서 피부가 촉촉하고 시간이 지날수록 쫀득함이 올라와요 엄청 유분지지 않아서 만족스럽습니당 요즘 날 추워지면서 아침저녁 발라주는데 복합성 제 피부에게 딱 찰떡입니당,https://www.oliveyoung.co.kr/store/goods/getGoodsDetail.do?goodsNo=A000000263509&dispCatNo=100000100010014&trackingCd=Cat100000100010014_Small&t_page=카테고리관&t_click=에센스/세럼/앰플_전체__상품상세&t_number=17
[NEW리뷰이벤트/탄력캡슐세럼] 동국제약 루온셀 PDRN 세럼 25ml,5,15,복합성,밀도 높은 영양감이 느껴지는 제형인데 피부에 슥 문지르면 겉돌지 않고 속까지 쫀득하게 착 밀착되면서 쏙 흡수돼요 ! 끈적임이나 답답함 일도 없이 피부 속부터 수분이랑 탄력이 꽉 차오르는 느낌이라 아침에 자고 일어나면 피부 결이 세상 매끄럽고 보송촉촉해져 있습니다 ㅎㅎ 꾸준히 발라주니까 푸석하고 지쳐있던 피부에 건강한 윤광이 돌면서 탄력이 탱탱하게 살아나는 게 눈으로 보여요 :) 메이크업 전에 발라주면 화장도 찰떡같이 잘 먹고 들뜸이 싹 사라져서 요즘 피부 좋아졌다는 소리 잔뜩 듣고 있습니다! 피부 장벽 강화부터 탄력 케어까지 한 번에 해결해 주니까 스킨케어 삶의 질이 확 달라졌어요~~,https://www.oliveyoung.co.kr/store/goods/getGoodsDetail.do?goodsNo=A000000263509&dispCatNo=100000100010014&trackingCd=Cat100000100010014_Small&t_page=카테고리관&t_click=에센스/세럼/앰플_전체__상품상세&t_number=17
[NEW리뷰이벤트/탄력캡슐세럼] 동국제약 루온셀 PDRN 세럼 25ml,5,15,없음,요즘 PDRN 제품들이 많아서 구매해봤는데 굉장히 촉촉해요! 건성피부가 사용하기에 적합하고 꽤나 점성있는 제형인데 생각보다 가벼운 느낌이라 요즘같은 날씨에 바르기 좋은듯 데일리로 사용하기 좋고 용기도 너무 귀여워서 더 좋음~,https://www.oliveyoung.co.kr/store/goods/getGoodsDetail.do?goodsNo=A000000263509&dispCatNo=100000100010014&trackingCd=Cat100000100010014_Small&t_page=카테고리관&t_click=에센스/세럼/앰플_전체__상품상세&t_number=17
[NEW리뷰이벤트/탄력캡슐세럼] 동국제약 루온셀 PDRN 세럼 25ml,5,15,없음,미백 주름 개선 제품 찾다고 동국제약이라고해서 믿고 구매했어요!! 부드럽게 스며들어 피부를 쫀쫀하게 채워주는 느낌이에요 PDRN과 TECA 성분 덕분에 자극 없이 끈적임 없이 촉촉해서 데일리 케어 제품으로 아주 딱이네요!,https://www.oliveyoung.co.kr/store/goods/getGoodsDetail.do?goodsNo=A000000263509&dispCatNo=100000100010014&trackingCd=Cat100000100010014_Small&t_page=카테고리관&t_click=에센스/세럼/앰플_전체__상품상세&t_number=17
[NEW리뷰이벤트/탄력캡슐세럼] 동국제약 루온셀 PDRN 세럼 25ml,5,15,없음,피부에 쏘옥 흡수되니 쫀쫀하니 발리는 느낌 좋아요^^대용량 나오면 좋겠어요~세럼 정착하려구요♡촉촉한게 주름이 차오르는 느낌적인 느낌이요~피부 당김이 없어서 굿굿!!!요즘따라 얼굴이 푸석푸석해서 고민이었는데 세럼 열심히 발랐더니 금새 효과 보다니..깜놀~속당김이 있는 피부인데 꾸준히 사용하니 많이 좋아졌어요~찬바람 불면 더 열심히 바를꺼에요~,https://www.oliveyoung.co.kr/store/goods/getGoodsDetail.do?goodsNo=A000000263509&dispCatNo=100000100010014&trackingCd=Cat100000100010014_Small&t_page=카테고리관&t_click=에센스/세럼/앰플_전체__상품상세&t_number=17
[NEW/수분홀딩] 라운드랩 자작나무 수분 드롭 세럼 50ml 기획 (+크림 20ml),,230,없음,리뷰 수집 실패: review_component_or_items_not_loaded,https://www.oliveyoung.co.kr/store/goods/getGoodsDetail.do?goodsNo=A000000263178&dispCatNo=100000100010014&trackingCd=Cat100000100010014_Small&t_page=카테고리관&t_click=에센스/세럼/앰플_전체__상품상세&t_number=18
[9월올영픽/설윤PICK] 바이오더마 하이드라비오 에센스 로션 200ml 기획 (+펌프용기+파우치) (2609),,"17,292",없음,리뷰 수집 실패: review_component_or_items_not_loaded,https://www.oliveyoung.co.kr/store/goods/getGoodsDetail.do?goodsNo=A000000263073&dispCatNo=100000100010014&trackingCd=Cat100000100010014_Small&t_page=카테고리관&t_click=에센스/세럼/앰플_전체__상품상세&t_number=19
[원현주PICK/신규기획] 믹순 콩 에센스 50ml 기획 (+콩 에센스 1.5ml*6ea + 콩 크림 15ml),,"1,410",없음,리뷰 수집 실패: review_component_or_items_not_loaded,https://www.oliveyoung.co.kr/store/goods/getGoodsDetail.do?goodsNo=A000000263031&dispCatNo=100000100010014&trackingCd=Cat100000100010014_Small&t_page=카테고리관&t_click=에센스/세럼/앰플_전체__상품상세&t_number=21
[화잘먹/속건조 수분충전] 디마프 히어로 마이 퍼스트 버블세럼 155ml 기획 (+50ml 구성),,"1,579",없음,리뷰 수집 실패: review_component_or_items_not_loaded,https://www.oliveyoung.co.kr/store/goods/getGoodsDetail.do?goodsNo=A000000263028&dispCatNo=100000100010014&trackingCd=Cat100000100010014_Small&t_page=카테고리관&t_click=에센스/세럼/앰플_전체__상품상세&t_number=22
[9월 올영픽] 유세린 하이알루론 에피셀린 세럼 30ml 기획 (+진정장벽 마스크팩 1매),,"1,292",없음,리뷰 수집 실패: review_component_or_items_not_loaded,https://www.oliveyoung.co.kr/store/goods/getGoodsDetail.do?goodsNo=A000000263014&dispCatNo=100000100010014&trackingCd=Cat100000100010014_Small&t_page=카테고리관&t_click=에센스/세럼/앰플_전체__상품상세&t_number=23
[썸머썸머PICK/9월 올영픽] 유세린 티아미돌 부스터 세럼 30ml 기획 (+광채 세럼 7ml),,868,없음,리뷰 수집 실패: review_component_or_items_not_loaded,https://www.oliveyoung.co.kr/store/goods/getGoodsDetail.do?goodsNo=A000000263011&dispCatNo=100000100010014&trackingCd=Cat100000100010014_Small&t_page=카테고리관&t_click=에센스/세럼/앰플_전체__상품상세&t_number=24
더마팩토리 나이아신아마이드 20% 세럼 30ml,,"18,772",없음,리뷰 수집 실패: review_component_or_items_not_loaded,https://www.oliveyoung.co.kr/store/goods/getGoodsDetail.do?goodsNo=A000000225217&dispCatNo=100000100010014&trackingCd=Cat100000100010014_Small&t_page=카테고리관&t_click=에센스/세럼/앰플_전체__상품상세&t_number=1
[9월 올영픽/산리오캐릭터즈 콜라보] 아누아 피디알엔 히알루론산 캡슐 100 세럼 30ml 더블기획(+시나모롤 파우치),,"24,062",없음,리뷰 수집 실패: review_component_or_items_not_loaded,https://www.oliveyoung.co.kr/store/goods/getGoodsDetail.do?goodsNo=A000000262602&dispCatNo=100000100010014&trackingCd=Cat100000100010014_Small&t_page=카테고리관&t_click=에센스/세럼/앰플_전체__상품상세&t_number=2
[단독기획/모공탄력] 셀리맥스 더 비타 A 레티날 샷 타이트닝 부스터 15ml 기획(+3ml),,"4,160",없음,리뷰 수집 실패: review_component_or_items_not_loaded,https://www.oliveyoung.co.kr/store/goods/getGoodsDetail.do?goodsNo=A000000250199&dispCatNo=100000100010014&trackingCd=Cat100000100010014_Small&t_page=카테고리관&t_click=에센스/세럼/앰플_전체__상품상세&t_number=3
[9월 올영픽] 토리든 다이브인 저분자 히알루론산 세럼 50ml 리필 기획 (+50ml 리필+자석인형) (시나모롤),,"3,970",없음,리뷰 수집 실패: review_component_or_items_not_loaded,https://www.oliveyoung.co.kr/store/goods/getGoodsDetail.do?goodsNo=A000000263664&dispCatNo=100000100010014&trackingCd=Cat100000100010014_Small&t_page=카테고리관&t_click=에센스/세럼/앰플_전체__상품상세&t_number=4
[9월 올영픽/산리오캐릭터즈 콜라보] 아누아 어성초 77 B3 징크 트러블 세럼 30ml 리필 기획 (+포차코 파우치),,"2,022",없음,리뷰 수집 실패: review_component_or_items_not_loaded,https://www.oliveyoung.co.kr/store/goods/getGoodsDetail.do?goodsNo=A000000262619&dispCatNo=100000100010014&trackingCd=Cat100000100010014_Small&t_page=카테고리관&t_click=에센스/세럼/앰플_전체__상품상세&t_number=5
[속건조필수템] 웰라쥬 리얼 히알루로닉 블루 100 앰플 100ml 기획 (+60ml 리필+수딩크림 30ml),5,"22,828",복합성,"기록하노라. 이 앰플은 처음 사용하였을 때부터 촉촉한 물처럼 흐르는 제형이 인상적이었으며 피부에 올려주면 무겁게 겉돌지 않고 빠르게 스며들어 산뜻하였노라. 수분감은 챙기고 싶으나 무거운 기초는 부담스러운 이라면 특히 마음에 들 듯하며 지성 피부도 비교적 가볍게 사용하기 좋을 것이라 생각하노라. 또한 이 앰플은 사용할 때 한 번에 나오는 양이 대략 절반 정도라 처음에는 조금 특이하게 느껴졌으나 본인 처럼 양 조절에 자신 없는 자에게는 오히려 장점이었노라. 필요 이상으로 많이 덜어내는 일이 적어 마음 편히 사용할 수 있었으나, 반대로 한 번에 넉넉하게 사용하는 것을 선호하는 이에게는 매번 양을 나누어 사용해야 하니 다소 귀찮게 느껴질 수도 있겠노라. 용량 역시 다른 앰플들과 비교하면 넉넉한 편이라 자주 보충해줄 필요가 없었으며 덕분에 다 사용하기도 전에 다시 채워야 하는 번거로움이 적어 좋았노라. 다만 사람에 따라 피부에 잘 맞지 않는다는 이야기도 있으니 무작정 유명세만 보고 들이기보다는 평소 잘 알려진 수분 앰플들과 함께 비교하여 본인의 피부에 맞을지를 살펴보고 구매하기를 권하노라. 본인은 전체적인 사용감과 수분감이 마음에 들어 이번 세일 때에도 다시 들일까 고민하고 있을 만큼 만족한 제품이었노라. 화장품 실록 평결 — 물처럼 가볍게 스며들면서도 수분은 충분히 채워주었으며 넉넉한 양까지 갖추었으니 본인은 이번 세일에도 다시 들일까 고민 중인 앰플이라 기록하노라. 리뷰가 도움이 되었노라면 ❣️도움이 되었어요❣️한 번씩 눌러주시면 감사하겠노라.",https://www.oliveyoung.co.kr/store/goods/getGoodsDetail.do?goodsNo=A000000261423&dispCatNo=100000100010014&trackingCd=Cat100000100010014_Small&t_page=카테고리관&t_click=에센스/세럼/앰플_전체__상품상세&t_number=6
[속건조필수템] 웰라쥬 리얼 히알루로닉 블루 100 앰플 100ml 기획 (+60ml 리필+수딩크림 30ml),4,"22,828",복합성,"제가 수부지인데 건성에 가깝거든요 그런데 제가 속건조가 엄청 심해서 고민고민 하다가 유명하다는 웰라쥬 앰플을 산건데 마음에 들어요 유튜브에서 안 맞는 사람도 있을 수 있다고 그래서 여러분들은 사기 전에 토ㄹ든 , 더 ㅁ 토 ㄹ 세개 앰플 비교하는 영상 참고하고 사시면 좋을 거 같아용 제형은 물처럼 엄청 가볍고 흡수도 빨라요 저는 두번 레이어링 해서 사용해요 두번 레이어링 하면서 수분이 더 꽉 차는 느낌 -> 화장 할 때 유용함! 양도 많고 리필도 줘서 오래 쓸거 같아요 • 도움이 되었어요 한 번씩만 부탁드려요..!!",https://www.oliveyoung.co.kr/store/goods/getGoodsDetail.do?goodsNo=A000000261423&dispCatNo=100000100010014&trackingCd=Cat100000100010014_Small&t_page=카테고리관&t_click=에센스/세럼/앰플_전체__상품상세&t_number=6
[속건조필수템] 웰라쥬 리얼 히알루로닉 블루 100 앰플 100ml 기획 (+60ml 리필+수딩크림 30ml),5,"22,828",없음,수부지 모낭염을 이기게 해 준 찐 공병템.. 대용량 나왔다해서 쟁이려고 샀어요 올영세일도 못기다려 ~~! 모낭염에 유분이 안좋다고 해서 수분 토너랑 이 웰라쥬 앰플 폭풍 레이어링해서 극복! 다른 앰플보다 요게 수분감이 더 좋아요 🫪🩷 완전 민감성 트러블 피부가 찐추천 ....!,https://www.oliveyoung.co.kr/store/goods/getGoodsDetail.do?goodsNo=A000000261423&dispCatNo=100000100010014&trackingCd=Cat100000100010014_Small&t_page=카테고리관&t_click=에센스/세럼/앰플_전체__상품상세&t_number=6
[속건조필수템] 웰라쥬 리얼 히알루로닉 블루 100 앰플 100ml 기획 (+60ml 리필+수딩크림 30ml),5,"22,828",지성,크림 바르기엔 기름지고 안 바르기엔 건조해서 대신 얼굴에 왕창 올리는 용도로 구매했습니다.. 아침 저녁 세안 후 각질 정리나 피부결 정리하고 그 위에 3펌프 정도 발라줘요 양볼과 이마. 그러면 처음엔 개 두꺼워서 이거 마르나 싶은데 다 마르고 살짝 끈끈해집니다 그러면 이제 선크림이라던가 바르기 좋아요. 며칠 전에 좀 더위 가셨다고 크림 발랐다가 기름져서 피부 싹 뒤집어져서 차선책으로 이렇게 한 건데 만족합니다..ㅠㅠ 그래서 증정으로 받은 크림은 개봉도 안해봤습니다 가을겨울엔 쓰겠죠 뭐.. 근데 이제 막 별다른 효과가 있다기보다는 자극도 없고 보습감은 있고 기름기는 안 돌아서 좋은 거라 재구매의사는 보통?,https://www.oliveyoung.co.kr/store/goods/getGoodsDetail.do?goodsNo=A000000261423&dispCatNo=100000100010014&trackingCd=Cat100000100010014_Small&t_page=카테고리관&t_click=에센스/세럼/앰플_전체__상품상세&t_number=6
[속건조필수템] 웰라쥬 리얼 히알루로닉 블루 100 앰플 100ml 기획 (+60ml 리필+수딩크림 30ml),5,"22,828",복합성,속건조 잡아주는 앰플이라 또 구매했어요!기획세트라서 구성도 알차고 바르고나서 흡수도 빨라서 좋아요💙 건성이라서 흡수시키면서 여러번 레이어링해서 발라도 좋더라구요!!,https://www.oliveyoung.co.kr/store/goods/getGoodsDetail.do?goodsNo=A000000261423&dispCatNo=100000100010014&trackingCd=Cat100000100010014_Small&t_page=카테고리관&t_click=에센스/세럼/앰플_전체__상품상세&t_number=6
[속건조필수템] 웰라쥬 리얼 히알루로닉 블루 100 앰플 100ml 기획 (+60ml 리필+수딩크림 30ml),5,"22,828",복합성,"앙앙앙 제가 잘 정리해드릴게요 하하 주인공 웰라쥬. 얘는 얇게 발리고 레이어링 하기 좋은데 너무 조금바르거나 스킨케어 한단계 넘어가면 피부 각질생기거나 달라지는 사람은 여러번 레이어링하게 되는데, 여러번 에이어링하면 좀 무거움. 그래서 이건 찐 지성에게 ㅊㅊ드립니다 일단 더마토리. 생각보다 무겁지 않고 딱 각질이나 피부 갈라짐? 방지하는것에 좋고 흡수되면 미끌? 거리지 않고 좋음. 냄새가 뭐랄까 좋긴한데 저는 화장품은 무향 지향해서 그리고 토리든. 제형은 무거운?데 끈적거리는 무거움이 아니라 그래서 좋음. 냄새도 거의 무향이고 이니스프리. 이건 좀 유분기 있어요. 이건 겨울에 쓰기 좋음. 그리고 얇게 발리는데 다른 수분제품보다는 유분기가 있는거예용 성분에디터. 얘는 성분만 따지고 봤을 때는 얘가 짱짱맨 제일 좋은 아이인데 저는 약간 촉촉한게 아니라 무겁고 미끌거림을 느꼈어요.",https://www.oliveyoung.co.kr/store/goods/getGoodsDetail.do?goodsNo=A000000261423&dispCatNo=100000100010014&trackingCd=Cat100000100010014_Small&t_page=카테고리관&t_click=에센스/세럼/앰플_전체__상품상세&t_number=6
[속건조필수템] 웰라쥬 리얼 히알루로닉 블루 100 앰플 100ml 기획 (+60ml 리필+수딩크림 30ml),5,"22,828",건성,웰라쥬 앰플은 무엇보다 제형이 가볍고 산뜻해서 피부에 부담 없이 바르기 정말 좋아요. 수분감은 꽉 채워주면서도 겉돌지 않고 피부에 쏙 흡수되니까 아침에 메이크업하기 전에 발라도 화장 밀림이 전혀 없더라고요. 덕분에 베이스 메이크업도 밀착력 있게 잘 먹고 속건조도 잘 잡아주는 느낌입니다. 여름이나 환절기 가릴 것 없이 언제나 데일리 수분 앰플로 편하게 사용하기 딱 좋은 제품이에요.,https://www.oliveyoung.co.kr/store/goods/getGoodsDetail.do?goodsNo=A000000261423&dispCatNo=100000100010014&trackingCd=Cat100000100010014_Small&t_page=카테고리관&t_click=에센스/세럼/앰플_전체__상품상세&t_number=6
[속건조필수템] 웰라쥬 리얼 히알루로닉 블루 100 앰플 100ml 기획 (+60ml 리필+수딩크림 30ml),4,"22,828",없음,여러번 레이어링하면 속건조 잘 잡아주는 앰플 입니다 완전 물같은 제형이라서 여러번 레이어링하기에 부담이 없다 건성 기준으로는 그랬는데 수부지에 초민감성이 사용했을떄는 좁쌀이 나서 약간 띠용했음 그래도 대부분은 잘 사용하는 편이니까 구매해봐도 괜찮을듯 하다,https://www.oliveyoung.co.kr/store/goods/getGoodsDetail.do?goodsNo=A000000261423&dispCatNo=100000100010014&trackingCd=Cat100000100010014_Small&t_page=카테고리관&t_click=에센스/세럼/앰플_전체__상품상세&t_number=6
[속건조필수템] 웰라쥬 리얼 히알루로닉 블루 100 앰플 100ml 기획 (+60ml 리필+수딩크림 30ml),5,"22,828",없음,수부지 모낭염을 이기게 해 준 찐 공병템.. 올해 내내 모낭염 때문에 고생했는데 이 제품 덕분에 살았어요 .... 올영세일 못기다려 ~~! 모낭염에 유분이 안좋다고 해서 수분 토너랑 이 웰라쥬 앰플 폭풍 레이어링해서 극복! 다른 앰플보다 요게 수분감이 더 좋아요 🫪🩷 완전 민감성 트러블 피부가 찐추천 ....!,https://www.oliveyoung.co.kr/store/goods/getGoodsDetail.do?goodsNo=A000000261423&dispCatNo=100000100010014&trackingCd=Cat100000100010014_Small&t_page=카테고리관&t_click=에센스/세럼/앰플_전체__상품상세&t_number=6
[속건조필수템] 웰라쥬 리얼 히알루로닉 블루 100 앰플 100ml 기획 (+60ml 리필+수딩크림 30ml),5,"22,828",복합성,웰라쥬 앰플은6통 넘게 사용해서 항상 기획 나올때마다 쟁입니다. 이번엔 수딩크림 기획이 출시해서 구매해봤어요 열감많고 속건조심한 저는 웰라쥬 블루앰플 없으면 안되요 흡수도 빠르고 산뜻하지만 수분은 확실하게 충전되구요~ 일단 메이크업 해보면 들뜨지않고 번들거리지 않아서 좋아요~ 기획구성 크림은 산뜻해서 요즘처런 습한날 딱이예요,https://www.oliveyoung.co.kr/store/goods/getGoodsDetail.do?goodsNo=A000000261423&dispCatNo=100000100010014&trackingCd=Cat100000100010014_Small&t_page=카테고리관&t_click=에센스/세럼/앰플_전체__상품상세&t_number=6
[24시간파우더] 넘버즈인 1번 판토텐산 스킨케어100 블러파우더 기획 (+퍼프 1개),5,"21,113",복합성,"도비는 지인 추천으로 이 파우더를 구매했는데… 진짜 다른 파우더들이랑 느낌이 조금 다릅니다… 평소에 파우더랑 팩트는 타브랜드 제품도 정말 많이 써봤다고 자신할 수 있는데, 이건 바르는 순간 얼굴이 갑자기 보송보송 블러 처리되는 느낌이라 도비도 처음에는 믿기지 않았습니다…지금 말하면서도 거짓말 같아요 모공이나 요철이 뽀얗게 정리되면서 피부가 매끈해 보이는 게 신기했습니다… 마치 호그와트에서 디미누엔도를 얼굴에 걸어서 피부의 요철만 살짝 줄여놓은 것 같습니다… 그리고 제일 놀란 건 유지력입니다… 이거 쓰기 시작하고 나서는 원래 꼭 챙기던 픽서나 프렙도 거의 안 쓰게 됐고, 수정 화장도 예전보다 확실히 덜 하게 됐습니다… 도비처럼 파우더 이것저것 많이 써본 마법사라면 차이를 느낄 것 같습니다… 처음에는 반신반의했는데 지금은 왜 지인이 추천했는지 알 것 같습니다…",https://www.oliveyoung.co.kr/store/goods/getGoodsDetail.do?goodsNo=A000000231822&dispCatNo=100000100010014&trackingCd=Cat100000100010014_Small&t_page=카테고리관&t_click=에센스/세럼/앰플_전체__상품상세&t_number=7
[24시간파우더] 넘버즈인 1번 판토텐산 스킨케어100 블러파우더 기획 (+퍼프 1개),5,"21,113",건성,여자들에게말한다.땀샤워해도안지워지는법 1. 피부각질정리전날에하기 2.화장시작. 선크림이나 톤업크림바르기 3. 그위에 이 파우더바르기 4. 그리고 파데올리기 5. 픽서뿌리기 6. 이파우더 또 바르기 이러면 피부 절대 안무너짐,https://www.oliveyoung.co.kr/store/goods/getGoodsDetail.do?goodsNo=A000000231822&dispCatNo=100000100010014&trackingCd=Cat100000100010014_Small&t_page=카테고리관&t_click=에센스/세럼/앰플_전체__상품상세&t_number=7
[24시간파우더] 넘버즈인 1번 판토텐산 스킨케어100 블러파우더 기획 (+퍼프 1개),5,"21,113",없음,"✔️ 피부 타입은? ● 민감+ 건성 피부 (+약간 계절 크게 탐) ● 피부고민 : 모공 탄력, 잡티 및 트러블 흔적, 다크서클, 건조함 ● 선호도: 사용감(부드럽게 발리면서 밀착력 좋은), 성분(향료 및 일부 오일 성분에 민감) 입자가 곱고 뽀용뽀용한 텍스쳐로 피부에 뭉침없이 균일하게 밀착이 되었어요. 자기전 마지막 스킨케어 단계에 바르면 유분감도 싹 잡아줘서 다음날 번들거림이 덜 느껴졌어요. 또 입자가 곱다보니 건성 피부는 메이크업 파우더 대용으로 사용하기에도 무리가 없었어요. 아 그리고 자작극 테스트 완료한 제품이라 건강한 피부부터 민감한 피부도 편안하게 사용이 가능한 저자극 제품이에요.",https://www.oliveyoung.co.kr/store/goods/getGoodsDetail.do?goodsNo=A000000231822&dispCatNo=100000100010014&trackingCd=Cat100000100010014_Small&t_page=카테고리관&t_click=에센스/세럼/앰플_전체__상품상세&t_number=7
[24시간파우더] 넘버즈인 1번 판토텐산 스킨케어100 블러파우더 기획 (+퍼프 1개),5,"21,113",없음,"크루로 일하면서 이 제품 몇 개를 판매했는가… 작년에 처음 나왔을 때부터 이 파우더는 저의 꿀템이었습니다. 이게 다른 파우더와 차별화된 강점 딱 세 가지로 정리해드리겠습니다. 1. 메쉬 케이스 라*즈 네오 파우더처럼 파우더 가루가 울컥 나오지 않게 메쉬망으로 덮여있고, 안쪽으로 깊게 들어가있어서 양 덜어서 사용하기에도 매우매우 좋습니다 2. 스킨케어 성분 파우더 이 제품을 매장에서 보신다면 색조 코너가 아닌 기초제품 코너에서 찾아보실 수 있습니다. 왜냐면.. 스킨케어 100% 성분이라 맨 얼굴에도 사용 가능하기 때문입니다..ㅠㅠ 논코메도제닉 제품이라 모공이 막히는 느낌 없이 산뜻하고, 판토텐산이 들어있어 피지 조절을 원천적으로 해주기 때문에 유분도 많이 나오지 않더라고요? 귀찮아서 하루 화장 안지우고 잤는데 전날 오후 2시에 파우더 발랐는데도 그 다음날 오후 3시까지 뽀송했습니다;; 3. 미1친듯이 고운 입자 ⭐️ 사실 이 제품의 진면모는 성분? 아닙니다. 이 파우더의 모공 블러 효과를 맛보시면 다른 파우더로 못돌아갑니다 특히나 정말 바싹바싹 피부를 마르게 하고 싶으신 분, 극지성 분들!!!!! ㅈㅓㅇ말!!!추천합니다!!!!!!!!! 제 피부 사진 첨부하겠습니다… 보정1도없습니다 볼 피부 위주로 봐주세요 이번 6,9월 올영세일 이 제품으로 피부 수정 버텼습니다ㅋ 아무리 건성이라지만 땀이 나면 피부화장 무너지잖아요? 이겁니다. 이거 쓰세요. 지금처럼 퍼프 하나 더 주거나 기획세트 나오면 구매하시길 추천드립니다",https://www.oliveyoung.co.kr/store/goods/getGoodsDetail.do?goodsNo=A000000231822&dispCatNo=100000100010014&trackingCd=Cat100000100010014_Small&t_page=카테고리관&t_click=에센스/세럼/앰플_전체__상품상세&t_number=7
[24시간파우더] 넘버즈인 1번 판토텐산 스킨케어100 블러파우더 기획 (+퍼프 1개),1,"21,113",없음,"일단 예민하신 피부면 비추합니다 원래는 ㄷㅇㅅ 보라색 팩트 몇통 비우다가 재고도 자주 없고 유튜브 후기 보고 성분도 좋아서 올리브영 으로 바는데, 제 피부가 예민해서 그런지 이거 쓰고나서 요철 올라오고 완전히 디집어 졌어용... 그래서 다시 ㄷㅇㅅ로... 혹시라도 파우더 잘 안 맞으신 분들은 비추합니다... 피부 문제 말고도 양 조절이 안돼서 사용하기도 어려웠습니다 ㅠ",https://www.oliveyoung.co.kr/store/goods/getGoodsDetail.do?goodsNo=A000000231822&dispCatNo=100000100010014&trackingCd=Cat100000100010014_Small&t_page=카테고리관&t_click=에센스/세럼/앰플_전체__상품상세&t_number=7
[24시간파우더] 넘버즈인 1번 판토텐산 스킨케어100 블러파우더 기획 (+퍼프 1개),5,"21,113",복합성,와 진짜 좋음...이때까지 계속 파우더는 거기서 거기지... 이렇게 생각했는데 넘버즈인 만나고나서 생각이 확 바꼈습니다...진짜 보송 부들 진짜 한입먹고싶을정도로 부드러워지고... 뭔가 너무 바삭해서 뜰것같은데?? 싶으면서도 전혀 안뜹니다... 파우더가 너무 한번에 많이 나올때가 있던데 바닥에 탁탁쳐주면 다시 쏙 들어가요.. 복합성인데 코에 기름 엄청 많고 이마에도 많아서 제가 항상 앞머리가 떡졌었는데 파우더 바꾸고나서는 안그래요... 주변에 다 광고하고 다녀요.... 앞으로 계속 넘버즈인 쓸것같습니다!!! 그리고 제발...만약 용기 리뉴얼한다고 하면 내용물은 안바뀌었으면 하는 마음입니다.....,https://www.oliveyoung.co.kr/store/goods/getGoodsDetail.do?goodsNo=A000000231822&dispCatNo=100000100010014&trackingCd=Cat100000100010014_Small&t_page=카테고리관&t_click=에센스/세럼/앰플_전체__상품상세&t_number=7
[24시간파우더] 넘버즈인 1번 판토텐산 스킨케어100 블러파우더 기획 (+퍼프 1개),5,"21,113",지성,"자기 전, 생얼에 쓰고 있어요 지성인데 스킨케어도 촉촉하게 하는 편이라 스킨케어처럼 쓸 수 있는 게 너무 좋아요 보송하구 지속도 잘 되어요 퍼프도 보들하고 확실히 다른 파우더 쓸 때보다 트러블이 덜 나더라구요! 근데 매쉬망이라 양 조절은 어렵긴 해요 밖에 들고다니기도 어렵구... 양 조절은 뚜껑에 대충 두들겨서 하는데 외출할 때 들고 다닐 수 없는 게 아쉽네요! 들고 다니기엔 흔들리면 확 나와서... 아직 샌 적은 없지만 뚜껑 열면 가루 확 날려요 그래서 저는 집에서 외출 전에만 써요... 그래도 지속력 좀 있어서 그나마 괜찮아요",https://www.oliveyoung.co.kr/store/goods/getGoodsDetail.do?goodsNo=A000000231822&dispCatNo=100000100010014&trackingCd=Cat100000100010014_Small&t_page=카테고리관&t_click=에센스/세럼/앰플_전체__상품상세&t_number=7
[24시간파우더] 넘버즈인 1번 판토텐산 스킨케어100 블러파우더 기획 (+퍼프 1개),5,"21,113",건성,걍 나쁘지 않고 무난한 사용감인데 스킨케어 후 바를 수 잇다는게 ㄹㅇ너무 큰 장점인듯 약간 다 씻고나서 잠깐 누구 만나러 나가야할때 너무 번들거리는 광만 잡아주기 조음!! 쓰고 나서 클렌징 안해도 되니까 손이 잘감 입자도 상당히 고운 편인거같아서 추천!!,https://www.oliveyoung.co.kr/store/goods/getGoodsDetail.do?goodsNo=A000000231822&dispCatNo=100000100010014&trackingCd=Cat100000100010014_Small&t_page=카테고리관&t_click=에센스/세럼/앰플_전체__상품상세&t_number=7
[24시간파우더] 넘버즈인 1번 판토텐산 스킨케어100 블러파우더 기획 (+퍼프 1개),5,"21,113",지성,제가 사용해본 파우더 중에 제일 좋아요 많이 발라도 트러블 전혀 안나는 파우더..💙 지성 피부기도 하고 뽀송한 피부 좋아해서 여러브랜드 파우더 다 사용해 봤는데 이게 최고예요!!! 보송하게 유분을 싹 잡아주면서도 피부속이 건조해지지 않는 파우더예요,https://www.oliveyoung.co.kr/store/goods/getGoodsDetail.do?goodsNo=A000000231822&dispCatNo=100000100010014&trackingCd=Cat100000100010014_Small&t_page=카테고리관&t_click=에센스/세럼/앰플_전체__상품상세&t_number=7
[24시간파우더] 넘버즈인 1번 판토텐산 스킨케어100 블러파우더 기획 (+퍼프 1개),5,"21,113",지성,벌써 몇번째 재구매인지..5통읔 쓴듯여 진짜 순하구 보송하구 지속력 좋구 그냥 얘는 쓰는게 맞아요 스킨케어성분이라 트러블 걱정 ㄴㄴ 진짜 좋음요 근데 스킨케어로도 쓸거면 두개 사는거 추천 퍼프가 두개 주긴 하지만 썼던 곳에 퍼프대면 짜피 더러운 건 같음 그래도 다들 꼭 사고 이것의 진가를 알아보길..,https://www.oliveyoung.co.kr/store/goods/getGoodsDetail.do?goodsNo=A000000231822&dispCatNo=100000100010014&trackingCd=Cat100000100010014_Small&t_page=카테고리관&t_click=에센스/세럼/앰플_전체__상품상세&t_number=7
[트러블모공] 디오디너리 나이아신아마이드 10% + 징크 1% 60ml,,"13,943",없음,리뷰 수집 실패: review_component_or_items_not_loaded,https://www.oliveyoung.co.kr/store/goods/getGoodsDetail.do?goodsNo=A000000158615&dispCatNo=100000100010014&trackingCd=Cat100000100010014_Small&t_page=카테고리관&t_click=에센스/세럼/앰플_전체__상품상세&t_number=8
[세은 PICK/트러블1등] 셀라딕스 트러블 세범 리밸런싱 131 앰플 30ml,,"5,920",없음,리뷰 수집 실패: review_component_or_items_not_loaded,https://www.oliveyoung.co.kr/store/goods/getGoodsDetail.do?goodsNo=A000000224494&dispCatNo=100000100010014&trackingCd=Cat100000100010014_Small&t_page=카테고리관&t_click=에센스/세럼/앰플_전체__상품상세&t_number=9
[9월 올영픽/산리오] 아비브 어성초 테카 캡슐 세럼 카밍 드롭 50ml 더블 기획(+스팟패치+케이스),,"16,522",없음,리뷰 수집 실패: review_component_or_items_not_loaded,https://www.oliveyoung.co.kr/store/goods/getGoodsDetail.do?goodsNo=A000000263036&dispCatNo=100000100010014&trackingCd=Cat100000100010014_Small&t_page=카테고리관&t_click=에센스/세럼/앰플_전체__상품상세&t_number=10
[헬로키티 테리백 증정/리뷰이벤트/산리오] 에스네이처 아쿠아 스쿠알란 세럼 50ml 리필기획(+리필50ml+파우치),,"16,571",없음,리뷰 수집 실패: review_component_or_items_not_loaded,https://www.oliveyoung.co.kr/store/goods/getGoodsDetail.do?goodsNo=A000000264146&dispCatNo=100000100010014&trackingCd=Cat100000100010014_Small&t_page=카테고리관&t_click=에센스/세럼/앰플_전체__상품상세&t_number=11
[산리오캐릭터즈 에디션] 메디힐 마데카소사이드 더마 세럼 50+50mL(+폼폼푸린 스마트톡),,"5,130",없음,리뷰 수집 실패: review_component_or_items_not_loaded,https://www.oliveyoung.co.kr/store/goods/getGoodsDetail.do?goodsNo=A000000262436&dispCatNo=100000100010014&trackingCd=Cat100000100010014_Small&t_page=카테고리관&t_click=에센스/세럼/앰플_전체__상품상세&t_number=12
[트러블진정세럼] 넘버즈인 1번 판토텐산 액티브업 수딩세럼 50ml 리필기획 (50ml+50ml),,"18,498",없음,리뷰 수집 실패: review_component_or_items_not_loaded,https://www.oliveyoung.co.kr/store/goods/getGoodsDetail.do?goodsNo=A000000207225&dispCatNo=100000100010014&trackingCd=Cat100000100010014_Small&t_page=카테고리관&t_click=에센스/세럼/앰플_전체__상품상세&t_number=13
[1등미백앰플] 메디큐브 PDRN 핑크 펩타이드 앰플 30ml 한정기획 (+리필팩 50ml+앰플 10ml),,"15,803",없음,리뷰 수집 실패: review_component_or_items_not_loaded,https://www.oliveyoung.co.kr/store/goods/getGoodsDetail.do?goodsNo=A000000264301&dispCatNo=100000100010014&trackingCd=Cat100000100010014_Small&t_page=카테고리관&t_click=에센스/세럼/앰플_전체__상품상세&t_number=14
[기미잡티/대용량] 센텔리안24 엑스퍼트 마데카 멜라 캡처 앰플 맥스 30ml 더블 기획,5,"2,125",없음,발림성이 좋네요. 기미 때문에 구매했는데 안색이 밝아지는것 같아요. 매일매일 꾸준히 바르면 좋아질것 같은 느낌이 들어요.,https://www.oliveyoung.co.kr/store/goods/getGoodsDetail.do?goodsNo=A000000249473&dispCatNo=100000100010014&trackingCd=Cat100000100010014_Small&t_page=카테고리관&t_click=에센스/세럼/앰플_전체__상품상세&t_number=15
[기미잡티/대용량] 센텔리안24 엑스퍼트 마데카 멜라 캡처 앰플 맥스 30ml 더블 기획,5,"2,125",없음,"사용감이 정말 좋고 피부에 부담 없이 편안하게 사용할 수 있어서 만족스러웠어요. 발림성이 부드럽고 흡수도 빠른 편이라 끈적임이 많이 느껴지지 않았어요. 사용 후 피부가 촉촉하고 매끄러워진 느낌이 들었고, 꾸준히 사용하면 피부 컨디션 관리에도 도움이 될 것 같아요. 데일리로 사용하기 좋고 전체적으로 만족스러운 제품이라 추천하고 싶어요. 다음에도 재구매할 생각입니다.",https://www.oliveyoung.co.kr/store/goods/getGoodsDetail.do?goodsNo=A000000249473&dispCatNo=100000100010014&trackingCd=Cat100000100010014_Small&t_page=카테고리관&t_click=에센스/세럼/앰플_전체__상품상세&t_number=15
[기미잡티/대용량] 센텔리안24 엑스퍼트 마데카 멜라 캡처 앰플 맥스 30ml 더블 기획,5,"2,125",없음,꾸준히 사용하던 제품이라 행사도 좋은가격으로 여러번 구입할만큼 좋아요. 적은양으로도 사용감좋고 피부 밝아지고 너무 만족해요.,https://www.oliveyoung.co.kr/store/goods/getGoodsDetail.do?goodsNo=A000000249473&dispCatNo=100000100010014&trackingCd=Cat100000100010014_Small&t_page=카테고리관&t_click=에센스/세럼/앰플_전체__상품상세&t_number=15
[기미잡티/대용량] 센텔리안24 엑스퍼트 마데카 멜라 캡처 앰플 맥스 30ml 더블 기획,5,"2,125",없음,"전 시즌 상품부터 꾸준히 사용했는데 얼굴 빛도 좋아졌어요. 사용해보니 발림성도 만족해요,",https://www.oliveyoung.co.kr/store/goods/getGoodsDetail.do?goodsNo=A000000249473&dispCatNo=100000100010014&trackingCd=Cat100000100010014_Small&t_page=카테고리관&t_click=에센스/세럼/앰플_전체__상품상세&t_number=15
[기미잡티/대용량] 센텔리안24 엑스퍼트 마데카 멜라 캡처 앰플 맥스 30ml 더블 기획,4,"2,125",없음,늘 사용하는 제품 이니다 용량이 적네요 가격에 비해 적은듯해요,https://www.oliveyoung.co.kr/store/goods/getGoodsDetail.do?goodsNo=A000000249473&dispCatNo=100000100010014&trackingCd=Cat100000100010014_Small&t_page=카테고리관&t_click=에센스/세럼/앰플_전체__상품상세&t_number=15
[기미잡티/대용량] 센텔리안24 엑스퍼트 마데카 멜라 캡처 앰플 맥스 30ml 더블 기획,5,"2,125",없음,마데카와 비타민C관리 한번에 사용할수있어 좋은거 같습니다!!!,https://www.oliveyoung.co.kr/store/goods/getGoodsDetail.do?goodsNo=A000000249473&dispCatNo=100000100010014&trackingCd=Cat100000100010014_Small&t_page=카테고리관&t_click=에센스/세럼/앰플_전체__상품상세&t_number=15
[기미잡티/대용량] 센텔리안24 엑스퍼트 마데카 멜라 캡처 앰플 맥스 30ml 더블 기획,5,"2,125",없음,새일기간 저렴하게 사서 잘쓰고 있어요~~ 정말 좋아요~~,https://www.oliveyoung.co.kr/store/goods/getGoodsDetail.do?goodsNo=A000000249473&dispCatNo=100000100010014&trackingCd=Cat100000100010014_Small&t_page=카테고리관&t_click=에센스/세럼/앰플_전체__상품상세&t_number=15
[기미잡티/대용량] 센텔리안24 엑스퍼트 마데카 멜라 캡처 앰플 맥스 30ml 더블 기획,5,"2,125",없음,마데카 크림이랑 함께 써보려고 구매했어요 마냥 가벼운 앰플은 아니라서 기대되요,https://www.oliveyoung.co.kr/store/goods/getGoodsDetail.do?goodsNo=A000000249473&dispCatNo=100000100010014&trackingCd=Cat100000100010014_Small&t_page=카테고리관&t_click=에센스/세럼/앰플_전체__상품상세&t_number=15
[기미잡티/대용량] 센텔리안24 엑스퍼트 마데카 멜라 캡처 앰플 맥스 30ml 더블 기획,5,"2,125",복합성,"🐹바우만 피부 타입🧀 ORPT (Oil/Resistant/pigment/Tight) 동국제약아 미안한데 제발 시즌 몇번째라고 좀 많이 크게 적어주삼 그냥 이름옆에 떡하니 시즌 좀 적어주삼 새로나오는 것들 전버전 업그레이드인건 당연히 알겠는데 구매할때마다 맨날 헷갈림 🙏 plz ✔️멜라캡쳐 앰플은 rx,pro,max(이번시즌) 다 써봄 자매품인 마데카크림도 시즌3때부터 써왔는데 벌써 시즌7나옴..^^졸라 어렵다고요 나도 어려운데 엄마세대는 더 어려워하실거아녀.. 마데카크림도 좋지만 크림은 여름에 바르기엔 좀 무거워서 앰플은 여름내내 잘썻음 사실 지금도 잘 쓰고 있음 🩷멜라캡쳐 앰플 바르고 자면 다음날 피부가 쫀득탱탱함 미백기능성이고 내딴엔 비싸서 뭣모르고 아낀다고 얼굴만 발랐는데 현재 얼굴만 뽀얗고 목은 시꺼매서 목도 같이 관리중임 ㅠㅠ 20대인 나도 느끼는데 40대인 엄마들은 어떻겠음? 아줌마들 사이에서 유명한건 다 이유가 있다 👍🏻병풀 잘 받는 분들은 무조건 츄라이. tip 원가에 사지말고 센탈리안 네이버스토어가 라이브방송 겁나많이함 맨날 알림옴;; 그때 가격비교해보고 사셈 나는 오특때 삼",https://www.oliveyoung.co.kr/store/goods/getGoodsDetail.do?goodsNo=A000000249473&dispCatNo=100000100010014&trackingCd=Cat100000100010014_Small&t_page=카테고리관&t_click=에센스/세럼/앰플_전체__상품상세&t_number=15
[3일진정세럼]브링그린 징크테카 트러블 세럼 대용량 기획,,"24,485",없음,리뷰 수집 실패: review_component_or_items_not_loaded,https://www.oliveyoung.co.kr/store/goods/getGoodsDetail.do?goodsNo=A000000200646&dispCatNo=100000100010014&trackingCd=Cat100000100010014_Small&t_page=카테고리관&t_click=에센스/세럼/앰플_전체__상품상세&t_number=16
"[흔적 리페어_c-PDRN 10,000 PPM]리쥬덱스 더마 리페어링 솔루션 앰플 10mLx2EA",,363,없음,리뷰 수집 실패: review_component_or_items_not_loaded,https://www.oliveyoung.co.kr/store/goods/getGoodsDetail.do?goodsNo=A000000260346&dispCatNo=100000100010014&trackingCd=Cat100000100010014_Small&t_page=카테고리관&t_click=에센스/세럼/앰플_전체__상품상세&t_number=17
[1+1][손거울 증정] 한율 쑥히알 세럼 40ml 리필 기획 (+40ml 리필+산리오 헬로키티 손거울(랜덤)),,"5,991",없음,리뷰 수집 실패: review_component_or_items_not_loaded,https://www.oliveyoung.co.kr/store/goods/getGoodsDetail.do?goodsNo=A000000262934&dispCatNo=100000100010014&trackingCd=Cat100000100010014_Small&t_page=카테고리관&t_click=에센스/세럼/앰플_전체__상품상세&t_number=19
[흔적미백] 넘버즈인 5번 글루타치온C 흔적 앰플 30ml+30ml 듀오기획,,"21,677",없음,리뷰 수집 실패: review_component_or_items_not_loaded,https://www.oliveyoung.co.kr/store/goods/getGoodsDetail.do?goodsNo=A000000189837&dispCatNo=100000100010014&trackingCd=Cat100000100010014_Small&t_page=카테고리관&t_click=에센스/세럼/앰플_전체__상품상세&t_number=20
[9월 올영픽/산리오 콜라보] 구달 청귤 비타C 잡티케어 세럼 알파 50+50ml 리필 기획(+폼폼푸린 마그넷 피규어),,"5,076",없음,리뷰 수집 실패: review_component_or_items_not_loaded,https://www.oliveyoung.co.kr/store/goods/getGoodsDetail.do?goodsNo=A000000263562&dispCatNo=100000100010014&trackingCd=Cat100000100010014_Small&t_page=카테고리관&t_click=에센스/세럼/앰플_전체__상품상세&t_number=21
아이오페 레티놀 레티젝션 세럼 30ml 기획 (+세럼10ml+크림15ml),,672,없음,리뷰 수집 실패: review_component_or_items_not_loaded,https://www.oliveyoung.co.kr/store/goods/getGoodsDetail.do?goodsNo=A000000232357&dispCatNo=100000100010014&trackingCd=Cat100000100010014_Small&t_page=카테고리관&t_click=에센스/세럼/앰플_전체__상품상세&t_number=22
[30ml+30ml / 강력토닝케어] 아렌시아 비타민 C 부스터 샷 30ml 더블기획,,"1,410",없음,리뷰 수집 실패: review_component_or_items_not_loaded,https://www.oliveyoung.co.kr/store/goods/getGoodsDetail.do?goodsNo=A000000254661&dispCatNo=100000100010014&trackingCd=Cat100000100010014_Small&t_page=카테고리관&t_click=에센스/세럼/앰플_전체__상품상세&t_number=24
[9월 올영픽] 파티온 노스카나인 트러블 세럼 50ml 리필 기획 (+리필40ml+크림10ml),,"80,531",없음,리뷰 수집 실패: review_component_or_items_not_loaded,https://www.oliveyoung.co.kr/store/goods/getGoodsDetail.do?goodsNo=A000000219609&dispCatNo=100000100010014&trackingCd=Cat100000100010014_MID&t_page=카테고리관&t_click=에센스/세럼/앰플_전체__상품상세&t_number=25
[단독기획] 아누아 TXA 나이아신 흔적 세럼 30ml 2입,,"6,386",없음,리뷰 수집 실패: review_component_or_items_not_loaded,https://www.oliveyoung.co.kr/store/goods/getGoodsDetail.do?goodsNo=A000000226201&dispCatNo=100000100010014&trackingCd=Cat100000100010014_MID&t_page=카테고리관&t_click=에센스/세럼/앰플_전체__상품상세&t_number=26
