product_name,review_rating,review_count,skin_type,review_text,url
[9월 올영픽][대용량] 파티온 노스카나인 트러블 크림 75ml 기획(+5ml),,53,없음,리뷰 수집 실패: review_tab_not_found,https://www.oliveyoung.co.kr/store/goods/getGoodsDetail.do?goodsNo=A000000265234&dispCatNo=100000100010015&trackingCd=Cat100000100010015_Small&t_page=카테고리관&t_click=크림_전체__상품상세&t_number=10
[26년신형/올인원 케어] 달바 화이트 트러플 더블 세럼 앤 크림 70g,,,없음,리뷰 수집 실패: review_component_or_items_not_loaded,https://www.oliveyoung.co.kr/store/goods/getGoodsDetail.do?goodsNo=A000000268116&dispCatNo=100000100010015&trackingCd=Cat100000100010015_Small&t_page=카테고리관&t_click=크림_전체__상품상세&t_number=1
[습윤장벽] 동아제약 딥-베리어 프로 크림제 50ml 기획 (+10ml),,646,없음,리뷰 수집 실패: review_component_or_items_not_loaded,https://www.oliveyoung.co.kr/store/goods/getGoodsDetail.do?goodsNo=A000000263679&dispCatNo=100000100010015&trackingCd=Cat100000100010015_Small&t_page=카테고리관&t_click=크림_전체__상품상세&t_number=14
[9월 올영픽/산리오 콜라보] 구달 청귤 비타C 잡티케어 크림 알파 75ml+75ml 리필 기획(+폼폼푸린 카드케이스),,"1,375",없음,리뷰 수집 실패: review_component_or_items_not_loaded,https://www.oliveyoung.co.kr/store/goods/getGoodsDetail.do?goodsNo=A000000263564&dispCatNo=100000100010015&trackingCd=Cat100000100010015_Small&t_page=카테고리관&t_click=크림_전체__상품상세&t_number=15
[NEW리뷰이벤트/붉은기진정크림] 동국제약 루온셀 듀얼 아쿠아 크림 50ml,,16,없음,리뷰 수집 실패: review_component_or_items_not_loaded,https://www.oliveyoung.co.kr/store/goods/getGoodsDetail.do?goodsNo=A000000263511&dispCatNo=100000100010015&trackingCd=Cat100000100010015_Small&t_page=카테고리관&t_click=크림_전체__상품상세&t_number=17
[최초구성/수부지장벽케어] 라운드랩 자작나무 수분 크림 80ml 더블 기획 (+자작 드롭 세럼 20ml),,"6,529",없음,리뷰 수집 실패: review_component_or_items_not_loaded,https://www.oliveyoung.co.kr/store/goods/getGoodsDetail.do?goodsNo=A000000263179&dispCatNo=100000100010015&trackingCd=Cat100000100010015_Small&t_page=카테고리관&t_click=크림_전체__상품상세&t_number=18
[9월올영픽] 바이오더마 시카비오 크림+ 100ml 더블 기획,,"4,529",없음,리뷰 수집 실패: review_component_or_items_not_loaded,https://www.oliveyoung.co.kr/store/goods/getGoodsDetail.do?goodsNo=A000000263070&dispCatNo=100000100010015&trackingCd=Cat100000100010015_Small&t_page=카테고리관&t_click=크림_전체__상품상세&t_number=20
[온라인단독/한정수량]라로슈포제 시카플라스트 멀티 리페어 크림 100ml 더블기획 (+15ml+시카에센스 7.5ml),,"20,170",없음,리뷰 수집 실패: review_component_or_items_not_loaded,https://www.oliveyoung.co.kr/store/goods/getGoodsDetail.do?goodsNo=A000000263021&dispCatNo=100000100010015&trackingCd=Cat100000100010015_Small&t_page=카테고리관&t_click=크림_전체__상품상세&t_number=22
[9월 올영픽/산리오캐릭터즈 콜라보] 아누아 피디알엔 히알루론산 100 수분 크림 60ml 더블기획(+시나모롤 집게핀),,"10,314",없음,리뷰 수집 실패: review_component_or_items_not_loaded,https://www.oliveyoung.co.kr/store/goods/getGoodsDetail.do?goodsNo=A000000262603&dispCatNo=100000100010015&trackingCd=Cat100000100010015_Small&t_page=카테고리관&t_click=크림_전체__상품상세&t_number=2
[9월 올영픽/손상장벽집중케어]라로슈포제 시카플라스트밤 B5+ 100ml 기획 (+시카에센스7.5ml+히알루세럼3ml),,"34,914",없음,리뷰 수집 실패: review_component_or_items_not_loaded,https://www.oliveyoung.co.kr/store/goods/getGoodsDetail.do?goodsNo=A000000263009&dispCatNo=100000100010015&trackingCd=Cat100000100010015_Small&t_page=카테고리관&t_click=크림_전체__상품상세&t_number=3
[1등크림] 에스트라 아토베리어365 크림 80ml 기획(+토너25ml+클렌징폼3g*3EA),,"40,191",없음,리뷰 수집 실패: review_component_or_items_not_loaded,https://www.oliveyoung.co.kr/store/goods/getGoodsDetail.do?goodsNo=A000000261864&dispCatNo=100000100010015&trackingCd=Cat100000100010015_Small&t_page=카테고리관&t_click=크림_전체__상품상세&t_number=4
[9월 올영픽/데일리장벽케어] 라로슈포제 시카플라스트 멀티 리페어 크림 100ml 기획 (+시카에센스 7.5ml*2),,"20,587",없음,리뷰 수집 실패: review_component_or_items_not_loaded,https://www.oliveyoung.co.kr/store/goods/getGoodsDetail.do?goodsNo=A000000263019&dispCatNo=100000100010015&trackingCd=Cat100000100010015_Small&t_page=카테고리관&t_click=크림_전체__상품상세&t_number=5
[4배속_응급진정/장벽강화]리쥬덱스 더마 리페어링 크림 20g 단품/기획(+5g*2),,"1,924",없음,리뷰 수집 실패: review_component_or_items_not_loaded,https://www.oliveyoung.co.kr/store/goods/getGoodsDetail.do?goodsNo=A000000260348&dispCatNo=100000100010015&trackingCd=Cat100000100010015_Small&t_page=카테고리관&t_click=크림_전체__상품상세&t_number=6
[장원영PICK] 닥터엘시아 345 릴리프 크림 50ml 기획 (+10ml*2ea+튜브링거),,"5,279",없음,리뷰 수집 실패: review_component_or_items_not_loaded,https://www.oliveyoung.co.kr/store/goods/getGoodsDetail.do?goodsNo=A000000245087&dispCatNo=100000100010015&trackingCd=Cat100000100010015_Small&t_page=카테고리관&t_click=크림_전체__상품상세&t_number=7
[9월 올영픽] 피지오겔 DMT 페이셜 크림 대용량 200ml 기획(+토너50ml+마스크1매),,"24,585",없음,리뷰 수집 실패: review_component_or_items_not_loaded,https://www.oliveyoung.co.kr/store/goods/getGoodsDetail.do?goodsNo=A000000263530&dispCatNo=100000100010015&trackingCd=Cat100000100010015_Small&t_page=카테고리관&t_click=크림_전체__상품상세&t_number=8
[9월 올영픽] 토리든 다이브인 저분자 히알루론산 수딩 크림 100ml 더블 기획 (+메쉬백) (시나모롤),,"3,715",없음,리뷰 수집 실패: review_component_or_items_not_loaded,https://www.oliveyoung.co.kr/store/goods/getGoodsDetail.do?goodsNo=A000000263681&dispCatNo=100000100010015&trackingCd=Cat100000100010015_Small&t_page=카테고리관&t_click=크림_전체__상품상세&t_number=9
[베일리pick/단독기획] VT 피디알엔 리들샷 아이 리프터 15ml 리필기획 (+리필 15ml),,"3,231",없음,리뷰 수집 실패: review_component_or_items_not_loaded,https://www.oliveyoung.co.kr/store/goods/getGoodsDetail.do?goodsNo=A000000260515&dispCatNo=100000100010015&trackingCd=Cat100000100010015_Small&t_page=카테고리관&t_click=크림_전체__상품상세&t_number=10
[수분진정/세럼증정] 닥터지 레드블레미쉬 클리어 수딩크림 EX 70ml기획 (+30ml+세럼10ml*2ea),,"4,417",없음,리뷰 수집 실패: review_component_or_items_not_loaded,https://www.oliveyoung.co.kr/store/goods/getGoodsDetail.do?goodsNo=A000000255752&dispCatNo=100000100010015&trackingCd=Cat100000100010015_Small&t_page=카테고리관&t_click=크림_전체__상품상세&t_number=11
셀리맥스 더 비타 A 레티날 샷 타이트닝 듀얼 크림 50ml,,240,없음,리뷰 수집 실패: review_component_or_items_not_loaded,https://www.oliveyoung.co.kr/store/goods/getGoodsDetail.do?goodsNo=A000000261065&dispCatNo=100000100010015&trackingCd=Cat100000100010015_Small&t_page=카테고리관&t_click=크림_전체__상품상세&t_number=12
[9월 올영픽][누렁이 콜라보] 제로이드 인텐시브 크림 80ml+50ml 기획 (+누렁이 파우치),,"13,075",없음,리뷰 수집 실패: review_component_or_items_not_loaded,https://www.oliveyoung.co.kr/store/goods/getGoodsDetail.do?goodsNo=A000000263068&dispCatNo=100000100010015&trackingCd=Cat100000100010015_Small&t_page=카테고리관&t_click=크림_전체__상품상세&t_number=13
페이보릿 매끈 크림 50ml,,23,없음,리뷰 수집 실패: review_component_or_items_not_loaded,https://www.oliveyoung.co.kr/store/goods/getGoodsDetail.do?goodsNo=A000000260337&dispCatNo=100000100010015&trackingCd=Cat100000100010015_Small&t_page=카테고리관&t_click=크림_전체__상품상세&t_number=15
[카디비PICK|탄력보습] 바이오힐보 프로바이오덤 3D리프팅 크림 50ml [단품/기획],,"6,977",없음,리뷰 수집 실패: review_component_or_items_not_loaded,https://www.oliveyoung.co.kr/store/goods/getGoodsDetail.do?goodsNo=A000000199701&dispCatNo=100000100010015&trackingCd=Cat100000100010015_Small&t_page=카테고리관&t_click=크림_전체__상품상세&t_number=16
[9월올영픽] 바이오더마 시카비오 포마드 100ml 기획(+포마드 5ml+크림 5ml+크림 SPF50 5ml),,"17,511",없음,리뷰 수집 실패: review_component_or_items_not_loaded,https://www.oliveyoung.co.kr/store/goods/getGoodsDetail.do?goodsNo=A000000263071&dispCatNo=100000100010015&trackingCd=Cat100000100010015_Small&t_page=카테고리관&t_click=크림_전체__상품상세&t_number=17
[헬로키티 테리백 증정/리뷰이벤트/산리오] 에스네이처 아쿠아 오아시스 수분 젤크림 90ml 기획 (+헬로키티 러기지택),,"7,438",없음,리뷰 수집 실패: review_component_or_items_not_loaded,https://www.oliveyoung.co.kr/store/goods/getGoodsDetail.do?goodsNo=A000000264149&dispCatNo=100000100010015&trackingCd=Cat100000100010015_Small&t_page=카테고리관&t_click=크림_전체__상품상세&t_number=18
도미나스 크림 Rx 30ml 대용량 한정기획 (+20ml),,"1,645",없음,리뷰 수집 실패: review_component_or_items_not_loaded,https://www.oliveyoung.co.kr/store/goods/getGoodsDetail.do?goodsNo=A000000264646&dispCatNo=100000100010015&trackingCd=Cat100000100010015_Small&t_page=카테고리관&t_click=크림_전체__상품상세&t_number=19
"[흔적,기미,미백/TXA] 셀리맥스 트라넥삼산 잡티 크림 35ml 기획 (+14ml)",,"2,574",없음,리뷰 수집 실패: review_component_or_items_not_loaded,https://www.oliveyoung.co.kr/store/goods/getGoodsDetail.do?goodsNo=A000000253592&dispCatNo=100000100010015&trackingCd=Cat100000100010015_Small&t_page=카테고리관&t_click=크림_전체__상품상세&t_number=20
[손상장벽MD] 동국제약 마데카셀 베리어 엠디 크림 70g (의료기기),,"2,839",없음,리뷰 수집 실패: review_component_or_items_not_loaded,https://www.oliveyoung.co.kr/store/goods/getGoodsDetail.do?goodsNo=A000000249659&dispCatNo=100000100010015&trackingCd=Cat100000100010015_Small&t_page=카테고리관&t_click=크림_전체__상품상세&t_number=21
[한정수량] 라로슈포제 시카플라스트 밤 B5+ 200ml기획 (+1.5ml+시카토너50ml+히알루세럼1.5ml),,"39,952",없음,리뷰 수집 실패: review_component_or_items_not_loaded,https://www.oliveyoung.co.kr/store/goods/getGoodsDetail.do?goodsNo=A000000263017&dispCatNo=100000100010015&trackingCd=Cat100000100010015_Small&t_page=카테고리관&t_click=크림_전체__상품상세&t_number=22
[우주먼지 에디션]션리 다시마 글레이즈드 크림 50g 기획 (+우주먼지쇼퍼백+스티커 3ea),,"7,666",없음,리뷰 수집 실패: review_component_or_items_not_loaded,https://www.oliveyoung.co.kr/store/goods/getGoodsDetail.do?goodsNo=A000000265040&dispCatNo=100000100010015&trackingCd=Cat100000100010015_Small&t_page=카테고리관&t_click=크림_전체__상품상세&t_number=23
[한정기획/강력진정크림] 닥터자르트 시카페어 인텐시브 수딩 리페어 크림 50ml 1+1 기획,,"4,133",없음,리뷰 수집 실패: review_component_or_items_not_loaded,https://www.oliveyoung.co.kr/store/goods/getGoodsDetail.do?goodsNo=A000000218592&dispCatNo=100000100010015&trackingCd=Cat100000100010015_Small&t_page=카테고리관&t_click=크림_전체__상품상세&t_number=24
[NEW/기프트]랑콤 제니피끄 세럼/레네르지 콜라겐 크림 50ml 선물 기획 2종,,,없음,리뷰 수집 실패: review_component_or_items_not_loaded,https://www.oliveyoung.co.kr/store/goods/getGoodsDetail.do?goodsNo=A000000267902&dispCatNo=100000100010014&trackingCd=Cat100000100010014_Small&t_page=카테고리관&t_click=에센스/세럼/앰플_전체__상품상세&t_number=1
[결/톤/탄력] 케이시크릿 서울 1988 레틴알 흑삼 세럼 30ml,,,없음,리뷰 수집 실패: review_component_or_items_not_loaded,https://www.oliveyoung.co.kr/store/goods/getGoodsDetail.do?goodsNo=A000000267370&dispCatNo=100000100010014&trackingCd=Cat100000100010014_Small&t_page=카테고리관&t_click=에센스/세럼/앰플_전체__상품상세&t_number=2
[NEW 진정세럼] 오브제 아크샷 트러블 진정 세럼 50ml,,,없음,리뷰 수집 실패: review_component_or_items_not_loaded,https://www.oliveyoung.co.kr/store/goods/getGoodsDetail.do?goodsNo=A000000267249&dispCatNo=100000100010014&trackingCd=Cat100000100010014_Small&t_page=카테고리관&t_click=에센스/세럼/앰플_전체__상품상세&t_number=3
[NEW] 온그리디언츠 바쿠글로우 레티날 부스터 샷 0.2퍼센트 30ml,,51,없음,리뷰 수집 실패: review_component_or_items_not_loaded,https://www.oliveyoung.co.kr/store/goods/getGoodsDetail.do?goodsNo=A000000265385&dispCatNo=100000100010014&trackingCd=Cat100000100010014_Small&t_page=카테고리관&t_click=에센스/세럼/앰플_전체__상품상세&t_number=5
아벤느 클리낭스 파워 컨트롤 세럼 30ml,,,없음,리뷰 수집 실패: review_component_or_items_not_loaded,https://www.oliveyoung.co.kr/store/goods/getGoodsDetail.do?goodsNo=A000000265333&dispCatNo=100000100010014&trackingCd=Cat100000100010014_Small&t_page=카테고리관&t_click=에센스/세럼/앰플_전체__상품상세&t_number=6
[우주먼지 에디션]션리 다시마 그리너리 세럼 35ml 기획 (+우주먼지 스마트톡+스티커 3ea),,"6,973",없음,리뷰 수집 실패: review_component_or_items_not_loaded,https://www.oliveyoung.co.kr/store/goods/getGoodsDetail.do?goodsNo=A000000265037&dispCatNo=100000100010014&trackingCd=Cat100000100010014_Small&t_page=카테고리관&t_click=에센스/세럼/앰플_전체__상품상세&t_number=7
[리센느 원이PICK/1+1기획] 바이오던스 포어 퍼펙팅 콜라겐 펩타이드 세럼 30ml 리필 기획,,"3,590",없음,리뷰 수집 실패: review_component_or_items_not_loaded,https://www.oliveyoung.co.kr/store/goods/getGoodsDetail.do?goodsNo=A000000264389&dispCatNo=100000100010014&trackingCd=Cat100000100010014_Small&t_page=카테고리관&t_click=에센스/세럼/앰플_전체__상품상세&t_number=9
[9월 올영픽/산리오 콜라보] 구달 청귤 비타C E TXA 세럼 30ml+30ml 리필 기획 (+폼폼푸린 에코백),5,"4,089",복합성,구달 청귤 비타민 c e세럼 txa 성분은 좋아요 기미ㆍ잡티 ㆍ보습 ㆍ탄력도 있고 ㅡ탄력은 1가지성분만 들어있으니 둘다 고민인분은 탄력세럼이랑 같이 섞어바르는걸 추천합니다 @눈시림 없고 바르면 쫀쫀해 지는 느낌의 제형입니다 증정 가방이 사실 이뻐요 쫀쫀하고 얇지않는 핑크색인데 포차코그림이 이쁩니다 애기들가방이나 미니 가방으로 들고 다녀도 이쁠듯 (파우치처럼 작지않아서 크기가 좋네요),https://www.oliveyoung.co.kr/store/goods/getGoodsDetail.do?goodsNo=A000000263569&dispCatNo=100000100010014&trackingCd=Cat100000100010014_Small&t_page=카테고리관&t_click=에센스/세럼/앰플_전체__상품상세&t_number=14
[9월 올영픽/산리오 콜라보] 구달 청귤 비타C E TXA 세럼 30ml+30ml 리필 기획 (+폼폼푸린 에코백),5,"4,089",건성,"올영픽에 폼폼푸린 콜라보까지 떴는데 어떻게 그냥 지나치나요! 잡티 케어로 워낙 유명한 구달 청귤 세럼이라 믿고 바로 장바구니에 담았습니다. 제형 & 사용감: 약간 노란빛을 띠는 촉촉한 젤 세럼 제형이에요. 비타민 C 세럼 특유의 끈적임이나 겉도는 느낌 없이 피부에 싹 흡수됩니다. 산뜻해서 아침 메이크업 전에 발라도 밀리지 않고 스킨케어 밀착력을 높여줘요. 효과: 여름내 그을리고 올라온 잡티랑 기미 자국이 신경 쓰여서 아침저녁으로 꾸준히 발라줬는데, 일주일 정도 지나니 전체적인 피부 톤이 한 톤 맑아지고 투명해진 게 느껴집니다. 비타민 E랑 TXA 성분까지 더해져서인지 잡티 흔적 진정 효과가 확실히 업그레이드된 것 같아요. 구성 만족도: 30ml 본품에 30ml 리필까지 들어있어서 가성비 대박입니다. 그리고 증정품인 폼폼푸린 에코백이 생각보다 탄탄하고 프린팅이 너무 귀여워서 가볍게 집 앞에 나갈 때 들고 다니기 딱이에요! 잡티·기미 관리하시면서 귀여운 폼폼푸린 굿즈까지 챙기고 싶으신 분들께 이번 올영픽 기획 강추합니다!",https://www.oliveyoung.co.kr/store/goods/getGoodsDetail.do?goodsNo=A000000263569&dispCatNo=100000100010014&trackingCd=Cat100000100010014_Small&t_page=카테고리관&t_click=에센스/세럼/앰플_전체__상품상세&t_number=14
[9월 올영픽/산리오 콜라보] 구달 청귤 비타C E TXA 세럼 30ml+30ml 리필 기획 (+폼폼푸린 에코백),5,"4,089",복합성,💡찐으로 사용한 리얼 후기만 담아요!(보정xx)💡 도움이 되셨다면 좋아요🩷 부탁드립니다! 본인 피부 타입🙋‍♀️ - 각질 잔뜩 / 기름 좔좔 수부지 & 여쿨라 💡제품 특징 폼폼푸린 너무 귀여워요.. 👍 이 제품은 이런점이 좋아요! * 잡티고민이신데 순한템부터 입문하고 싶은 분들 이거에요! * 크게 자극도 없고 제형도 촉촉 + 잔여감 없는 제형이라 데일리로 쓰기 좋음! 👎 이 제품은 이런점이 아쉬워요.. * 에코백은 실용성이 없어 보이긴함ㅠ ❗️총평 리필기획도 좋고 폼폼푸린도 좋고 제형도 좋아요 * 재구매 의사 🙆‍♀️,https://www.oliveyoung.co.kr/store/goods/getGoodsDetail.do?goodsNo=A000000263569&dispCatNo=100000100010014&trackingCd=Cat100000100010014_Small&t_page=카테고리관&t_click=에센스/세럼/앰플_전체__상품상세&t_number=14
[9월 올영픽/산리오 콜라보] 구달 청귤 비타C E TXA 세럼 30ml+30ml 리필 기획 (+폼폼푸린 에코백),5,"4,089",복합성,핑크 폼폼푸린 너무 귀엽네요 청귤세럼이랑 약간 다르게 나온 제품인 것 같은데 txa 6프로라길래 구매해봤어요 점성이 있는 편이고 약간 두껍게 발리는 느낌이 있어요 흡수가 엄청 빠른편은 아니고 수분보습감이 있는 편이에요 산뜻함보다는 약간 끈적이다고 느낄 수 있을 마무리감이네요,https://www.oliveyoung.co.kr/store/goods/getGoodsDetail.do?goodsNo=A000000263569&dispCatNo=100000100010014&trackingCd=Cat100000100010014_Small&t_page=카테고리관&t_click=에센스/세럼/앰플_전체__상품상세&t_number=14
[9월 올영픽/산리오 콜라보] 구달 청귤 비타C E TXA 세럼 30ml+30ml 리필 기획 (+폼폼푸린 에코백),5,"4,089",건성,평소에도 구달의 노란 청귤세럼을 잘 쓰는데 이번에 핑크색의 청귤 비타C E TXA 세럼을 구매했어요. 폼폼푸린 콜라보도 귀여우니까 원래도 구매욕을 불태우더라구요ㅋㅋㅋ 핑크빛깔 세럼이고 발림성도 좋고 미백케어 세럼인데 자극도 없고 매일 바를 수 있으니까 좋아요!,https://www.oliveyoung.co.kr/store/goods/getGoodsDetail.do?goodsNo=A000000263569&dispCatNo=100000100010014&trackingCd=Cat100000100010014_Small&t_page=카테고리관&t_click=에센스/세럼/앰플_전체__상품상세&t_number=14
[9월 올영픽/산리오 콜라보] 구달 청귤 비타C E TXA 세럼 30ml+30ml 리필 기획 (+폼폼푸린 에코백),5,"4,089",없음,제형은 쫀쫀하게 피부에 흡수되는 느낌이에요. 비타민 C와 E가 같이 들어간 앰플이라 그런지 저녁에 듬뿍 바르고 자고 일어나면 피부가 한층 밝아진거 같은 느낌이에요. 끈적이지도 않고 비타민C 앰플 특유의 피부에 겉도는 느낌도 없어서 메이크업도 잘 올라가요!,https://www.oliveyoung.co.kr/store/goods/getGoodsDetail.do?goodsNo=A000000263569&dispCatNo=100000100010014&trackingCd=Cat100000100010014_Small&t_page=카테고리관&t_click=에센스/세럼/앰플_전체__상품상세&t_number=14
[9월 올영픽/산리오 콜라보] 구달 청귤 비타C E TXA 세럼 30ml+30ml 리필 기획 (+폼폼푸린 에코백),5,"4,089",없음,"벌써 재재구매할 정도로 애정하는 제품인데, 귀여운 폼폼푸린 에코백 기획세트보고 바로 샀어요~ 산뜻하고 촉촉한 젤 제형이라 끈적임도 전혀 없고 흡수도 빨리돼서 너무 편해요! 꾸준히 바르니 칙칙했던 피부톤이 환해진 느낌이고 거뭇한 잡티 흔적도 옅어져서 안색 자체가 맑아보여요~ 자극도 없어 데일리로 사용하기 너무 만족해요!",https://www.oliveyoung.co.kr/store/goods/getGoodsDetail.do?goodsNo=A000000263569&dispCatNo=100000100010014&trackingCd=Cat100000100010014_Small&t_page=카테고리관&t_click=에센스/세럼/앰플_전체__상품상세&t_number=14
[9월 올영픽/산리오 콜라보] 구달 청귤 비타C E TXA 세럼 30ml+30ml 리필 기획 (+폼폼푸린 에코백),5,"4,089",복합성,원래도 쓰던 거라 이번에 쟁여두려고 샀어요. 패키지 너무 귀엽네요! 세럼 자체는 촉촉한 편이에요. 물보다 아주 약간 점성이 있는 편이라 느리게 흐르고요. 성분이 좋아서 믿고 쓰기는 하는데 엄청 드라마틱한 효과는 잘 모르겠고요. 다만 흡수가 빨라서 좋아요.,https://www.oliveyoung.co.kr/store/goods/getGoodsDetail.do?goodsNo=A000000263569&dispCatNo=100000100010014&trackingCd=Cat100000100010014_Small&t_page=카테고리관&t_click=에센스/세럼/앰플_전체__상품상세&t_number=14
[9월 올영픽/산리오 콜라보] 구달 청귤 비타C E TXA 세럼 30ml+30ml 리필 기획 (+폼폼푸린 에코백),5,"4,089",지성,폼폼푸린 좋아하는 친구 구매해줬어용 미백라인이라서 꾸준히 사용해본다고 하네용,https://www.oliveyoung.co.kr/store/goods/getGoodsDetail.do?goodsNo=A000000263569&dispCatNo=100000100010014&trackingCd=Cat100000100010014_Small&t_page=카테고리관&t_click=에센스/세럼/앰플_전체__상품상세&t_number=14
[9월 올영픽/산리오 콜라보] 구달 청귤 비타C E TXA 세럼 30ml+30ml 리필 기획 (+폼폼푸린 에코백),5,"4,089",건성,구달 청귤세럼은 뭐 워낙 유명해서 주변에서 친구들도 많이 사용하고 있어요 비타민 성분이 포함되어 미백에도 더 좋겠죵~~ 그리고 패키지로온 미니산리오백 너무너무 귀여워요~~,https://www.oliveyoung.co.kr/store/goods/getGoodsDetail.do?goodsNo=A000000263569&dispCatNo=100000100010014&trackingCd=Cat100000100010014_Small&t_page=카테고리관&t_click=에센스/세럼/앰플_전체__상품상세&t_number=14
[NEW/수분홀딩] 라운드랩 자작나무 수분 드롭 세럼 50ml 기획 (+크림 20ml),5,230,없음,원래 자작나무 세럼이 진짜 물같은 제형으로 투명했었는데 이번에 좀 더 무겁게 바뀌었더라고요! 깔때 뚜껑이 넘 빡빡해서 놀랐어요 밀봉 잘 되어있어 좋네요 수분을 더 확실히 채워주는 느낌입니다 ㅎㅎ 자작나무 라인은 믿고 써요 성분도 순하고 안심됩니다,https://www.oliveyoung.co.kr/store/goods/getGoodsDetail.do?goodsNo=A000000263178&dispCatNo=100000100010014&trackingCd=Cat100000100010014_Small&t_page=카테고리관&t_click=에센스/세럼/앰플_전체__상품상세&t_number=18
[NEW/수분홀딩] 라운드랩 자작나무 수분 드롭 세럼 50ml 기획 (+크림 20ml),5,230,지성,병이 푸른색이라 일단 눈이 청량해지고 젤형은 뿌리면 너무 물처럼은 아니지만 부드럽게 흐르는정도. 그리고 향은 거의 없다고 봐도 될 거 같아요. 바르고 나면 또 금방 흡수가 빠른편이라 바로 다른물건을 집거나 일을 할때도 방해가 안될거 같아요.,https://www.oliveyoung.co.kr/store/goods/getGoodsDetail.do?goodsNo=A000000263178&dispCatNo=100000100010014&trackingCd=Cat100000100010014_Small&t_page=카테고리관&t_click=에센스/세럼/앰플_전체__상품상세&t_number=18
[NEW/수분홀딩] 라운드랩 자작나무 수분 드롭 세럼 50ml 기획 (+크림 20ml),5,230,지성,"지성 피부라서 수분 세럼, 앰플들 이것저것 많이 써봤지만 수분감만 느껴지고 바르고 나면 너무 건조하고 보습감이 아쉽던데 요거 드롭 세럼은 수분감, 보습감 알맞게? 채워주는 느낌이 들어서 간만에 마음에 드는 세럼인 듯 하네요👍🏻 방울방울 맺히듯 스며들고, 흡수되고 나서도 끈적이지 않고 피부 속이 쫀쫀하게 찬 느낌이라서 습한 요즘에 2겹 정도만 레이어링하고 마무리해줘도 건조하지 않아서 만족스럽게 잘 쓰고 있어요☺️ 자작나무 수분 크림도 같이 써봤는데 세럼이랑 크림 같이 사용하니 쫀쫀하니 보습감 만족스럽습니다~",https://www.oliveyoung.co.kr/store/goods/getGoodsDetail.do?goodsNo=A000000263178&dispCatNo=100000100010014&trackingCd=Cat100000100010014_Small&t_page=카테고리관&t_click=에센스/세럼/앰플_전체__상품상세&t_number=18
[NEW/수분홀딩] 라운드랩 자작나무 수분 드롭 세럼 50ml 기획 (+크림 20ml),5,230,건성,흡수력이 굉장히 좋은 세럼이에요 바르고 살짝 두드리니 수분감만남기고 흡수되네요 건성이신분들은 두번정도 레이어링하거나 기능성앰플 섞어서 사용하시는걸 추천드려요 유분기없는 산뜻발림감이라 모든피부가 사용해도 만족스러울듯합니다💕,https://www.oliveyoung.co.kr/store/goods/getGoodsDetail.do?goodsNo=A000000263178&dispCatNo=100000100010014&trackingCd=Cat100000100010014_Small&t_page=카테고리관&t_click=에센스/세럼/앰플_전체__상품상세&t_number=18
[NEW/수분홀딩] 라운드랩 자작나무 수분 드롭 세럼 50ml 기획 (+크림 20ml),5,230,복합성,요제품은 24시간 속건조를 잡아준다고 해서 구매를 해봤어요 더운날씨에도 건조함이 느껴질때가 있어서 끈저임없고 흡수도 빠른 제품을 찾다가 구매를 하게 되었어요ㅎ 향은 거의없는듯하고 주르륵 흐르는 제형인데 흡수가 빠르고 바로 촉촉함이 느껴지네요 화잘먹 세럼으로도 괜찮을듯하고 저녁엔 여러번 레이어링해도 좋을거 같네요👍 열심히 사용후 한달리뷰 남길께요💕,https://www.oliveyoung.co.kr/store/goods/getGoodsDetail.do?goodsNo=A000000263178&dispCatNo=100000100010014&trackingCd=Cat100000100010014_Small&t_page=카테고리관&t_click=에센스/세럼/앰플_전체__상품상세&t_number=18
[NEW/수분홀딩] 라운드랩 자작나무 수분 드롭 세럼 50ml 기획 (+크림 20ml),5,230,복합성,"라운드랩 담당자분께서 이 글을 보신다면 꼭 참고 부탁드립니다. 자작나무 수분 앰플이 단종되고 자작나무 수분 드롭 세럼으로 나왔다고 들었습니다! 기존 가벼운 사용감을 개선하고 PDRN 등을 넣어 수분감을 더 좋게 만든 제품이라고 들었어요. 기존 수분 앰플을 너무 잘쓰고 있었기 때문에(10통 이상 비운 것 같습니다.)리뉴얼 제품도 매우 기대가 됐는데요. 우선 제가 수분앰플을 사랑했던 이유는 수부지 지성에 열감 많은 제 피부에 딱 맞는 가벼운 사용감과 빠른 흡수력으로 여름에 뭘 바르다가 무거워서 다 뱉어내고 기름지는 다른 제품과 달리 몇번을 레이어링해도 촉촉한 제품력 덕분이었습니다! 그런데 이번 제품은 리뉴얼 출시라고 하기엔 전혀 다른 느낌이더라구요..? 물 같은 제형에서 점도 있고 좀 더 유분 있는 사용감으로 바뀌었습니다. 이 제품이 별로라는 게 아니에요. 토*든, 에*네이처 같은 올리브영 인기 수분 앰플과 같은 느낌으로 건성인 분들이 잘 쓰실 것 같습니다. 제품도 충분한 수분감과 보습감을 생각하고 만드신 것 같아요. 그러나 기존 수분 앰플의 물같으면서 수분만 채워주는 촉촉함을 원했던 소비자들은 약간 아쉬울 수 있을 것 같습니다. 차라리 기존 앰플을 단종시키지 않고 따로 냈다면 더 좋았을 것 같아요. 앰플과 세럼은 좀 다른 개념이니까요. 기존 앰플이 아쉬웠던 분들은 너무 물같아서 수분감이 금방 날아간다 라고 하던데 전 오히려 물 같은 제형으로 가볍게 싹 넣어놓고 크림으로 수분감이 날아가지 않게 막아두는걸 좋아했기에 단종에 아쉬움이 생기는 것 같습니다. 담당자님께서 이 리뷰를 보신다면.. 앰플 부활시켜주시고.. 제가 앰플 단종된게 섭섭해서 그렇지 이번 세럼도 좋습니다. 라운드랩 수분라인 원래 잘해요.",https://www.oliveyoung.co.kr/store/goods/getGoodsDetail.do?goodsNo=A000000263178&dispCatNo=100000100010014&trackingCd=Cat100000100010014_Small&t_page=카테고리관&t_click=에센스/세럼/앰플_전체__상품상세&t_number=18
[NEW/수분홀딩] 라운드랩 자작나무 수분 드롭 세럼 50ml 기획 (+크림 20ml),5,230,복합성,라운드랩 예전부터 순하고 수분감 좋기로 유명해서 신상 에센스가 나왔다고 해서 구매하였는데 명성답게 이번 제품도 수분감이 좋네요. 사진처럼 제형이 흘러 내릴 정도로 묽지 않고 점성이 있는 타입이에요 그래서 요즘처럼 간절기에 수부지 타입에게 수분감 잘 채우고 수분지속력도 오래가는 편이라 제격입니다. 겨울에도 오래 유지가 될 지는 잘 모르겠지만 그렇다면 재구매의사 있습니다. 저처럼 수분 부족형 지성 분들은 한 번쯤 써보세요~,https://www.oliveyoung.co.kr/store/goods/getGoodsDetail.do?goodsNo=A000000263178&dispCatNo=100000100010014&trackingCd=Cat100000100010014_Small&t_page=카테고리관&t_click=에센스/세럼/앰플_전체__상품상세&t_number=18
[NEW/수분홀딩] 라운드랩 자작나무 수분 드롭 세럼 50ml 기획 (+크림 20ml),5,230,복합성,크림이랑 있는 기획인데 1만원대 중반이라니 너무 혜자여서 구입했어요 바르자마자 피부에 보습막을 씌워주는 느낌? 수분감도 좋고 보습이 오래가서 좋았어요 너무 끈적이는 마무리감도 아니라 데일리로 바르기 적당했어요 추천합니다! 완전 겨울만 아니면 아무때나 바를 수 있을 것 같아요,https://www.oliveyoung.co.kr/store/goods/getGoodsDetail.do?goodsNo=A000000263178&dispCatNo=100000100010014&trackingCd=Cat100000100010014_Small&t_page=카테고리관&t_click=에센스/세럼/앰플_전체__상품상세&t_number=18
[NEW/수분홀딩] 라운드랩 자작나무 수분 드롭 세럼 50ml 기획 (+크림 20ml),5,230,없음,초5 딸아이 피부가 이제 어린이에서 벗어나서 큰 변화가 생겨 정말 많이 알아보고 라운드랩 제품으로 다 바꾸고 있는 중이라서 하나씩 다 사용해보고 있는 중인데요~ 엄마랑 딸이랑 같이 사용 할 수 있다는 것이 너무 좋네요! 이 자작나무 수분드롭세럼은 걸죽한 제형으로 보이는데 발라보면 가벼운 느낌이면서도 보습이 잘 되어서 신기했어요. 앞으로도 계속 딸아이와 잘 사용할께요♡,https://www.oliveyoung.co.kr/store/goods/getGoodsDetail.do?goodsNo=A000000263178&dispCatNo=100000100010014&trackingCd=Cat100000100010014_Small&t_page=카테고리관&t_click=에센스/세럼/앰플_전체__상품상세&t_number=18
[NEW/수분홀딩] 라운드랩 자작나무 수분 드롭 세럼 50ml 기획 (+크림 20ml),5,230,지성,리뉴얼 전 제품도 잘쓰고 있었는데 새로운 제품도 궁금해서 구입해봤어요~ 제형은 흐르는제형이긴한데 전보다는 조금 덜한느낌이고 촉촉해요~ 토너패드 일주일에 3번정도쓰고 안쓰는날은 이 세럼을 스킨케어 첫단계에 쓰고 있어요~,https://www.oliveyoung.co.kr/store/goods/getGoodsDetail.do?goodsNo=A000000263178&dispCatNo=100000100010014&trackingCd=Cat100000100010014_Small&t_page=카테고리관&t_click=에센스/세럼/앰플_전체__상품상세&t_number=18
[9월올영픽/설윤PICK] 바이오더마 하이드라비오 에센스 로션 200ml 기획 (+펌프용기+파우치) (2609),5,"17,292",없음,집에 피지압출핀셋 있으시죠?? 이걸로 구멍에 넣어서 낚시바늘처럼 걸어서 올리세요!! 그럼 손쉽게 마개가 빠집니다*^^*,https://www.oliveyoung.co.kr/store/goods/getGoodsDetail.do?goodsNo=A000000263073&dispCatNo=100000100010014&trackingCd=Cat100000100010014_Small&t_page=카테고리관&t_click=에센스/세럼/앰플_전체__상품상세&t_number=19
[9월올영픽/설윤PICK] 바이오더마 하이드라비오 에센스 로션 200ml 기획 (+펌프용기+파우치) (2609),5,"17,292",지성,맨날맨날써요 진짜조음.. 이런 타입 지성이 여름에 쓰기엔 너무 과하려나 싶엇는데 아니요?!?!?! 지성도 쓸 수 잇습니다 당신이 서른 넘은 지성인이라면 그냥 사세요 과하지 않을 정도로 촉촉해가지고 이거랑 수분크림 딱 쓰면 너무 좋네요 속건조 잡는데 진짜 ㄹㅈㄷ로 조음ㅠㅠ 그치만 아직도 입구에 고무 마개 못 빼서 미스트로는 못 쓰고 잇습니다 제거가 불량인지뭔지... 안개분사로 써보고 싶은데ㅠ,https://www.oliveyoung.co.kr/store/goods/getGoodsDetail.do?goodsNo=A000000263073&dispCatNo=100000100010014&trackingCd=Cat100000100010014_Small&t_page=카테고리관&t_click=에센스/세럼/앰플_전체__상품상세&t_number=19
[9월올영픽/설윤PICK] 바이오더마 하이드라비오 에센스 로션 200ml 기획 (+펌프용기+파우치) (2609),5,"17,292",복합성,"바이오더마 라이브 방송 때 브랜드 금액을 맞추면서 센터에 들어있는 미니 파우치랑 페이셜 로션 기획세트 안에 들어있는 미니 토트백과 한 세트로 가지고 싶은 물욕에 구입했어요. 이름은 에센스 로션이지만., 같이 들어있는 미스트 펌프로 변경해 토너 단계에서 맨처음 뿌리는 토너로 사용하면 이제 환절기가 되는 가을철에 속건조는 물론 광채까지 챙겨 줄 것 같아 워낙 많은 리뷰 만큼 기대가 되네요.",https://www.oliveyoung.co.kr/store/goods/getGoodsDetail.do?goodsNo=A000000263073&dispCatNo=100000100010014&trackingCd=Cat100000100010014_Small&t_page=카테고리관&t_click=에센스/세럼/앰플_전체__상품상세&t_number=19
[9월올영픽/설윤PICK] 바이오더마 하이드라비오 에센스 로션 200ml 기획 (+펌프용기+파우치) (2609),1,"17,292",없음,"일단, 안개분사 아님!! 불편하게 톡 쏘는 스프레이.. 왜 이런걸 주는지.. 토너에 에센스 약간 섞인 정도라~ 이거 뿌리고, 다른 수분세럼 또 사용 중!",https://www.oliveyoung.co.kr/store/goods/getGoodsDetail.do?goodsNo=A000000263073&dispCatNo=100000100010014&trackingCd=Cat100000100010014_Small&t_page=카테고리관&t_click=에센스/세럼/앰플_전체__상품상세&t_number=19
[9월올영픽/설윤PICK] 바이오더마 하이드라비오 에센스 로션 200ml 기획 (+펌프용기+파우치) (2609),5,"17,292",건성,각질을 정돈하고 피부 결을 매끄럽게 만들어 줘요. 끈적거리는 잔여감 없이 흡수되어 이 위에 메이크업이나 밀도 높은 크림을 얹어도 밀리지 않고 잘 먹어요.,https://www.oliveyoung.co.kr/store/goods/getGoodsDetail.do?goodsNo=A000000263073&dispCatNo=100000100010014&trackingCd=Cat100000100010014_Small&t_page=카테고리관&t_click=에센스/세럼/앰플_전체__상품상세&t_number=19
[9월올영픽/설윤PICK] 바이오더마 하이드라비오 에센스 로션 200ml 기획 (+펌프용기+파우치) (2609),5,"17,292",복합성,속건조 있는 수부지 피부 항상 재구매하는 제품입니다. 속건조에 너무 좋아요. 추천드립니다.,https://www.oliveyoung.co.kr/store/goods/getGoodsDetail.do?goodsNo=A000000263073&dispCatNo=100000100010014&trackingCd=Cat100000100010014_Small&t_page=카테고리관&t_click=에센스/세럼/앰플_전체__상품상세&t_number=19
[9월올영픽/설윤PICK] 바이오더마 하이드라비오 에센스 로션 200ml 기획 (+펌프용기+파우치) (2609),5,"17,292",건성,와 저 열감아토피 가려움건선 알러지 피부로 오랜동안 고생하고 이저저러 제품 다 써보았고 제품선택도 예민 민감해요 어제오늘 쓰면서 오~ 우와~ 오 ~~연신 감탄중이에요 진정효과가 끝내줘요 끈적이지 않는 촉촉함 머에요 와 이제사 이런제품을 만나다니!!!사실 파우치 굿즈에 꽂혀서 금액대조건쿠폰할인도 받고 그래서 구매해 봤는데 효자효자혜자제품 최애제품으로 이제품만 쓸래요,https://www.oliveyoung.co.kr/store/goods/getGoodsDetail.do?goodsNo=A000000263073&dispCatNo=100000100010014&trackingCd=Cat100000100010014_Small&t_page=카테고리관&t_click=에센스/세럼/앰플_전체__상품상세&t_number=19
[9월올영픽/설윤PICK] 바이오더마 하이드라비오 에센스 로션 200ml 기획 (+펌프용기+파우치) (2609),5,"17,292",지성,이름은 에센스로션이지만 그냥 토너 여러번 레이어링해주면 속건조 싹 잡힘 저의 피부: 수부지 민감성 트러블피부 성분중에 나이아신아마이드가 들어있으니 다들 참고하시길 전 민감성이라 자극이 없다고 느껴지진 않음 무엇보다도 증정 파우치 수건 재질이라 여행갈때 너무 유용할 것 같고 생긴 것도 귀여운게 너무 맘에 든다💗💗 근데 펌프용기는 아직도 입구마개를 뜯질 못해서 못쓰는중…,https://www.oliveyoung.co.kr/store/goods/getGoodsDetail.do?goodsNo=A000000263073&dispCatNo=100000100010014&trackingCd=Cat100000100010014_Small&t_page=카테고리관&t_click=에센스/세럼/앰플_전체__상품상세&t_number=19
[9월올영픽/설윤PICK] 바이오더마 하이드라비오 에센스 로션 200ml 기획 (+펌프용기+파우치) (2609),5,"17,292",지성,재구매 바이오더마 하이드로 이거 좋아요. 상품 잘 받아 구매 후기 남깁니다. 배송이 정말 빠르고 포장도 아주 꼼꼼하게 잘 되어서 도착했습니다. 제품을 직접 받아서 사용해 보니 기대 이상으로 품질이 만족스럽네요. 실물이 사진과 거의 동일하고 마감도 깔끔해서 돈이 아깝지 않은 느낌.. 전반적으로 가격 대비 성능이 훌륭해서 만족입니다. 고민 중이신 분들께 적극 추천해 드리고 싶네요. 다음에도 필요한 일 있으면 재구매할 의향 100%입니다.,https://www.oliveyoung.co.kr/store/goods/getGoodsDetail.do?goodsNo=A000000263073&dispCatNo=100000100010014&trackingCd=Cat100000100010014_Small&t_page=카테고리관&t_click=에센스/세럼/앰플_전체__상품상세&t_number=19
[9월올영픽/설윤PICK] 바이오더마 하이드라비오 에센스 로션 200ml 기획 (+펌프용기+파우치) (2609),5,"17,292",없음,파우치까지 근데 파우치 너무 귀염 사이즈네요 예전에 이거 썼었는데 안쓰다가 다시 써봄 좋네요,https://www.oliveyoung.co.kr/store/goods/getGoodsDetail.do?goodsNo=A000000263073&dispCatNo=100000100010014&trackingCd=Cat100000100010014_Small&t_page=카테고리관&t_click=에센스/세럼/앰플_전체__상품상세&t_number=19
[화잘먹/속건조 수분충전] 디마프 히어로 마이 퍼스트 버블세럼 155ml 기획 (+50ml 구성),3,"1,579",없음,"릴스보고 샀습니다. 실험삼아 몇일째 다른기초 다 끊고 디마프 만능기초 앰플 쓰고 원래쓰던 크림 조합으로 아침저녁으로 쓰고 있어요. 바르면 광 장난아니에요, 근데 얼굴이 간지럽네요.. 앰플+크림 조합은 괜찮은데, 만능기초만 바르면 간지러워요ㅠ.. 큰 트러블은 안생기는듯 해서 일단 참고 쓰는중인데 계속 써도될지 의문입니다.. 그리고 본품만 받았을때부터 뿌연상태였는데 정상인가요?? 미니 제품은 오일층이 나눠져있는데 본품은 계속 뿌예서..",https://www.oliveyoung.co.kr/store/goods/getGoodsDetail.do?goodsNo=A000000263028&dispCatNo=100000100010014&trackingCd=Cat100000100010014_Small&t_page=카테고리관&t_click=에센스/세럼/앰플_전체__상품상세&t_number=22
[화잘먹/속건조 수분충전] 디마프 히어로 마이 퍼스트 버블세럼 155ml 기획 (+50ml 구성),4,"1,579",없음,뭘해도 건조하신분들 ㅠㅠㅠ 무조건 이거 써보세요 진짜 10통 넘게사용함 ㅠㅠ,https://www.oliveyoung.co.kr/store/goods/getGoodsDetail.do?goodsNo=A000000263028&dispCatNo=100000100010014&trackingCd=Cat100000100010014_Small&t_page=카테고리관&t_click=에센스/세럼/앰플_전체__상품상세&t_number=22
[화잘먹/속건조 수분충전] 디마프 히어로 마이 퍼스트 버블세럼 155ml 기획 (+50ml 구성),5,"1,579",건성,SNS 에서 광고를 너무 많이 해서 궁금해서 구매해봤어요. 일단 젖은 피부에 사용해도 된다는 점에서 굉장히 만족스러워고 특별한 자극이나 트러블이 나지는 않았습니다. 변성피부인데 새한 후 촉촉하게 관리할 수 있어서 기초템으로 만족스러운 제품이에요. 지금껏 다 쓰면 저는 재구매 할 예정입니다.,https://www.oliveyoung.co.kr/store/goods/getGoodsDetail.do?goodsNo=A000000263028&dispCatNo=100000100010014&trackingCd=Cat100000100010014_Small&t_page=카테고리관&t_click=에센스/세럼/앰플_전체__상품상세&t_number=22
[화잘먹/속건조 수분충전] 디마프 히어로 마이 퍼스트 버블세럼 155ml 기획 (+50ml 구성),5,"1,579",없음,이거 진짜 몇병 공병템인지.. 아직 반 남았지만 세일기간이니까 구매했아요!! 그냥 3초 보습법엔 최고입니다,https://www.oliveyoung.co.kr/store/goods/getGoodsDetail.do?goodsNo=A000000263028&dispCatNo=100000100010014&trackingCd=Cat100000100010014_Small&t_page=카테고리관&t_click=에센스/세럼/앰플_전체__상품상세&t_number=22
[화잘먹/속건조 수분충전] 디마프 히어로 마이 퍼스트 버블세럼 155ml 기획 (+50ml 구성),5,"1,579",건성,옛날에 체험단으로 받고 너무 좋아서 내돈내산했습니다. 여름에 스킨케어로 버블세럼+선에셍스 바르면 가볍고 좋아요!,https://www.oliveyoung.co.kr/store/goods/getGoodsDetail.do?goodsNo=A000000263028&dispCatNo=100000100010014&trackingCd=Cat100000100010014_Small&t_page=카테고리관&t_click=에센스/세럼/앰플_전체__상품상세&t_number=22
[화잘먹/속건조 수분충전] 디마프 히어로 마이 퍼스트 버블세럼 155ml 기획 (+50ml 구성),5,"1,579",건성,"세안 후 가장 먼저 사용하기 좋은 제품이라 꾸준히 사용하고 있어요. 버블 제형이라 피부에 부드럽게 흡수되고 촉촉함이 오래 유지되는 느낌입니다. 무겁거나 끈적이지 않아서 아침, 저녁 모두 부담 없이 사용할 수 있었어요. 사용 후 피부결이 한결 매끈해 보이고 다음 단계 제품도 잘 흡수됩니다. 155ml라 용량도 넉넉해서 매일 사용하기에도 부담이 없네요. 데일리 기초로 사용하기 좋은 세럼이라 다 쓰면 재구매할 생각입니다.",https://www.oliveyoung.co.kr/store/goods/getGoodsDetail.do?goodsNo=A000000263028&dispCatNo=100000100010014&trackingCd=Cat100000100010014_Small&t_page=카테고리관&t_click=에센스/세럼/앰플_전체__상품상세&t_number=22
[화잘먹/속건조 수분충전] 디마프 히어로 마이 퍼스트 버블세럼 155ml 기획 (+50ml 구성),5,"1,579",건성,제가 거품 세럼을 처음 써보는데 진짜 좋네요:: 처음에는 일반 세럼 제형에 익숙해져있으니까 되게 어색하고 이상한 느낌이었는데 지금은 씻고 나오면 첫 기초케어로 발라줍니다 진짜 좋아요 엄청 만족해서 다음에 또 사고싶을 정도 ㅜ 재구매템 인정이에요 진짜,https://www.oliveyoung.co.kr/store/goods/getGoodsDetail.do?goodsNo=A000000263028&dispCatNo=100000100010014&trackingCd=Cat100000100010014_Small&t_page=카테고리관&t_click=에센스/세럼/앰플_전체__상품상세&t_number=22
[화잘먹/속건조 수분충전] 디마프 히어로 마이 퍼스트 버블세럼 155ml 기획 (+50ml 구성),5,"1,579",없음,디마프 세럼은 올영 입점 전부터 사용하던거라 꾸준히 샤용해오고 있는 제품이에요! 세안 후 맨 처음 기초템이에요,https://www.oliveyoung.co.kr/store/goods/getGoodsDetail.do?goodsNo=A000000263028&dispCatNo=100000100010014&trackingCd=Cat100000100010014_Small&t_page=카테고리관&t_click=에센스/세럼/앰플_전체__상품상세&t_number=22
[화잘먹/속건조 수분충전] 디마프 히어로 마이 퍼스트 버블세럼 155ml 기획 (+50ml 구성),4,"1,579",없음,촉촉하니 좋은거같은데 단독으로 쓰기에는 무리가있어요. 이것저것같이 레이어링해주는게좋네요,https://www.oliveyoung.co.kr/store/goods/getGoodsDetail.do?goodsNo=A000000263028&dispCatNo=100000100010014&trackingCd=Cat100000100010014_Small&t_page=카테고리관&t_click=에센스/세럼/앰플_전체__상품상세&t_number=22
[화잘먹/속건조 수분충전] 디마프 히어로 마이 퍼스트 버블세럼 155ml 기획 (+50ml 구성),5,"1,579",없음,디마프 없던 삶으로 돌아갈수 없습니다 ㅜㅜ 인생템 .. 이런 기획 만들어주셔서 감사합니다 .. 항상 큰용량 구매하고 여행용으로 작은것도 구매했었는데 .. 평생 팔아주세요 이 기획 🙌🏻,https://www.oliveyoung.co.kr/store/goods/getGoodsDetail.do?goodsNo=A000000263028&dispCatNo=100000100010014&trackingCd=Cat100000100010014_Small&t_page=카테고리관&t_click=에센스/세럼/앰플_전체__상품상세&t_number=22
[9월 올영픽] 유세린 하이알루론 에피셀린 세럼 30ml 기획 (+진정장벽 마스크팩 1매),5,"1,292",없음,지인 추천으로 알게 된 제품인데 한 번 써보고 효과가 너무 좋아서 쟁여놓고 아껴쓰는 세럼이예요 ㅎㅎ 저는 수부지라 아침에 바르긴 조금 무겁고 기름져서 저녁 나이트케어에 주로 사용해요 쫀득한 질감과 제형이고 잘 발리며 적당히 흡수되고 적당히 막이 형성되서 자는내내 혹은 일어나서 세안 후에도 당김이 1도 없어요 무엇보다도 이 고급진 독일향.. 크 너무 좋아요 매일 듬뿍 바루고 싶지만 가격과 용량때문에 ㅎㅎ 꾸준히 오래 쓰려구요!,https://www.oliveyoung.co.kr/store/goods/getGoodsDetail.do?goodsNo=A000000263014&dispCatNo=100000100010014&trackingCd=Cat100000100010014_Small&t_page=카테고리관&t_click=에센스/세럼/앰플_전체__상품상세&t_number=23
[9월 올영픽] 유세린 하이알루론 에피셀린 세럼 30ml 기획 (+진정장벽 마스크팩 1매),5,"1,292",없음,꾸준히 사용해볼 생각입니다. 자극없이 순하고 쫀득한 느낌이네요.,https://www.oliveyoung.co.kr/store/goods/getGoodsDetail.do?goodsNo=A000000263014&dispCatNo=100000100010014&trackingCd=Cat100000100010014_Small&t_page=카테고리관&t_click=에센스/세럼/앰플_전체__상품상세&t_number=23
[9월 올영픽] 유세린 하이알루론 에피셀린 세럼 30ml 기획 (+진정장벽 마스크팩 1매),2,"1,292",없음,[ 복합성 민감 피부 / 23-25호 겨울쿨톤 / 20대 후반 ] 주름탄력 기대해서 거금 들여 써봤는데 옛날 영양크림 특유의 강한 향과 뻑뻑한 발림성이 아쉬움. 피부에 겉돌면서 흡수도 더뎌서 밀림 현상이 있음. 사용감의 불편함을 감수할 만큼의 확실한 탄력 개선 효과는 체감하기 힘듦. 비싼 가격 대비 전체적인 만족도가 떨어짐. 비추템.,https://www.oliveyoung.co.kr/store/goods/getGoodsDetail.do?goodsNo=A000000263014&dispCatNo=100000100010014&trackingCd=Cat100000100010014_Small&t_page=카테고리관&t_click=에센스/세럼/앰플_전체__상품상세&t_number=23
[9월 올영픽] 유세린 하이알루론 에피셀린 세럼 30ml 기획 (+진정장벽 마스크팩 1매),5,"1,292",없음,유세린 제품을 3년 이상 쓰고 있습니다. 가격 대비 40대 이상이 쓰기 좋은 것 같아요 특히 지성피부는 보습 주름에 좋은 국산 화장품 중 유명템들이 기름져서 부담스러웠었는데 유세린은 지성 피부에 좋은 것 같아요 저는 저녁에만 에피세린 세럼을 바르고 있어서 밀리는 것은 모르겠습니다 아침에 광채까진 아니어도 푸석푸석한 느낌은 사라졌어요,https://www.oliveyoung.co.kr/store/goods/getGoodsDetail.do?goodsNo=A000000263014&dispCatNo=100000100010014&trackingCd=Cat100000100010014_Small&t_page=카테고리관&t_click=에센스/세럼/앰플_전체__상품상세&t_number=23
[9월 올영픽] 유세린 하이알루론 에피셀린 세럼 30ml 기획 (+진정장벽 마스크팩 1매),5,"1,292",없음,엄청 유명한 유세린 제품인데 구매했습니다. 잘 쓸게요 ㅎㅎ,https://www.oliveyoung.co.kr/store/goods/getGoodsDetail.do?goodsNo=A000000263014&dispCatNo=100000100010014&trackingCd=Cat100000100010014_Small&t_page=카테고리관&t_click=에센스/세럼/앰플_전체__상품상세&t_number=23
[9월 올영픽] 유세린 하이알루론 에피셀린 세럼 30ml 기획 (+진정장벽 마스크팩 1매),5,"1,292",없음,부모님께사드렸는데 너무좋아하시네요 ㅎㅎㅎ 효과좋으면 또 구매할게요,https://www.oliveyoung.co.kr/store/goods/getGoodsDetail.do?goodsNo=A000000263014&dispCatNo=100000100010014&trackingCd=Cat100000100010014_Small&t_page=카테고리관&t_click=에센스/세럼/앰플_전체__상품상세&t_number=23
[9월 올영픽] 유세린 하이알루론 에피셀린 세럼 30ml 기획 (+진정장벽 마스크팩 1매),5,"1,292",지성,🤍유세린 하이알루론 에피셀린 세럼 홈스테틱 기획🤍 유세린 광고로만 항상 접하다가 할인 증정행사 할때 구매했어요~! 나이트크림도 같이 구매를 했는데 세럼이랑 꾸준히 잘 사용해볼게용 :) 🤍한달사용후기🤍 피부가 쫀쫀해지는게 느껴져서 마음에 들어요 :),https://www.oliveyoung.co.kr/store/goods/getGoodsDetail.do?goodsNo=A000000263014&dispCatNo=100000100010014&trackingCd=Cat100000100010014_Small&t_page=카테고리관&t_click=에센스/세럼/앰플_전체__상품상세&t_number=23
[9월 올영픽] 유세린 하이알루론 에피셀린 세럼 30ml 기획 (+진정장벽 마스크팩 1매),4,"1,292",없음,순한건 모르겠구.. 좋다고 하니 사봤는데... 더 써봐야 알겠슴..,https://www.oliveyoung.co.kr/store/goods/getGoodsDetail.do?goodsNo=A000000263014&dispCatNo=100000100010014&trackingCd=Cat100000100010014_Small&t_page=카테고리관&t_click=에센스/세럼/앰플_전체__상품상세&t_number=23
[9월 올영픽] 유세린 하이알루론 에피셀린 세럼 30ml 기획 (+진정장벽 마스크팩 1매),5,"1,292",없음,어머니 사드렸는데 쓰고 주름이 옅어졌다고 하셔서 좋아하셨어요!,https://www.oliveyoung.co.kr/store/goods/getGoodsDetail.do?goodsNo=A000000263014&dispCatNo=100000100010014&trackingCd=Cat100000100010014_Small&t_page=카테고리관&t_click=에센스/세럼/앰플_전체__상품상세&t_number=23
[9월 올영픽] 유세린 하이알루론 에피셀린 세럼 30ml 기획 (+진정장벽 마스크팩 1매),3,"1,292",없음,이상없이 잘 받았어요!! 만족합니다 좋아요!! 꾸준하게 써보려고 합니다,https://www.oliveyoung.co.kr/store/goods/getGoodsDetail.do?goodsNo=A000000263014&dispCatNo=100000100010014&trackingCd=Cat100000100010014_Small&t_page=카테고리관&t_click=에센스/세럼/앰플_전체__상품상세&t_number=23
[썸머썸머PICK/9월 올영픽] 유세린 티아미돌 부스터 세럼 30ml 기획 (+광채 세럼 7ml),5,868,복합성,✔️가격 값 하는 고기능 앰플 💛앰플 여러 개 써봤는데 해당 제품이 확실히 수분감 충전이 잘되는 것 같아요 꾸덕하지는 않지만 수분감이 많이 충전되는 느낌이예요,https://www.oliveyoung.co.kr/store/goods/getGoodsDetail.do?goodsNo=A000000263011&dispCatNo=100000100010014&trackingCd=Cat100000100010014_Small&t_page=카테고리관&t_click=에센스/세럼/앰플_전체__상품상세&t_number=24
[썸머썸머PICK/9월 올영픽] 유세린 티아미돌 부스터 세럼 30ml 기획 (+광채 세럼 7ml),5,868,없음,배송 빠르게 왔고요. 처음구매한 제품인데 라이브에서 좋다고 해서 혹해서 구매했네요.^^ 몆일 써봤는데 민감한분들도 사용 괞찬고 아직은 좋은줄 모르겠네요. 더써보고 효과 있으면 좋겠네요.~~ 좋으면 또 구매할께요.,https://www.oliveyoung.co.kr/store/goods/getGoodsDetail.do?goodsNo=A000000263011&dispCatNo=100000100010014&trackingCd=Cat100000100010014_Small&t_page=카테고리관&t_click=에센스/세럼/앰플_전체__상품상세&t_number=24
[썸머썸머PICK/9월 올영픽] 유세린 티아미돌 부스터 세럼 30ml 기획 (+광채 세럼 7ml),5,868,복합성,독점 미백 특허 성분인 티아미돌이 함유되어 있다고해서 궁금했었는데 끈적임이나 겉도는 느낌없이 흡주도 잘되고 밀리지 않아서 만족하는 제품입니다 향이 조금 진한 편이지만 성분이 꽤 마음에 들고 효과도 있는 느낌이라잘 쓰고 있어요,https://www.oliveyoung.co.kr/store/goods/getGoodsDetail.do?goodsNo=A000000263011&dispCatNo=100000100010014&trackingCd=Cat100000100010014_Small&t_page=카테고리관&t_click=에센스/세럼/앰플_전체__상품상세&t_number=24
[썸머썸머PICK/9월 올영픽] 유세린 티아미돌 부스터 세럼 30ml 기획 (+광채 세럼 7ml),5,868,없음,워낙 엄마가 좋아하는 브랜드라 선물롣 드렸는데 잘 쓰시네여 효녀완,https://www.oliveyoung.co.kr/store/goods/getGoodsDetail.do?goodsNo=A000000263011&dispCatNo=100000100010014&trackingCd=Cat100000100010014_Small&t_page=카테고리관&t_click=에센스/세럼/앰플_전체__상품상세&t_number=24
[썸머썸머PICK/9월 올영픽] 유세린 티아미돌 부스터 세럼 30ml 기획 (+광채 세럼 7ml),5,868,건성,제형이 부드럽고 빠르게 스며들면서 촉촉한 편이라 건성피부도 사용하기 좋아요. 사용 후 피부 결이 좀 정돈되면서 윤광이 돌아서 좋았었고 꾸준히 써보니 피부톤이 맑아지고 환해진게 느껴져서 저는 만족하면서 잘 사용 중입니다. 사용하시면서 선크림 꼼꼼하게 같이 발라주세요. 마무리 시 끈적임도 없어서 지복합성 피부도 잘 사용할 수 있을 것 같습니다.,https://www.oliveyoung.co.kr/store/goods/getGoodsDetail.do?goodsNo=A000000263011&dispCatNo=100000100010014&trackingCd=Cat100000100010014_Small&t_page=카테고리관&t_click=에센스/세럼/앰플_전체__상품상세&t_number=24
[썸머썸머PICK/9월 올영픽] 유세린 티아미돌 부스터 세럼 30ml 기획 (+광채 세럼 7ml),5,868,건성,왜 소문난 품절 대란템인지 써보고 바로 이해했어요! 촉촉하고 부드럽게 흡수되는 텍스처인데 피부 결이 매끄러워지고 칙칙했던 피부 톤이 전체적으로 맑아지는 게 느껴집니다. 자극 없이 순해서 자국이나 잡티 케어용으로 아침저녁 꾸준히 바르고 있어요!,https://www.oliveyoung.co.kr/store/goods/getGoodsDetail.do?goodsNo=A000000263011&dispCatNo=100000100010014&trackingCd=Cat100000100010014_Small&t_page=카테고리관&t_click=에센스/세럼/앰플_전체__상품상세&t_number=24
[썸머썸머PICK/9월 올영픽] 유세린 티아미돌 부스터 세럼 30ml 기획 (+광채 세럼 7ml),5,868,건성,처음에 바르면 자극은 있지만 조금 있으면 괜찮아져서 잘 바르고 있어요~,https://www.oliveyoung.co.kr/store/goods/getGoodsDetail.do?goodsNo=A000000263011&dispCatNo=100000100010014&trackingCd=Cat100000100010014_Small&t_page=카테고리관&t_click=에센스/세럼/앰플_전체__상품상세&t_number=24
[썸머썸머PICK/9월 올영픽] 유세린 티아미돌 부스터 세럼 30ml 기획 (+광채 세럼 7ml),5,868,복합성,유세린 제품을 좋아하는데 유세리답게 향이 좀 있는편이예요 가벼운 발림성이고 자극적이지 않고 무난하게 사용하기 좋았어요 티아미놀 성분이 미백에 도움을 준다고해서 꾸준히 사용해보려해요,https://www.oliveyoung.co.kr/store/goods/getGoodsDetail.do?goodsNo=A000000263011&dispCatNo=100000100010014&trackingCd=Cat100000100010014_Small&t_page=카테고리관&t_click=에센스/세럼/앰플_전체__상품상세&t_number=24
[썸머썸머PICK/9월 올영픽] 유세린 티아미돌 부스터 세럼 30ml 기획 (+광채 세럼 7ml),5,868,복합성,"추천받고 산 제품이예요! 마침 올영세일 때 잘 구매했고, 피부결에 좋은 제품인것 같아요. 꾸준히 사용해보겠습니다.",https://www.oliveyoung.co.kr/store/goods/getGoodsDetail.do?goodsNo=A000000263011&dispCatNo=100000100010014&trackingCd=Cat100000100010014_Small&t_page=카테고리관&t_click=에센스/세럼/앰플_전체__상품상세&t_number=24
[썸머썸머PICK/9월 올영픽] 유세린 티아미돌 부스터 세럼 30ml 기획 (+광채 세럼 7ml),5,868,없음,얼른 하얘지고싶어요.. 믿고구매합니다ㅎㅎㅎ 효과좋으면 또구매해야겠어요,https://www.oliveyoung.co.kr/store/goods/getGoodsDetail.do?goodsNo=A000000263011&dispCatNo=100000100010014&trackingCd=Cat100000100010014_Small&t_page=카테고리관&t_click=에센스/세럼/앰플_전체__상품상세&t_number=24
더마팩토리 나이아신아마이드 20% 세럼 30ml,1,"18,772",없음,저렴해서 바디용으로 구매했었는대 이제는 구매안할듯 좌파기업 ㅋㅋ,https://www.oliveyoung.co.kr/store/goods/getGoodsDetail.do?goodsNo=A000000225217&dispCatNo=100000100010014&trackingCd=Cat100000100010014_Small&t_page=카테고리관&t_click=에센스/세럼/앰플_전체__상품상세&t_number=1
더마팩토리 나이아신아마이드 20% 세럼 30ml,1,"18,772",건성,가성비 좋고 나이아신아마이드 제품이라 피부에 좋은 거 같아서 구매했어요. 제 피부에는 안 맞는지 트러블이 나서 사용 중단했어요. 다른 제품이란 섞어서 소량으로 재사용해봤는데 맞지않네요. 남은 용량은 바디용으로 사용해야할 거 같아요.,https://www.oliveyoung.co.kr/store/goods/getGoodsDetail.do?goodsNo=A000000225217&dispCatNo=100000100010014&trackingCd=Cat100000100010014_Small&t_page=카테고리관&t_click=에센스/세럼/앰플_전체__상품상세&t_number=1
더마팩토리 나이아신아마이드 20% 세럼 30ml,5,"18,772",복합성,더마팩토리 나이아신아마이드 한 달 사용 후기 가격이 너무 저렴해서 큰 기대 없이 써봤는데 생각보다 괜찮아서 놀랐어요ㅎㅎ 복합성 피부라 오후만 되면 피지가 신경 쓰였는데 꾸준히 사용하니까 확실히 유분감이 덜 올라오는 느낌이었어요. 피부결도 전보다 매끈해진 것 같아서 요즘은 데일리로 챙겨 바르는 중! 무엇보다 이 가격에 이 정도 사용감이면 부담 없이 꾸준히 쓰기 좋은 것 같아요. 딱히 아쉬운 점 없이 만족해서 다 쓰면 또 구매할 것 같습니다 :),https://www.oliveyoung.co.kr/store/goods/getGoodsDetail.do?goodsNo=A000000225217&dispCatNo=100000100010014&trackingCd=Cat100000100010014_Small&t_page=카테고리관&t_click=에센스/세럼/앰플_전체__상품상세&t_number=1
더마팩토리 나이아신아마이드 20% 세럼 30ml,5,"18,772",없음,얼굴에 사용 안하고 바디에 사용해용 바디로션이랑 섞어서 미백에 도움주려고 샀어용,https://www.oliveyoung.co.kr/store/goods/getGoodsDetail.do?goodsNo=A000000225217&dispCatNo=100000100010014&trackingCd=Cat100000100010014_Small&t_page=카테고리관&t_click=에센스/세럼/앰플_전체__상품상세&t_number=1
더마팩토리 나이아신아마이드 20% 세럼 30ml,5,"18,772",없음,"몇일전에 샀는데,,,올영세일로 가격 급하강했네여ㅠㅠㅠ 살짝 아쉽지만 더마팩토리는 성분 좋고 가성비 좋아서 늘쓰고있어요! 요건 미백에 좋다해서 구매했는데 들뜸없고 제형도 촉촉해서 좋아오",https://www.oliveyoung.co.kr/store/goods/getGoodsDetail.do?goodsNo=A000000225217&dispCatNo=100000100010014&trackingCd=Cat100000100010014_Small&t_page=카테고리관&t_click=에센스/세럼/앰플_전체__상품상세&t_number=1
더마팩토리 나이아신아마이드 20% 세럼 30ml,5,"18,772",복합성,요즘은 얼굴보다 바디로션에 섞어서 필요한 부위에 발라고 있어요.,https://www.oliveyoung.co.kr/store/goods/getGoodsDetail.do?goodsNo=A000000225217&dispCatNo=100000100010014&trackingCd=Cat100000100010014_Small&t_page=카테고리관&t_click=에센스/세럼/앰플_전체__상품상세&t_number=1
더마팩토리 나이아신아마이드 20% 세럼 30ml,5,"18,772",복합성,🤍구매이유 임신하고 겨드랑이 착색이 심해졌는데 이걸로 효과 봤다는 후기를 보고 세일 안해도 저렴한데 세일에 더 저렴이가 되어서 구매해봤어요 🤍제형 묽은 제형인데 흘러내리지는 않아서 바르기 좋았고 마무리감이 끈적임 없이 산뜻해서 편하게 바를 수 있습니당 🤍사용후 일단 매일 꾸준이 발라볼 예정인데 b&a는 한달사용후기에 남겨보도록 할게요!,https://www.oliveyoung.co.kr/store/goods/getGoodsDetail.do?goodsNo=A000000225217&dispCatNo=100000100010014&trackingCd=Cat100000100010014_Small&t_page=카테고리관&t_click=에센스/세럼/앰플_전체__상품상세&t_number=1
더마팩토리 나이아신아마이드 20% 세럼 30ml,5,"18,772",지성,"✔️ 고함량 나이아신아마이드로 피부톤과 피지를 함께 관리하는 세럼 나이아신아마이드를 무려 20% 함유한 고함량 세럼이라 칙칙한 피부톤이나 과도한 피지, 번들거림이 고민일 때 집중적으로 사용하기 좋은 제품이에요. 이것저것 여러 제품을 바르기보다 나이아신아마이드 중심으로 관리하고 싶은 분들에게 잘 맞는 제품입니다. ✔️ 피부톤 케어 (칙칙하고 얼룩덜룩한 피부 관리) 나이아신아마이드는 식약처 고시 미백 기능성 성분으로 사용되는 성분이라 꾸준한 피부톤 관리에 활용하기 좋아요. 단기간에 확 달라지는 제품이라기보다는 매일 스킨케어에 추가해서 피부톤과 피부결을 천천히 관리하는 용도로 사용하기 좋았습니다. ✔️ 피지 관리 (번들거리는 피부에 추천) 보습만을 목적으로 한 세럼과 달리 피지와 번들거림이 신경 쓰이는 피부에 활용하기 좋은 점도 특징이에요. 특히 속은 건조하면서 T존에는 유분이 쉽게 올라오는 복합성 피부라면 필요한 부위를 중심으로 사용하기 괜찮아요. ✔️ 사용 방법 (처음에는 소량부터) 20%라는 높은 함량 때문에 처음부터 많은 양을 매일 바르기보다는 소량으로 시작하는 것을 추천해요. 피부가 적응하는 것을 확인하면서 사용량이나 횟수를 조절하고, 낮에 사용할 때는 자외선 차단제까지 챙겨주는 편이 좋습니다. ✔️ 30ml라 집중 관리하기 적당한 용량 고함량 제품이라 한 번에 많은 양을 사용할 필요가 없어 30ml도 생각보다 오래 사용할 수 있는 편이에요. 얼굴 전체보다는 피지나 피부톤이 고민되는 부위에 소량씩 사용하는 방법도 괜찮습니다. ✔️ 아쉬운 점 나이아신아마이드 20%는 상당히 높은 함량이라 민감한 피부에서는 따가움이나 붉어짐처럼 자극이 느껴질 수 있어요. 처음 사용하는 분이라면 패치 테스트 후 천천히 적응시키는 편이 좋고, 자극이 지속된다면 사용을 중단하는 것이 좋습니다. ✔️ 총평 저함량 나이아신아마이드 제품이 아쉽고 피부톤·피지 관리를 조금 더 집중적으로 하고 싶은 분들에게 적합한 세럼이에요. 20% 고함량이라는 확실한 특징이 있는 만큼 무조건 많이 바르기보다는 피부 상태에 맞춰 적당량을 사용하는 것이 중요한 제품이라고 생각해요.",https://www.oliveyoung.co.kr/store/goods/getGoodsDetail.do?goodsNo=A000000225217&dispCatNo=100000100010014&trackingCd=Cat100000100010014_Small&t_page=카테고리관&t_click=에센스/세럼/앰플_전체__상품상세&t_number=1
더마팩토리 나이아신아마이드 20% 세럼 30ml,5,"18,772",건성,"한 달 내내 매일 밤 발라줬더니 얼룩덜룩했던 피부 톤이 전체적으로 맑아지고 정돈된 느낌이에요. 고함량이라 처음엔 적응 기간을 뒀는데, 피부에 잘 맞아서 지금은 아주 만족하며 쓰고 있습니다. 유분기도 잘 잡아줘서 여름철 피지 관리에도 도움이 많이 됐어요. 가성비 좋은 미백·결 케어 세럼으로 만족스럽습니다.",https://www.oliveyoung.co.kr/store/goods/getGoodsDetail.do?goodsNo=A000000225217&dispCatNo=100000100010014&trackingCd=Cat100000100010014_Small&t_page=카테고리관&t_click=에센스/세럼/앰플_전체__상품상세&t_number=1
더마팩토리 나이아신아마이드 20% 세럼 30ml,5,"18,772",복합성,나이아신아마이드 함량이 높아서 혹시 자극적이거나 따가울 수도 있을 거라 생각했는데 저는 민감성 피부인데도 전혀 자극 없이 잘 맞았습니다. 가격도 저렴하고 사용감도 나쁘지 않아서 여기 저기 잘 사용하고 있는 제품이에요. 바디 로션에도 섞어서 몸에도 바르고 있어요. 나이아신아마이드와 함께 더마팩토리 비타민C도 같이 쓰고 있는데 피부가 전체적으로 밝아졌! 으면 좋겠지만 솔직히 그 정도는 아니고 일단 열심히 쓰고 있어요. 더마팩토리 제품들이 대부분 가격 대비해서 품질이 괜찮은 거 같아요. 어차피 중요한 건 핵심 성분인데 비싼 제품 바른다고 해서 효능에 큰 차이가 있지는 않더라구요.,https://www.oliveyoung.co.kr/store/goods/getGoodsDetail.do?goodsNo=A000000225217&dispCatNo=100000100010014&trackingCd=Cat100000100010014_Small&t_page=카테고리관&t_click=에센스/세럼/앰플_전체__상품상세&t_number=1
[9월 올영픽/산리오캐릭터즈 콜라보] 아누아 피디알엔 히알루론산 캡슐 100 세럼 30ml 더블기획(+시나모롤 파우치),5,"24,062",복합성,"[ 구매리뷰 ] 🛍️ 더블 기획 아누아 세럼 🙋‍♀️ 수부지 / 좁쌀 / 여름 홍조 / 솜털 많은 피부 🫧[ 제형 ] - 세럼이라서 앰플처럼 무겁지 않습니다. 조금 더 가볍고 물 흐르듯이 주르륵 흐르는 제형. 앰플에 익숙한 사람이라 처음 사용할 때 죽 흘렸습니다... 고개 약간 처들고 이마, 볼, 코, 턱 부위마다 두방울씩 떨구고 문지르고 넘어가면서 바르면 안 흐르고 적당한 양으로 바를 수 있어요. 🫧[ 수분감 ] - 뭔가 신기한 느낌이에요. 세럼이고 갑볍고 물같은데, 피부에 문대면 또 앰플같고 오일같고(p) 한 느낌입니다. 미끄러운 느낌 같으면서도 이게 오일처럼 잔여감이 남는게 아니라 싹 흡수돼요. 그러면서도 날아근 수분감이 아니라 속피부 수분감을 잡아줘서 진짜 피부가 쫀쫀해져요. 🫧[ 향 ] - 향은 딱히 없는 것 같아요. 거슬리는 것 없었습니다. 🫧[ 자극감 ] - 트러블 나서 짰거나, 좁쌀 건드렸거나, 피부 예민하거나 할 때 바르면 진짜 개 따 갑 습니다. 솔직히 예민한 피부에 맞는 것 같지는 않습니다. 근데 바르면 애기궁둥이 됨+더블 기획이라 모른 척 사용중이에요. 피부 민감하신 분들은 참고하시길... 🫧[ 기타 ] - 한여름엔 안맞았는데 또 조금 시원해니까 잘맞아요. 계절감도 좀 타는 듯. ⭐️총평 • 기능성 제품이라 민감성 피부에는 자극감 있음. 바르면 피부가 오일크림 바른듯 부들부들해짐. 속수분감 잘 잡아줌.",https://www.oliveyoung.co.kr/store/goods/getGoodsDetail.do?goodsNo=A000000262602&dispCatNo=100000100010014&trackingCd=Cat100000100010014_Small&t_page=카테고리관&t_click=에센스/세럼/앰플_전체__상품상세&t_number=2
[9월 올영픽/산리오캐릭터즈 콜라보] 아누아 피디알엔 히알루론산 캡슐 100 세럼 30ml 더블기획(+시나모롤 파우치),1,"24,062",없음,"하... 이거 너무 별론데 왜이렇게 광고 많이 하시는지... 그냥 기름이에요. 겉만 번들거리기만 하고 성분도 안좋음 쓰고나서 바로 피부 뒤집어졌어요. 여러분은 돈아끼세요,,",https://www.oliveyoung.co.kr/store/goods/getGoodsDetail.do?goodsNo=A000000262602&dispCatNo=100000100010014&trackingCd=Cat100000100010014_Small&t_page=카테고리관&t_click=에센스/세럼/앰플_전체__상품상세&t_number=2
[9월 올영픽/산리오캐릭터즈 콜라보] 아누아 피디알엔 히알루론산 캡슐 100 세럼 30ml 더블기획(+시나모롤 파우치),5,"24,062",복합성,anua계속쓰고있어요! 피부광나오고 멕업안하고 선크림만 사용할때도 피부 좋아보여요!,https://www.oliveyoung.co.kr/store/goods/getGoodsDetail.do?goodsNo=A000000262602&dispCatNo=100000100010014&trackingCd=Cat100000100010014_Small&t_page=카테고리관&t_click=에센스/세럼/앰플_전체__상품상세&t_number=2
[9월 올영픽/산리오캐릭터즈 콜라보] 아누아 피디알엔 히알루론산 캡슐 100 세럼 30ml 더블기획(+시나모롤 파우치),5,"24,062",건성,짱좋아요 엄청 많이 쓰는중 근데 가성비는 떨어져요 ㅎㅎ ㅜㅜ,https://www.oliveyoung.co.kr/store/goods/getGoodsDetail.do?goodsNo=A000000262602&dispCatNo=100000100010014&trackingCd=Cat100000100010014_Small&t_page=카테고리관&t_click=에센스/세럼/앰플_전체__상품상세&t_number=2
[9월 올영픽/산리오캐릭터즈 콜라보] 아누아 피디알엔 히알루론산 캡슐 100 세럼 30ml 더블기획(+시나모롤 파우치),4,"24,062",없음,워낙 광고도 많이하고 많이 떠서 구매하긴 했지만 갠적으로 PDRN 효과가 뛰어난거는 모르겠다 그냥 물같은 제형이고 거기에 생각보다 유분감은 있어서 수부지 기준으로는 너무 막 바르면 좁쌀이 난다 근데 양조절하면 화잘먹 앰플은 인정합니다 최고는 아니지만 그럭저럭인 앰플,https://www.oliveyoung.co.kr/store/goods/getGoodsDetail.do?goodsNo=A000000262602&dispCatNo=100000100010014&trackingCd=Cat100000100010014_Small&t_page=카테고리관&t_click=에센스/세럼/앰플_전체__상품상세&t_number=2
[9월 올영픽/산리오캐릭터즈 콜라보] 아누아 피디알엔 히알루론산 캡슐 100 세럼 30ml 더블기획(+시나모롤 파우치),1,"24,062",없음,바이럴이 너무 심해요 그냥 기름을 녹인 찡뜩찐득한 새럼을 바르는것같아여 비추입니다……..,https://www.oliveyoung.co.kr/store/goods/getGoodsDetail.do?goodsNo=A000000262602&dispCatNo=100000100010014&trackingCd=Cat100000100010014_Small&t_page=카테고리관&t_click=에센스/세럼/앰플_전체__상품상세&t_number=2
[9월 올영픽/산리오캐릭터즈 콜라보] 아누아 피디알엔 히알루론산 캡슐 100 세럼 30ml 더블기획(+시나모롤 파우치),4,"24,062",없음,가격 빼고 모두 좋은 제품.. 이 제품에 피디알엔 개 쪼꼼 들어간 거 모르는 사람 없잖아요? 근데 제형이 건성한테 너무 찰떡이라 잘 쓰는데 가격은 왤케 비싼 것임 ? 좋은 성분 많이 안 들었잖아여;;; 그래도 미1친 건성인 저한테는 필수품입니다,https://www.oliveyoung.co.kr/store/goods/getGoodsDetail.do?goodsNo=A000000262602&dispCatNo=100000100010014&trackingCd=Cat100000100010014_Small&t_page=카테고리관&t_click=에센스/세럼/앰플_전체__상품상세&t_number=2
[9월 올영픽/산리오캐릭터즈 콜라보] 아누아 피디알엔 히알루론산 캡슐 100 세럼 30ml 더블기획(+시나모롤 파우치),5,"24,062",복합성,"세럼은 어무니가지고 파우치는 제꺼예요 파우치맘이들어요 생각보다 커요 세럼 딱 두개 들어 갈정도. 틴트 5개넣어두댐 굿,",https://www.oliveyoung.co.kr/store/goods/getGoodsDetail.do?goodsNo=A000000262602&dispCatNo=100000100010014&trackingCd=Cat100000100010014_Small&t_page=카테고리관&t_click=에센스/세럼/앰플_전체__상품상세&t_number=2
[9월 올영픽/산리오캐릭터즈 콜라보] 아누아 피디알엔 히알루론산 캡슐 100 세럼 30ml 더블기획(+시나모롤 파우치),5,"24,062",복합성,"* 수부지, 평소 손등 테스트 해 보고 유분감 느껴지면 안 쓰는 사람 * 1. 수분 세럼이라 자극감 1도 없음 2. 왜 화장 전에 발라주는 걸로 좋다고 바이럴 하는지 써 보니까 느껴짐 3. 가볍고 여러 번 레이어링 해 주기 좋음, 여름보단 겨울 추천 4. 앰플이 아니라 세럼인 거 치고는 줄줄 흐르는 맑은 콧물 제형 이거 아니어도 수분 세럼, 앰플 많아서 솔직히 안 사도 됐었는데 시나모롤 때문에 구매함... 근데 만족함!",https://www.oliveyoung.co.kr/store/goods/getGoodsDetail.do?goodsNo=A000000262602&dispCatNo=100000100010014&trackingCd=Cat100000100010014_Small&t_page=카테고리관&t_click=에센스/세럼/앰플_전체__상품상세&t_number=2
[9월 올영픽/산리오캐릭터즈 콜라보] 아누아 피디알엔 히알루론산 캡슐 100 세럼 30ml 더블기획(+시나모롤 파우치),5,"24,062",없음,일주일 동안 사용해 봤는데 화장 잘먹고 촉촉해요. 유명해서 사봤는데 마음에 들어요,https://www.oliveyoung.co.kr/store/goods/getGoodsDetail.do?goodsNo=A000000262602&dispCatNo=100000100010014&trackingCd=Cat100000100010014_Small&t_page=카테고리관&t_click=에센스/세럼/앰플_전체__상품상세&t_number=2
[단독기획/모공탄력] 셀리맥스 더 비타 A 레티날 샷 타이트닝 부스터 15ml 기획(+3ml),4,"4,160",복합성,이거 유명해서 산건데 솔직히 효과를 모르겠슨. 바를 때 자극 느꺄짐,https://www.oliveyoung.co.kr/store/goods/getGoodsDetail.do?goodsNo=A000000250199&dispCatNo=100000100010014&trackingCd=Cat100000100010014_Small&t_page=카테고리관&t_click=에센스/세럼/앰플_전체__상품상세&t_number=3
[단독기획/모공탄력] 셀리맥스 더 비타 A 레티날 샷 타이트닝 부스터 15ml 기획(+3ml),5,"4,160",복합성,💛 셀리맥스 더 비타 A 레티날 샷 타이트닝 부스터 레티날을 활용해 탄력·모공·피부결을 집중 케어하는 타이트닝 부스터예요.,https://www.oliveyoung.co.kr/store/goods/getGoodsDetail.do?goodsNo=A000000250199&dispCatNo=100000100010014&trackingCd=Cat100000100010014_Small&t_page=카테고리관&t_click=에센스/세럼/앰플_전체__상품상세&t_number=3
[단독기획/모공탄력] 셀리맥스 더 비타 A 레티날 샷 타이트닝 부스터 15ml 기획(+3ml),5,"4,160",지성,레티놀 쓰다가 더 강한게 쓰고싶어서 사용중이에요 확실히 자극은 레티놀보다 강한데 그만큼 효과도 조아요 쓴 다음 날 피부 맨들해진 대신 본인 피부상태에 맞게 양조절 잘해야해요 첨에는 콩알만큼 바르고 점점 양을 늘려가면 되는데 재생크림이랑 같이 바르면 조하요,https://www.oliveyoung.co.kr/store/goods/getGoodsDetail.do?goodsNo=A000000250199&dispCatNo=100000100010014&trackingCd=Cat100000100010014_Small&t_page=카테고리관&t_click=에센스/세럼/앰플_전체__상품상세&t_number=3
[단독기획/모공탄력] 셀리맥스 더 비타 A 레티날 샷 타이트닝 부스터 15ml 기획(+3ml),5,"4,160",건성,레티놀 레티날 둘다 아주 좋아해요 이미 자극에 적응된 얼굴이라 큰 자극은 느껴지지 않았어요 피부과도 정기적으로 다니지만 레티놀 레티날로 관리한 이후 피부 좋아보인다는말 계속 듣는 40대입니다 ㅎㅎ,https://www.oliveyoung.co.kr/store/goods/getGoodsDetail.do?goodsNo=A000000250199&dispCatNo=100000100010014&trackingCd=Cat100000100010014_Small&t_page=카테고리관&t_click=에센스/세럼/앰플_전체__상품상세&t_number=3
[단독기획/모공탄력] 셀리맥스 더 비타 A 레티날 샷 타이트닝 부스터 15ml 기획(+3ml),5,"4,160",건성,"피부결과 모공이 신경 쓰여서 저녁 스킨케어에 집중적으로 사용해봤어요. 제형은 한 번에 많이 바르기보다는 적당량을 덜어 얇게 펴 바르는 방식이 편했습니다. 처음에는 피부 상태를 보면서 사용량과 횟수를 조절했고, 꾸준히 사용하면서 피부결을 관리하는 느낌으로 사용했어요. 사용 후에는 피부가 매끈하게 정돈된 느낌이 들고 다음 날 피부결도 비교적 부드럽게 느껴졌습니다. 레티날 제품을 처음 사용하는 분이라면 무리해서 많이 바르기보다는 소량부터 천천히 사용하는 게 좋을 것 같아요.",https://www.oliveyoung.co.kr/store/goods/getGoodsDetail.do?goodsNo=A000000250199&dispCatNo=100000100010014&trackingCd=Cat100000100010014_Small&t_page=카테고리관&t_click=에센스/세럼/앰플_전체__상품상세&t_number=3
[단독기획/모공탄력] 셀리맥스 더 비타 A 레티날 샷 타이트닝 부스터 15ml 기획(+3ml),5,"4,160",복합성,피부 탄력과 모공떄문에 고민이 많아서 꾸준히 사용중이에요. 바르고 나면 확실히 피부가 좀 쫀쫀?탱탱? 해진 것 같아요~,https://www.oliveyoung.co.kr/store/goods/getGoodsDetail.do?goodsNo=A000000250199&dispCatNo=100000100010014&trackingCd=Cat100000100010014_Small&t_page=카테고리관&t_click=에센스/세럼/앰플_전체__상품상세&t_number=3
[단독기획/모공탄력] 셀리맥스 더 비타 A 레티날 샷 타이트닝 부스터 15ml 기획(+3ml),5,"4,160",지성,"피부결과 모공이 신경 쓰여서 꾸준히 사용해봤는데 생각보다 사용감이 가벼워서 좋았어요. 처음 사용할 때는 피부 상태를 보면서 소량부터 사용했고, 밤 스킨케어 단계에서 얇게 펴 바르니 부담이 적었습니다. 꾸준히 사용하면서 피부 표면이 조금 더 매끈하게 정돈된 느낌이 들었고 화장이 들뜨는 부분도 전보다 덜 신경 쓰였어요. 레티날 제품이라 한 번에 많이 바르기보다는 피부 컨디션에 맞춰 천천히 사용하기 좋다고 느꼈습니다. 추가 3ml가 들어 있는 기획이라 먼저 적은 양으로 적응해보기에도 좋고, 피부결과 탄력 관리에 관심 있는 분들이 꾸준히 사용해보기 좋은 제품 같아요.",https://www.oliveyoung.co.kr/store/goods/getGoodsDetail.do?goodsNo=A000000250199&dispCatNo=100000100010014&trackingCd=Cat100000100010014_Small&t_page=카테고리관&t_click=에센스/세럼/앰플_전체__상품상세&t_number=3
[단독기획/모공탄력] 셀리맥스 더 비타 A 레티날 샷 타이트닝 부스터 15ml 기획(+3ml),5,"4,160",복합성,데일리로 레티놀 바르고 있다가 조금더효과보고 싶어서 레티날 구매해썽용!!,https://www.oliveyoung.co.kr/store/goods/getGoodsDetail.do?goodsNo=A000000250199&dispCatNo=100000100010014&trackingCd=Cat100000100010014_Small&t_page=카테고리관&t_click=에센스/세럼/앰플_전체__상품상세&t_number=3
[단독기획/모공탄력] 셀리맥스 더 비타 A 레티날 샷 타이트닝 부스터 15ml 기획(+3ml),5,"4,160",복합성,레티날 제품 처음 써보는 건 아니지만 이번에 바꿔봤어요 제형이 너무 무겁지 않고 흡수도 빠른 편이라 밤에 바르기 괜찮았고 다음 날 피부가 매끈한 느낌은 있었어요 처음에는 소량씩 사용했는데 자극도 크게 느껴지진 않았음 같이 들어있는 3ml는 여행 갈 때 쓰기 좋을 것 같아요,https://www.oliveyoung.co.kr/store/goods/getGoodsDetail.do?goodsNo=A000000250199&dispCatNo=100000100010014&trackingCd=Cat100000100010014_Small&t_page=카테고리관&t_click=에센스/세럼/앰플_전체__상품상세&t_number=3
[단독기획/모공탄력] 셀리맥스 더 비타 A 레티날 샷 타이트닝 부스터 15ml 기획(+3ml),5,"4,160",지성,"원래 닥터X퍼런X 제품을 쭉 썼었는데 이게 더 저렴하기에 이거 전성분과 기존에 쓰던 제품 전성분, 용량 대비 가격까지 쭉 적어주고 지피티에 비교분석 해달랬더니 기능성으로만 꽉꽉 채운걸 원하면 이제품, 좀 더 피부장벽과 피부보습, 피부에 순하게 먹히는걸 원하면 닥터X퍼런X 제품 추천한다고 해서 저는 순한거따윈 취급 안하는 강철피부이기에 순수 기능만 보고 이걸로 갈아탔습니다ㅋㅋㅋ 한통 다쓰고 두번째 주문인데 한통 다 쓰는동안 딱히 자극이 심하다거나 뭔 일이 생기지 않았어요",https://www.oliveyoung.co.kr/store/goods/getGoodsDetail.do?goodsNo=A000000250199&dispCatNo=100000100010014&trackingCd=Cat100000100010014_Small&t_page=카테고리관&t_click=에센스/세럼/앰플_전체__상품상세&t_number=3
[9월 올영픽] 토리든 다이브인 저분자 히알루론산 세럼 50ml 리필 기획 (+50ml 리필+자석인형) (시나모롤),5,"3,970",복합성,인형 다들 궁금하셨져? 귀여움 자석도 착 붙고 잘안떨어짐 매일 쓰는 세럼이라 다들 아실고같아서 증정품 얘기함!,https://www.oliveyoung.co.kr/store/goods/getGoodsDetail.do?goodsNo=A000000263664&dispCatNo=100000100010014&trackingCd=Cat100000100010014_Small&t_page=카테고리관&t_click=에센스/세럼/앰플_전체__상품상세&t_number=4
[9월 올영픽] 토리든 다이브인 저분자 히알루론산 세럼 50ml 리필 기획 (+50ml 리필+자석인형) (시나모롤),1,"3,970",건성,도대체 용기를 왜 스포이드가 바닥에 안닿게 만들었나요 거꾸로 세럼 빼지도 못하게 위쪽은 평평하게 만든거보면 일부러 다 못쓰고 버리게하려고하는게 대놓고 티나요ㅡㅡ,https://www.oliveyoung.co.kr/store/goods/getGoodsDetail.do?goodsNo=A000000263664&dispCatNo=100000100010014&trackingCd=Cat100000100010014_Small&t_page=카테고리관&t_click=에센스/세럼/앰플_전체__상품상세&t_number=4
[9월 올영픽] 토리든 다이브인 저분자 히알루론산 세럼 50ml 리필 기획 (+50ml 리필+자석인형) (시나모롤),5,"3,970",지성,👆위에 후기 영상 있어용👆 -> 제가 민감성이라서 따갑냐 안따갑냐가 중요한데요 이건 안따갑습니다. 그래서 일단 통과😉 -> 수분앰플이 뭔지 보여줬던 데일리 앰플템 써보시면 알아요. 물제형은 여러번 덧 발라야되서 귀찮은데 이건 지성피부기준 한번으로도 수분감 싹- 진짜 건성들이 쓰시면 너무 만족할거에요! 전 지금도 잘 쓰고 있어요! 👉끈적임 없구요. 데일리로 편하게 쓸 수 있어요! 완전 강츄!,https://www.oliveyoung.co.kr/store/goods/getGoodsDetail.do?goodsNo=A000000263664&dispCatNo=100000100010014&trackingCd=Cat100000100010014_Small&t_page=카테고리관&t_click=에센스/세럼/앰플_전체__상품상세&t_number=4
[9월 올영픽] 토리든 다이브인 저분자 히알루론산 세럼 50ml 리필 기획 (+50ml 리필+자석인형) (시나모롤),5,"3,970",복합성,토리든 저분자 히알루론산 세럼 이번달 올리브영 산리오 잔치네요 안살수가 없네요 @토리든은 이미 수분으로 유명하니 아실거고 증정 인형이 자석이라 딱붙어 있어오ㅡ 가방에 다니 참 귀엽다요 애기들이나 학생들 좋아할듯요 @성분은 온가족 쓸수있고 독한화학성분 없으니 안심템입니다,https://www.oliveyoung.co.kr/store/goods/getGoodsDetail.do?goodsNo=A000000263664&dispCatNo=100000100010014&trackingCd=Cat100000100010014_Small&t_page=카테고리관&t_click=에센스/세럼/앰플_전체__상품상세&t_number=4
[9월 올영픽] 토리든 다이브인 저분자 히알루론산 세럼 50ml 리필 기획 (+50ml 리필+자석인형) (시나모롤),5,"3,970",건성,평소에 수분세럼 넘 잘 쓰고 잇어서 시나모롤인형 갖고싶어서 구매햇어요 요거 넘 귀엽네요ㅋㅋ 자석이라 잘 붙어요,https://www.oliveyoung.co.kr/store/goods/getGoodsDetail.do?goodsNo=A000000263664&dispCatNo=100000100010014&trackingCd=Cat100000100010014_Small&t_page=카테고리관&t_click=에센스/세럼/앰플_전체__상품상세&t_number=4
[9월 올영픽] 토리든 다이브인 저분자 히알루론산 세럼 50ml 리필 기획 (+50ml 리필+자석인형) (시나모롤),5,"3,970",없음,"💧 제형 & 발림성 워터리하고 가벼운 세럼 제형으로 펌핑하자마자 흘러내릴 정도로 촉촉합니다. 펴 바르면 피부가 수분을 빠르게 흡수해서 끈적임이 0%에 가까워요. 쌩얼에 이거 하나만 듬뿍 발라도 겉은 미끄러지지 않고 싹 정리됩니다. 🌿 성분 & 산뜻함 (여드름/자극도) 5D 복합 저분자 히알루론산에 알란토인, 판테놀까지 들어있어서 속건조 잡는 데 최고의 조합입니다. 모공을 막거나 유분기를 유발하는 성분이 없어서 여드름성 피부에도 트러블 걱정 없이 안심하고 쓸 수 있어요. 답답함 없는 산뜻한 수분 충전 그 자체입니다. 👍 이런 피부에 추천해요 유분감 없이 속건조만 깔끔하게 채우고 싶은 수부지 피부 끈적이는 스킨케어가 싫은 남성 쌩얼 피부 자극 없이 순한 데일리 수분 세럼을 찾는 여드름성 피부 제 리뷰가 여러분의 구매에 도움이 되었다면 ""도움이 돼요"" 한번 부탁드려요! 👍",https://www.oliveyoung.co.kr/store/goods/getGoodsDetail.do?goodsNo=A000000263664&dispCatNo=100000100010014&trackingCd=Cat100000100010014_Small&t_page=카테고리관&t_click=에센스/세럼/앰플_전체__상품상세&t_number=4
[9월 올영픽] 토리든 다이브인 저분자 히알루론산 세럼 50ml 리필 기획 (+50ml 리필+자석인형) (시나모롤),5,"3,970",지성,💦 저분자 히알루론산 — 피부에 수분을 공급해 촉촉한 피부 컨디션 케어 ✨ 속건조 케어 — 세안 후 당기거나 건조함이 느껴질 때 사용하기 좋아요 🫧 가벼운 세럼 텍스처 — 끈적임 부담을 줄이고 산뜻하게 레이어링하기 좋은 타입,https://www.oliveyoung.co.kr/store/goods/getGoodsDetail.do?goodsNo=A000000263664&dispCatNo=100000100010014&trackingCd=Cat100000100010014_Small&t_page=카테고리관&t_click=에센스/세럼/앰플_전체__상품상세&t_number=4
[9월 올영픽] 토리든 다이브인 저분자 히알루론산 세럼 50ml 리필 기획 (+50ml 리필+자석인형) (시나모롤),5,"3,970",건성,N병째 쓰는 수분 세럼이에요 마침 거의 다 떨어져가서 얼른 구매햇어요 근데 증정 인형이 귀엽긴한데 사실 어디에 달아야할지 애매하네요.. 차마 가방에 달고 다니기엔 유치해보일 것 같아서 집에 모셔둘 예정입니다..,https://www.oliveyoung.co.kr/store/goods/getGoodsDetail.do?goodsNo=A000000263664&dispCatNo=100000100010014&trackingCd=Cat100000100010014_Small&t_page=카테고리관&t_click=에센스/세럼/앰플_전체__상품상세&t_number=4
[9월 올영픽] 토리든 다이브인 저분자 히알루론산 세럼 50ml 리필 기획 (+50ml 리필+자석인형) (시나모롤),5,"3,970",건성,웰ㄹㅏ쥬랑 이거 둘중에 고민하다가 코르티스생각해서(ㅈㅅ 토리든삿읍니다^^ 모델의중요성 그리고 중요한건 다른브랜드는 산리오랑 콜라보도 안함 같이 딸려오는 자석인형 냉장고에 달아놓으니까 쥰나귀여으ㅓ요ㅠㅠ 💕😁🤞🏻🫶🏻 그리구 원래 수분세럼 잘 안쓰고.. 토리든 약간 편견잇어서 걍 그런데? 하고 안썻엇는데 아침에 산뜻하게 바르기 쥬앗고 화장전에 두세번 레이어링해서 쓰면 좋더라구욤 향은 걍 무향이고 진짜 무난한 수분세럼임 추천합니댜,https://www.oliveyoung.co.kr/store/goods/getGoodsDetail.do?goodsNo=A000000263664&dispCatNo=100000100010014&trackingCd=Cat100000100010014_Small&t_page=카테고리관&t_click=에센스/세럼/앰플_전체__상품상세&t_number=4
[9월 올영픽] 토리든 다이브인 저분자 히알루론산 세럼 50ml 리필 기획 (+50ml 리필+자석인형) (시나모롤),5,"3,970",복합성,사용하던 수분 세럼을 거의 다 써가서 사려던 찰나에 시나모롤 인형보고 바로 구매했어요 ㅎㅎ 근데 인형을 봉제인형 말고 실리콘 키링으로 만들면 메쉬백에 달아서 쓰기 더 좋았을것 같아요. 제품 사용후기는 이전 세럼 다 쓰고나서 사용 후 한달 후기에 올려볼게요,https://www.oliveyoung.co.kr/store/goods/getGoodsDetail.do?goodsNo=A000000263664&dispCatNo=100000100010014&trackingCd=Cat100000100010014_Small&t_page=카테고리관&t_click=에센스/세럼/앰플_전체__상품상세&t_number=4
[트러블모공] 디오디너리 나이아신아마이드 10% + 징크 1% 60ml,5,"13,943",없음,"<<여드름쟁이 수부지🤬🤯😭💩였던 내가 피부좋다는 말 🥹💞🫰🏻😲 들을 수 있게된 이유 ..>> 밑에 두 사진 사이에 1년정도 있고요 .. 놀랍게도 왼쪽은 칸실러 쿠션으로 열심히 가린 피부, 오른쪽은 아무것도 안바르고 운동가기전에 찍은 피부 사진입니다… 왼쪽 피부일 때는 망가진 생활패턴으로 얼굴에 가려운 모낭염부터 시작해서 모공 100배 이벤트, 개기름 200배 이벤트가 열리던 때고요 오른쪽 피부인 지금은 여름에도 얼굴에 적당한 유분만 돌 뿐이고 마법의날이 아닌 이상 개기름..말도안되는 여드름 파티와는 이별 한 상태입니다.. 저는 여드름 없애는데 효과본 딱 두가지 성분이 살리실산이랑 나이아신아마이드였어요.. ㅠㅠ 일단 피부가 왼쪽만큼 뒤집어졌을 때는 세안법을 무조건 저자극!!!!!! 으로 갔고요 1. 저자극 세안 후 페이스타올로 물기만 톡톡 닦아주기 2. 피지가 많이 묵혀있는 코, 나비존, 턱밑과 여드름이 많은 눈썹주변쪽에 살리실산 제품 발라주기 (약국에 파는 ㅋㄹㅇㅌ) 3. 속수분 채워주는 무난하고 순한 일반 물토너 4. 주 3일은 자극없는 속수분채워주는 일반 유명한 수분세럼, 주 4일은 이 나이아신아마이드 세럼을 격일로 발라주다가 피부가 적응햇을 때 쯤에는 나이아신 매일, 피부 예민해지면 수분세럼 으로 순서를 바꿔발랐어요! 5. 데일리>> ㄷㅌㅇㅅㅇ 345크림 피부 장벽 무너졌을 때>> ㄹㄹㅅㅍㅈ B5 크림 진정많이됐고 이제 붉은 색소침착 없애고 싶다>> ㄷㅁㅍㅌㄹ 트라넥삼산? 크림 6. 여드름 연고 듬뿍 얹어주기 나이트루틴 이렇게 바꾸고 물 많이 마시니까 다시 피부가 오른쪽 처럼 좋아졌고 저는 이 나이트 루틴으로 정착했어요…. ㅠㅠ 광고도아니고탑리뷰어도아니고일반인나부랭이가이렇게 글을 쓰는 이유는그냥 제가 이성분과제품의 덕을 너무 많이봐서.. ㅠㅠ 여러분들도 피부 나아질 수 있어요… 극지성과 건성분들은 몰라두 갑자기 피부 뒤집어진 수부지님들..제발 이거 써보시길… 저는 레티놀레티날이런것도 안바르고 모공도 참 좋아졌고 무엇보다 피지가 확 줄었엉요…. 나이아신︎ ♥ 나 (자극심하게 느껴지시면 일반 순한 세럼에 섞발부터 시작해보시고 장벽 무너진 것 같다면 잠깐 멈추고 기초장벽 다시 꼼꼼히다져주센뇨)",https://www.oliveyoung.co.kr/store/goods/getGoodsDetail.do?goodsNo=A000000158615&dispCatNo=100000100010014&trackingCd=Cat100000100010014_Small&t_page=카테고리관&t_click=에센스/세럼/앰플_전체__상품상세&t_number=8
[트러블모공] 디오디너리 나이아신아마이드 10% + 징크 1% 60ml,5,"13,943",없음,ㅈㅉ 너무 좋음 쓴지 3일만에 피부 모찌 떡 됨… 밀린다는 분들은 잘못 바르고 있는 거예여 나이아신 바르기 전에 수분 세럼 한번 바르고 미스트 듬~뿍 뿌린 후 나이아신 아마이드 세럼 얼굴 전체에 3방울 정도 문지르면서 바르는게 아니라 스파츌러로 파데 올리듯 얼굴에 스윽 스윽 올리기만 하세요 그리고 피부에 다 올렸으면 문지르지 말고 그대로 손바닥으로 톡톡톡 짭짭짭(그렇다고 미.친듯이 파바박 X 손바닥으로 피부에 넣는다는 느낌으로 살살 짭짭짭) 두드려서 흡수하고 선풍기로 1분정도 말린 뒤에 크림 바르세용 크림도 절대 문지르지 말고 똑같이 손바닥으로 톡톡짭짭 바르면 다음날 애기 모찌떡이 됩니다~ 밀리는 분들 이 방법 츄라이하세요. 오빠 한 번 믿어봐~ 아 근데 입술엔 안 묻게 바르는게 좋을 듯 입술 건조해져용 ㅜㅜ,https://www.oliveyoung.co.kr/store/goods/getGoodsDetail.do?goodsNo=A000000158615&dispCatNo=100000100010014&trackingCd=Cat100000100010014_Small&t_page=카테고리관&t_click=에센스/세럼/앰플_전체__상품상세&t_number=8
[트러블모공] 디오디너리 나이아신아마이드 10% + 징크 1% 60ml,1,"13,943",지성,"이걸 쓰고 제 피부장벽이 무너졌습니다. 나이아신아마이드를 처음 써보는 것도 아니고 20%도 써봤는데 유독 이 제품을 바르고 피부가 붉어지고, 따가워졌고 얼굴이 부었어요. 피부가 민감하시거나 피부장벽 약하신 분은 테스트 해보고 쓰세요.",https://www.oliveyoung.co.kr/store/goods/getGoodsDetail.do?goodsNo=A000000158615&dispCatNo=100000100010014&trackingCd=Cat100000100010014_Small&t_page=카테고리관&t_click=에센스/세럼/앰플_전체__상품상세&t_number=8
[트러블모공] 디오디너리 나이아신아마이드 10% + 징크 1% 60ml,5,"13,943",건성,* 나이아신아마이드 성준 피부에 좋다고해서 매일 꾸준히 쓰고 있어요!! * 저는 하루한번 사용하고 있고 촉촉하고 보습감 좋아서 건성피부가 쓰기에도 좋아요!! * 나이아신아마이드 성분이 10%로 함유량도 높은 편이라 추천하는 제품입니다!!,https://www.oliveyoung.co.kr/store/goods/getGoodsDetail.do?goodsNo=A000000158615&dispCatNo=100000100010014&trackingCd=Cat100000100010014_Small&t_page=카테고리관&t_click=에센스/세럼/앰플_전체__상품상세&t_number=8
[트러블모공] 디오디너리 나이아신아마이드 10% + 징크 1% 60ml,5,"13,943",복합성,하... 배송왔길래 딱한번써보고 담날아침에 깼어요...네... 딴세럼들은 잘안깨지던데 이거 유리가 많이 얇네여... 딱한번밖에 못써봤는데... 효과 말해주고싶지만 말을 못하겠네여... 다시샀어여... 오면 써보고 후기다시남길게여.... 떨어뜨리지마세요 진짜 와장창 깨집니다 산산조각이에요 저 1분동안 멍때렸습니다,https://www.oliveyoung.co.kr/store/goods/getGoodsDetail.do?goodsNo=A000000158615&dispCatNo=100000100010014&trackingCd=Cat100000100010014_Small&t_page=카테고리관&t_click=에센스/세럼/앰플_전체__상품상세&t_number=8
[트러블모공] 디오디너리 나이아신아마이드 10% + 징크 1% 60ml,5,"13,943",건성,화장을 거의 매일 하다보니까 어느 순간부터 피부 상태는 점점 나빠지고 피부를 만져봤을 때 오돌토돌한 좁쌀들이 계속 만져지더라구요 너무 신경쓰이기도 하고 괜히 짰다가 흉질까 봐 건들이지도 못하고 있었는데 요 세럼이 효과가 좋다고 많이들 추천하길래 구입했습니다 확실히 효과가 센만큼 초반에는 소량으로 바르고 점점 늘려가라는 의견이 많아서 저도 그렇게 했어요 일주일 정도 사용하니까 오돌토돌한 좁쌀들이 가라앉고 여드름이 올라올 것 같았던 부위도 진정되더라구요 효과 좋아서 다 쓰면 또 살 것 같아요,https://www.oliveyoung.co.kr/store/goods/getGoodsDetail.do?goodsNo=A000000158615&dispCatNo=100000100010014&trackingCd=Cat100000100010014_Small&t_page=카테고리관&t_click=에센스/세럼/앰플_전체__상품상세&t_number=8
[트러블모공] 디오디너리 나이아신아마이드 10% + 징크 1% 60ml,4,"13,943",없음,흠 몬가 애매템 자극은 아예 없었고 이거 바르고 다음 스킨케어하면 하얗게 굳어서 밀려나오는데 저녁에만 쓰면 크게 안거슬리긴 함 한달정도 썼는데 유분 감소나 색소침착에는 잘 모르겠슨...,https://www.oliveyoung.co.kr/store/goods/getGoodsDetail.do?goodsNo=A000000158615&dispCatNo=100000100010014&trackingCd=Cat100000100010014_Small&t_page=카테고리관&t_click=에센스/세럼/앰플_전체__상품상세&t_number=8
[트러블모공] 디오디너리 나이아신아마이드 10% + 징크 1% 60ml,5,"13,943",없음,요즘 날씨가 더워지니까 얼굴에 유분기가 금방 올라오고 모공도 부쩍 신경 쓰여서 디오디너리 나이아신아마이드 10% + 징크 1% 세럼을 써봤어요! 예전부터 이름은 많이 들어봤는데 직접 써보니 왜 꾸준히 언급되는지 알겠더라구요ㅎㅎ 투명한 세럼 타입인데 살짝 점성이 있어서 처음에는 조금 묵직한가 싶었어요. 그래도 얼굴에 펴 바르면 부드럽게 퍼지고 톡톡 두드려주면 흡수되는 편이라 생각보다 사용감 괜찮았어요! 특히 마음에 들었던 포인트는 요거예요👇 📍 나이아신아마이드 10% 함유 📍 징크 1% 함유 📍 피지와 번들거림이 신경 쓰일 때 사용하기 좋음 📍 피부결이 깔끔하게 정돈되는 느낌 📍 부담스럽지 않은 가격대로 꾸준히 사용하기 좋음 저는 세안하고 토너로 피부결 정돈한 다음 크림 바르기 전에 2~4방울 정도만 사용했어요. 이 정도 양이면 얼굴 전체에 충분하더라구요ㅎㅎ 많이 바른다고 좋은 게 아니라 적당량만 사용하는 게 중요한 듯해요! 처음 바를 때는 살짝 하얗게 보이는 부분도 있었는데 몇 번 톡톡 두드려주니까 자연스럽게 흡수됐어요. 시간이 지나고 나면 끈적임이 계속 남는 느낌보다는 피부가 깔끔해진 느낌이라 좋았어요🥹 꾸준히 사용하면서 제일 마음에 들었던 건 번들거림이 덜 신경 쓰인다는 점! 특히 오후만 되면 유분 때문에 모공 주변이 지저분해 보이는 게 스트레스였는데 피부결이 전보다 정돈돼 보이는 느낌이라 만족스러웠어요. 다만 피지를 잡아주는 타입이라 피부 상태에 따라 건조하게 느껴질 수도 있을 것 같아요. 저는 사용 후 수분크림을 충분히 발라줬어요! 메이크업 전에 많이 바르면 밀림이 생길 수 있어서 주로 저녁에 사용하고 있고요ㅎㅎ 가격 부담도 크지 않은 편이라 세럼 처음 써보는 분들도 가볍게 시작하기 괜찮은 제품 같아요. 모공이랑 과한 유분 때문에 어떤 세럼을 써야 할지 고민이었다면 한 번쯤 써볼 만한 제품! 특히 여름철 번들거림이 신경 쓰이거나 피부결을 깔끔하게 관리하고 싶은 분들께 추천하고 싶어요🥹🫶 저는 당분간 꾸준히 써볼 예정입니다..!,https://www.oliveyoung.co.kr/store/goods/getGoodsDetail.do?goodsNo=A000000158615&dispCatNo=100000100010014&trackingCd=Cat100000100010014_Small&t_page=카테고리관&t_click=에센스/세럼/앰플_전체__상품상세&t_number=8
[트러블모공] 디오디너리 나이아신아마이드 10% + 징크 1% 60ml,5,"13,943",없음,앙 이거 너무 좋아서 또 사요 원래 30ml 샀는데 한달만에 다 써서 60ml 삼 구라아니고 ㄹㅇ 또산템 내가 머하러 디오더너리 좋은 일 해유 여드름 흔적 고민이었는데 한달 꾸준히 바르니 없어지는게 보여용!!!! ㄹㅇ이라니께 근데 잘 밀리니까 저녁에만 바르기 약속~,https://www.oliveyoung.co.kr/store/goods/getGoodsDetail.do?goodsNo=A000000158615&dispCatNo=100000100010014&trackingCd=Cat100000100010014_Small&t_page=카테고리관&t_click=에센스/세럼/앰플_전체__상품상세&t_number=8
[트러블모공] 디오디너리 나이아신아마이드 10% + 징크 1% 60ml,5,"13,943",지성,총정리 한줄평 : 미백레이저 이젠 안할래~ 후기 : 성능에비해서 가격이 비싸지않아서좋앗어용 진짜 원료만 들어간느낌이라서 굳이 케이스나 모델부분에 비용써서 가격안올리면 좋겟어요 ㅜㅜ 재구매 : 넹 무조건!! 피부과 안가도될것같아여 도움되셨다면 좋아요 부탁드립니다 '_' ❣,https://www.oliveyoung.co.kr/store/goods/getGoodsDetail.do?goodsNo=A000000158615&dispCatNo=100000100010014&trackingCd=Cat100000100010014_Small&t_page=카테고리관&t_click=에센스/세럼/앰플_전체__상품상세&t_number=8
[세은 PICK/트러블1등] 셀라딕스 트러블 세범 리밸런싱 131 앰플 30ml,3,"5,920",없음,한달 동안 써본 결과 >> 아무런 효과도 못봄<< 피지 요철 감소? ㄹㅇ하나도 체감 안됨 진짜 그냥 보습만 체감되는대 가격 에바;; 돈이 많다면 한번 써보샘… 난 재구매 의사도 없고 추천도 못하겠음 …,https://www.oliveyoung.co.kr/store/goods/getGoodsDetail.do?goodsNo=A000000224494&dispCatNo=100000100010014&trackingCd=Cat100000100010014_Small&t_page=카테고리관&t_click=에센스/세럼/앰플_전체__상품상세&t_number=9
[세은 PICK/트러블1등] 셀라딕스 트러블 세범 리밸런싱 131 앰플 30ml,5,"5,920",복합성,이거뭐죠? 한번사용으로 가라앉네요 요즘자꾸 입술주변에 트러블올라와서 스트레스였는데 단 1회사용으로 어떻게 쏙 들어갔지.. 신기하네요. 얼굴에 트러블 올라오면 자꾸 건드려가지고 손독때문인지 더 크게 번지는데 셀라딕스 트러블 세럼 쓰고 나니 트러블 금방 가라앉아서 만질게없네요 ㅋㅋ,https://www.oliveyoung.co.kr/store/goods/getGoodsDetail.do?goodsNo=A000000224494&dispCatNo=100000100010014&trackingCd=Cat100000100010014_Small&t_page=카테고리관&t_click=에센스/세럼/앰플_전체__상품상세&t_number=9
[세은 PICK/트러블1등] 셀라딕스 트러블 세범 리밸런싱 131 앰플 30ml,5,"5,920",없음,"중학생 딸 피지와 트러블때문에 시경 써서 사용중이에요. 제형은 묽은 앰플 타입이고 끈적임 없이 부드럽게 흡수되서 사용감 좋아요. 번들거림 심한 T존이 전보다 덜 번들거리고 피부결도 한결 매끈해졌다며 딸아이도 만족해하네요. 예민한 피부라 조금만 자극있어도 싫어하는데 자극도 없다하고, 붉게 올라오던 트러블도 진정되는게 보인다며 너무 만족해하며 사용중입니다~",https://www.oliveyoung.co.kr/store/goods/getGoodsDetail.do?goodsNo=A000000224494&dispCatNo=100000100010014&trackingCd=Cat100000100010014_Small&t_page=카테고리관&t_click=에센스/세럼/앰플_전체__상품상세&t_number=9
[세은 PICK/트러블1등] 셀라딕스 트러블 세범 리밸런싱 131 앰플 30ml,5,"5,920",없음,저는 이 앰플이 너무 좋아서 재구매했어요 특히 저한테는 그날이 다가올 때마다 트러블이 자주 올라와서 정말 스트레스였는데 이 제품을 꾸준히 사용하면서 그 걱정이 많이 줄었답니다 피부가 예민해지면서 붉어지는 것들도 진정시켜주고 유분 조절도 정말 잘되니까 오히려 피부가 한층 더 편안해지는 느낌이에요 뿐만 아니라 미백 효과도 느껴져서 얼굴 톤이 한결 밝아지고 환해지는 게 보여서 기분까지 좋아지더라고요 주름이나 트러블 자국 같은 피부 고민도 조금씩 개선되는 게 확실히 느껴 져서 꾸준히 쓰는 보람이 있어요 가볍게 발리 면서도 흡수가 빨라서 스킨케어 단계 중간에 사용하기도 부담 없고 좋았어요,https://www.oliveyoung.co.kr/store/goods/getGoodsDetail.do?goodsNo=A000000224494&dispCatNo=100000100010014&trackingCd=Cat100000100010014_Small&t_page=카테고리관&t_click=에센스/세럼/앰플_전체__상품상세&t_number=9
[세은 PICK/트러블1등] 셀라딕스 트러블 세범 리밸런싱 131 앰플 30ml,5,"5,920",복합성,"피지 “연화” 앰플이라는 키워드에 꽂혀서 구매했는데 인생 앰플이 되었습니다?! 저는 전형적인 수분 부족형 지성이고 모공 부자에다가 또 민감하기 까지 해서 기초 제품을 잘못 바르면 모공이 금방 막혀서 트러블이 나는 타입 + 피지도 하루하루 엄청엄청 쌓이는 타입인데요. 그래서 특히 여름엔 피지 관리가 저의 스킨케어 루틴의 전부라고 할 수 있어요. 근데 이 앰플 바르고 나서 매일 아침 까끌거리던 제 코가 훨씬 매끈해 졌다면 믿으시겠습니까? 저도 안믿기는데 그렇게 되더라고요... 그래서 구매한지 얼마 안되었는데 벌써 반통 넘게 씀 ㅠㅠ 올영세일때 쟁여놔야겠습니다. 저같은 피부타입을 가진 분들, 특히 오돌토돌 요철같은 피지가 고민이신 분들, 주기적으로 코팩이나 피지 연화 제품을 쓰는데 또 그런 제품들은 너무 자극적이라 장벽 무너지는게 잘 느껴져서 매일 쓰지는 못하는 분들에게 저극 추천하고 싶습니다. 재구매 의사 백프로 천프로 만프로..",https://www.oliveyoung.co.kr/store/goods/getGoodsDetail.do?goodsNo=A000000224494&dispCatNo=100000100010014&trackingCd=Cat100000100010014_Small&t_page=카테고리관&t_click=에센스/세럼/앰플_전체__상품상세&t_number=9
[세은 PICK/트러블1등] 셀라딕스 트러블 세범 리밸런싱 131 앰플 30ml,4,"5,920",없음,트러블나진 않고 순한타입 같아요 기능적인 면에선 잘모르겟어요 촉촉해요,https://www.oliveyoung.co.kr/store/goods/getGoodsDetail.do?goodsNo=A000000224494&dispCatNo=100000100010014&trackingCd=Cat100000100010014_Small&t_page=카테고리관&t_click=에센스/세럼/앰플_전체__상품상세&t_number=9
[세은 PICK/트러블1등] 셀라딕스 트러블 세범 리밸런싱 131 앰플 30ml,5,"5,920",없음,피부 컨디션이 들쑥날쑥해서 트러블이 올라오는 시기에 사용해보니 괜찮더라고요. 처음 발랐을 때 촉촉하게 펴 발리면서도 마무리는 산뜻한 편이라 마음에 들었어요. 유분감이 많은 제품은 답답해서 손이 잘 안 가는데 이 제품은 가볍게 사용할 수 있어서 부담이 덜해요. 화장 전에 사용해도 밀리는 느낌이 적어서 아침에도 잘 쓰고 있어요.,https://www.oliveyoung.co.kr/store/goods/getGoodsDetail.do?goodsNo=A000000224494&dispCatNo=100000100010014&trackingCd=Cat100000100010014_Small&t_page=카테고리관&t_click=에센스/세럼/앰플_전체__상품상세&t_number=9
[세은 PICK/트러블1등] 셀라딕스 트러블 세범 리밸런싱 131 앰플 30ml,5,"5,920",없음,앰플이 묵직하지 않아서 쓰기 좋게 잘 나온 것 같아요. 트러블 앰플이 되직하면 오히려 트러블이 더 많이 생길때도 있는데 이건 토너처럼 묽어서 답답하지 않고 좋더라구요. 여름에 쓰기 편하게 잘 나와에 들어요. 기획 자주 븉여주시고 많이 파세요.,https://www.oliveyoung.co.kr/store/goods/getGoodsDetail.do?goodsNo=A000000224494&dispCatNo=100000100010014&trackingCd=Cat100000100010014_Small&t_page=카테고리관&t_click=에센스/세럼/앰플_전체__상품상세&t_number=9
[세은 PICK/트러블1등] 셀라딕스 트러블 세범 리밸런싱 131 앰플 30ml,4,"5,920",없음,"양이…충격적으로 적네요 .. 3일연속 아침 저녁으로 발라줬는데 눈에 띄는 효과는 아직 없음 여름이라 피지 대폭발하는 중인디 피지량 줄여준다길래 혹해서 사봄.. 근데 제형이 엄청 묽어요 주르륵 흐르는 제형 안좋아하는 분들은 불호일듯 갠적으로 너무 묽어서 바르기도 힘들고 ,,불호였음 *지성분들 중 물세럼 좋아하시는 분들은 만족도 높을 듯 함 일단 3일 후기를 정리하자면 -아직 효과 못봄 -가격이 비싼 이유를 아직 못찾음 -묽어서 바르기 힘듦 한통 다 비우고 다시 후기쓰러 오겟슨",https://www.oliveyoung.co.kr/store/goods/getGoodsDetail.do?goodsNo=A000000224494&dispCatNo=100000100010014&trackingCd=Cat100000100010014_Small&t_page=카테고리관&t_click=에센스/세럼/앰플_전체__상품상세&t_number=9
[세은 PICK/트러블1등] 셀라딕스 트러블 세범 리밸런싱 131 앰플 30ml,5,"5,920",지성,가벼운 텍스처라 흡수 빠르고 산뜻하게 정돈되는 느낌이에요 트러블 부위에 발라주면 진정되는 느낌이라 꾸준히 쓰게 되더라구요,https://www.oliveyoung.co.kr/store/goods/getGoodsDetail.do?goodsNo=A000000224494&dispCatNo=100000100010014&trackingCd=Cat100000100010014_Small&t_page=카테고리관&t_click=에센스/세럼/앰플_전체__상품상세&t_number=9
[9월 올영픽/산리오] 아비브 어성초 테카 캡슐 세럼 카밍 드롭 50ml 더블 기획(+스팟패치+케이스),5,"16,522",복합성,아이브 어성초 껌딱지 시트 너무 잘 쓰고 있어서 이번에 어성초 세럼 까지 구매 했는데 붉은기도 싹 가라 앉고 하루만 발랐는데도 트러블도 더 나지 않고 진정 되고 있어요… 캡슐은 바르자마자 터져서 뭔가 더 흡수 되는 기분 포챠코 에디션도 너무 귀엽고 케이스는 반지통으로 넘 잘 쓰는 중 ///,https://www.oliveyoung.co.kr/store/goods/getGoodsDetail.do?goodsNo=A000000263036&dispCatNo=100000100010014&trackingCd=Cat100000100010014_Small&t_page=카테고리관&t_click=에센스/세럼/앰플_전체__상품상세&t_number=10
[9월 올영픽/산리오] 아비브 어성초 테카 캡슐 세럼 카밍 드롭 50ml 더블 기획(+스팟패치+케이스),5,"16,522",복합성,"아비브 어성초 테카 캡슐 세럼 카밍드롭 💚 요즘 피부가 예민하고 트러블도 신경 쓰여서 써봤는데 생각보다 너무 괜찮았어요! 촉촉한 워터리 제형이라 피부에 바르면 가볍게 흡수되고 끈적임이 거의 없어서 부담 없이 사용하기 좋았어요. 피부가 자극받았을 때 발라도 편안한 느낌이고, 사용하고 나면 피부가 촉촉하고 진정된 느낌이 들어서 좋았어요. 특히 무겁거나 답답한 세럼 싫어하는 분들한테 잘 맞을 것 같아요! 어성초 세럼이라 그런지 피부 컨디션 안 좋을 때 손이 자주 가고, 꾸준히 사용해보려고요. 50+20ml 기획이라 넉넉하게 사용할 수 있는 것도 마음에 들어요 💚",https://www.oliveyoung.co.kr/store/goods/getGoodsDetail.do?goodsNo=A000000263036&dispCatNo=100000100010014&trackingCd=Cat100000100010014_Small&t_page=카테고리관&t_click=에센스/세럼/앰플_전체__상품상세&t_number=10
[9월 올영픽/산리오] 아비브 어성초 테카 캡슐 세럼 카밍 드롭 50ml 더블 기획(+스팟패치+케이스),5,"16,522",없음,​아침에는 메이크업 전에 발라도 밀림이 전혀 없고 베이스를 착 달라붙게 만들어주고 밤에는 수분크림이나 영양크림 전에 한 번 더 레이어링해주면 다음 날 아침까지 피부가 촉촉하고 탱탱하게 유지돼요 계절에 상관없이 사계절 내내 쓸 수 있을 것 같고 환절기나 피부 장벽이 예민해질 때 효과를 더 잘 느낄 수 있을 것 같네요 ​50ml 2개입 더블 기획 구성이라 가성비 좋게 쟁여두고 쓰기 딱 좋아요,https://www.oliveyoung.co.kr/store/goods/getGoodsDetail.do?goodsNo=A000000263036&dispCatNo=100000100010014&trackingCd=Cat100000100010014_Small&t_page=카테고리관&t_click=에센스/세럼/앰플_전체__상품상세&t_number=10
[9월 올영픽/산리오] 아비브 어성초 테카 캡슐 세럼 카밍 드롭 50ml 더블 기획(+스팟패치+케이스),5,"16,522",지성,"💚아비브 어성초 테카 캡슐 세럼 카밍 드롭 더블기획💚 아비브 어성초 패드와 어성초 세럼 같이 쓰면 좋다는 후기를 보고 왕창 쟁였어용~! 캡슐도 겉돌지않고 바로 터지고, 끈적임이 없어 아침,저녁 스킨케어 단계에서 꾸준히 발라주고 있어요~! 오특가로 구매시 25,900원에도 구매가능하니 참고해주세용 :) 소비기한 20290219까지 넉넉해서 좋아요~! 💚한달사용후기💚 내용물에 들어있는 캡슐도 잘 터지고 어성초 테카 성분이 붉은기 진정이나 트러블 진정에 확실히 효과 있어서 아침,저녁 스킨케어 단계에서 필수로 발라주고 있어요 :)",https://www.oliveyoung.co.kr/store/goods/getGoodsDetail.do?goodsNo=A000000263036&dispCatNo=100000100010014&trackingCd=Cat100000100010014_Small&t_page=카테고리관&t_click=에센스/세럼/앰플_전체__상품상세&t_number=10
[9월 올영픽/산리오] 아비브 어성초 테카 캡슐 세럼 카밍 드롭 50ml 더블 기획(+스팟패치+케이스),5,"16,522",지성,"어성초의 진정력에 테카 캡슐의 보습막이 더해져 붉은 기와 트러블을 자극 없이 가라앉히는 세럼으로, 산리오 굿즈까지 챙긴 가성비 기획입니다. ​텍스처 & 사용감 ​제형: 워터리한 수분 베이스 안에 미세한 초록빛 테카(TECA) 캡슐이 들어있습니다. ​발림성: 피부에 펴 바르는 순간 캡슐이 이물감 없이 부드럽게 터지면서 끈적임 없이 빠르게 흡수됩니다. ​마무리감: 겉돌거나 밀림이 없어 아침 메이크업 전에 발라도 파운데이션이 뜨지 않으며, 유분기 없이 수분 보호막만 얇게 남습니다. ​진정 및 개선 효과 ​붉은 기 완화: 외부 자극이나 열감으로 붉어진 피부톤을 빠르게 진정시킵니다. ​트러블 케어: 센텔라 아시아티카의 핵심 성분인 고순도 테카(TECA)와 어성초 조합이라 좁쌀이나 붉게 올라오는 초기 트러블 진정에 뛰어납니다. ​피부 장벽: 단순 진정 토너나 앰플보다 보습 유지력이 좋아 환절기 장벽 강화용으로 적합합니다. ​기획 세트 구성 만족도 ​용량: 50ml 본품 2개가 들어있는 더블 구성이라 아침·저녁으로 아낌없이 바르기 좋습니다. ​증정품: 트러블 부위에 붙이기 좋은 스팟 패치와 파우치에 쏙 들어가는 산리오 캐릭터 케이스가 실용적이면서도 소장 가치를 더해줍니다. ​추천 대상 ​끈적이는 세럼을 싫어하는 지복합성 및 수부지 피부 ​마스크나 환절기 온도 변화로 좁쌀 및 붉은 기가 자주 올라오는 민감성 피부 ​귀여운 산리오 에디션과 넉넉한 1+1 혜택을 놓치고 싶지 않은 분",https://www.oliveyoung.co.kr/store/goods/getGoodsDetail.do?goodsNo=A000000263036&dispCatNo=100000100010014&trackingCd=Cat100000100010014_Small&t_page=카테고리관&t_click=에센스/세럼/앰플_전체__상품상세&t_number=10
[9월 올영픽/산리오] 아비브 어성초 테카 캡슐 세럼 카밍 드롭 50ml 더블 기획(+스팟패치+케이스),5,"16,522",지성,추천받아서 구매 진짜 포차코 긔여미예오ㅠㅜ1+1 굿입니다,https://www.oliveyoung.co.kr/store/goods/getGoodsDetail.do?goodsNo=A000000263036&dispCatNo=100000100010014&trackingCd=Cat100000100010014_Small&t_page=카테고리관&t_click=에센스/세럼/앰플_전체__상품상세&t_number=10
[9월 올영픽/산리오] 아비브 어성초 테카 캡슐 세럼 카밍 드롭 50ml 더블 기획(+스팟패치+케이스),3,"16,522",없음,"하루특가 1+1 기획 상품일 때 25,900원에 구매했습니다. 유튜버가 좋다고 하길래 호기심에 구매하게 되었는데 제 피부 상태에는 그닥 효과가 없었어요.. 제 피부는 주기적으로 트러블이 올라오는 트러블+민감성 피부입니다. 제품에서 밀고 있는 #트러블 진정세럼 이라는 말이 무색하게 저한테는 진정 효과가 없었습니다 테카 캡슐이 들어있는게 신기하긴했지만, 이 또한 캡슐이 골고루 나오지 않는 문제점이 있어요…ㅎㅎ 역시 민감성 트러블 피부에는 단계를 최소화하는게 베스트이고 염증에는 피부과 주사가 직빵입니다…ㅎㅎ 재구매 의사 없고, 나머지 한 개 남은 것도 당근에 팔려고 생각중이에요…",https://www.oliveyoung.co.kr/store/goods/getGoodsDetail.do?goodsNo=A000000263036&dispCatNo=100000100010014&trackingCd=Cat100000100010014_Small&t_page=카테고리관&t_click=에센스/세럼/앰플_전체__상품상세&t_number=10
[9월 올영픽/산리오] 아비브 어성초 테카 캡슐 세럼 카밍 드롭 50ml 더블 기획(+스팟패치+케이스),5,"16,522",건성,저번이 산 거 한 통 다 비워서 또 샀어요 무난무난하니 좋더라고요 :) 포차코도 귀엽고 증정으로 받은 케이스도 꽤 괜찮아서 잘 쓸 것 같아요,https://www.oliveyoung.co.kr/store/goods/getGoodsDetail.do?goodsNo=A000000263036&dispCatNo=100000100010014&trackingCd=Cat100000100010014_Small&t_page=카테고리관&t_click=에센스/세럼/앰플_전체__상품상세&t_number=10
[9월 올영픽/산리오] 아비브 어성초 테카 캡슐 세럼 카밍 드롭 50ml 더블 기획(+스팟패치+케이스),5,"16,522",없음,너무 귀여운거 아니에요? ㅠㅠ 최근에 다 떨어져서 샀어용! 잘 사용해 볼게요!,https://www.oliveyoung.co.kr/store/goods/getGoodsDetail.do?goodsNo=A000000263036&dispCatNo=100000100010014&trackingCd=Cat100000100010014_Small&t_page=카테고리관&t_click=에센스/세럼/앰플_전체__상품상세&t_number=10
[9월 올영픽/산리오] 아비브 어성초 테카 캡슐 세럼 카밍 드롭 50ml 더블 기획(+스팟패치+케이스),5,"16,522",복합성,저의 찐템입니다이걸 몇통이나 비웠는지.. 사고좋아서 다쓰고 사려니 망곰콜라보해서 그것두 다쓰고 이제는 넘 좋으니까 패드까지 구매해서 쓰고 망곰콜라보다써서 또 샀어요 ㅎㅎ 콜라보하니까 귀여워서 좋네요,https://www.oliveyoung.co.kr/store/goods/getGoodsDetail.do?goodsNo=A000000263036&dispCatNo=100000100010014&trackingCd=Cat100000100010014_Small&t_page=카테고리관&t_click=에센스/세럼/앰플_전체__상품상세&t_number=10
[헬로키티 테리백 증정/리뷰이벤트/산리오] 에스네이처 아쿠아 스쿠알란 세럼 50ml 리필기획(+리필50ml+파우치),5,"16,571",없음,"♥️에스네이처 아쿠아 스쿠알란 세럼 할렐야르 ♥️ 2026/9/3 -> 제 세럼 유목생활 종지부 찍는 날 올리브영에서 세럼만 30통은 넘게 산 것 같아요. 세럼은 보통 너무 묽어서 피부가 바로 말라버리거나 화잘먹 세럼이래서 사면 겉은 번들거리는데 막상 피부속은 속건조에 텅텅인경우가 대부분이라.. 이건 건성인 제 피부타입 때문이겠거니 하고 체념한 상태로 이번 에스네이처 아쿠아 스쿠알란 세럼도 별 기대없이 기획에 혹해서 샀습니다. 그런데… 홀리 …🥹♥️⭐️.. 이거 맞나요…??? 피부속이 물이 꽉찬 것 처럼 촉촉해요… 누르면 물이 찰랑한 느낌이에요.. 😭♥️.. 사진에서 느껴지시나요..? 놀라서 바로 바르자마자 카메라를 킬 수 밖에 없었습니다.. 이런게 진짜 물광이라고 생각합니다.. 이게 되는거였어..? 번들거리는 가짜 유분광에 속아서 산 세럼만 몇 통인지 .. 드디어 유목생활 청산합니다.. ⭐️사용감) 이거 만드신 분들.. 하버드에 재학중이신가요..? 사용감 너무 야르합니다.. 물처럼 흐르는 제형도 아니구요, 끈적한 제형도 아니기 때문에 발림성이 훌륭합니다. 제형(점도) 를 찍고 싶어서 얼굴에 올렸는데 피부에 싹 스며서 찍을 것도 없네요ㅋㅋㅋ 그냥 갓갓갓입니다 ⭐️디자인) 키티 콜라보 너무 귀여워요.. 😭♥️♥️♥️ 똑같이 콜라보를 해도 이상한 거 안주고 딱 필요한 구성과 유치하지 않은 디자인 .. !!! 그래요 이런걸 원했다구요.. 기획팀이 귀엽고 키티가 고능해요.. ♥️ 전 리뷰를 남기고 또 사러가야겠습니다. ⭐️ 마지막으로 에스네이처에게 바라는 점 ⭐️ 딱 하나입니다. 리뉴얼과 단종 금지예요 ㅜㅋㅋㅋ .",https://www.oliveyoung.co.kr/store/goods/getGoodsDetail.do?goodsNo=A000000264146&dispCatNo=100000100010014&trackingCd=Cat100000100010014_Small&t_page=카테고리관&t_click=에센스/세럼/앰플_전체__상품상세&t_number=11
[헬로키티 테리백 증정/리뷰이벤트/산리오] 에스네이처 아쿠아 스쿠알란 세럼 50ml 리필기획(+리필50ml+파우치),5,"16,571",복합성,"평소 크림 종류만 사용하는 편이라 세럼은 잘 안써봐서 궁금했는데 올리브영 매장가서 손등에 테스트 해보고 너무 좋아서 바로 구매했어요…🤍 ✔️ 제형 투명하고 맑은, 살짝의 점성이 느껴지는 편인데 너무 무겁진 않으면서 수분은 가득찬 느낌! 물 처럼 주르륵 흐르지 않아서 좋았어요 ✔️ 수분감 첫번째 사진 사용 전, 사용 후 촉촉함과 광채가 다른게 보이시나요… 끈적임 없이 탱탱+쫀쫀 느낌! 피부가 안좋은 편이라 물광 피부 표현을 좋아하는데 그냥 간단하게 세럼만 바르면 끝…ㅎ 속보습•겉보습이 개선 효과도 있다고 하니 꾸준하게 발라볼 예정입니다 ! ! ✨ ✔️ 메이크업 조합 왜 화잘먹 세럼인지 알게되었어요 …. ( 첫번째 사진 참고 ) 기초+스쿠알란 세럼 / 기초+평소 사용하는 크림 으로 테스트 해봤는데, 모공 끼임이나 각질 부각 없이 피부 표현이 너무 예쁘게 올라와요! 밀림도 없어서 대만족..👍🏻 ✔️ 헬로키티 파우치 에어팟도 안들어가는 사이즈들이 많았어서 별 기대 없이 그냥 귀엽고 예쁘기만 할줄 알았는데 제 생각보단 넉넉한 크기의 파우치더라구요 ! 키티 인형을 넣어놔도 귀엽고, 평소에 쓰는 미니 제품들도 잘 들어가더라구요! 눈이 초롱초롱해서 더 귀여운 느낌 ✨ ✔️ 좋았던점 스포이드 타입이라 양 조절도 쉽고 위생적으로 사용할수있어서 좋았고, 헬로키티 파우치와 리필 50ml 까지 기획이라서 더 좋았던 것 같아요! 수부지 피부라 너무 무거우면 트러블 올라오고, 너무 가벼우면 메이크업 들뜸에 걱정했는데 앞으론 아쿠아 스쿠알란 세럼으로 정착할 것 같아요! 🫶🏻",https://www.oliveyoung.co.kr/store/goods/getGoodsDetail.do?goodsNo=A000000264146&dispCatNo=100000100010014&trackingCd=Cat100000100010014_Small&t_page=카테고리관&t_click=에센스/세럼/앰플_전체__상품상세&t_number=11
[헬로키티 테리백 증정/리뷰이벤트/산리오] 에스네이처 아쿠아 스쿠알란 세럼 50ml 리필기획(+리필50ml+파우치),5,"16,571",건성,파우치에 키링 고리도 있는지 몰 랐 어. 눈망울 반짝거리는 자수 표현 어떡할 거야 이거… 진짜 사랑받으려고 작정한 거지. 에스네이처를 사랑하는 병에 걸리다.,https://www.oliveyoung.co.kr/store/goods/getGoodsDetail.do?goodsNo=A000000264146&dispCatNo=100000100010014&trackingCd=Cat100000100010014_Small&t_page=카테고리관&t_click=에센스/세럼/앰플_전체__상품상세&t_number=11
[헬로키티 테리백 증정/리뷰이벤트/산리오] 에스네이처 아쿠아 스쿠알란 세럼 50ml 리필기획(+리필50ml+파우치),5,"16,571",건성,"에스네이처 수분세럼 워낙 유명해서 믿고 쓰는데, 이번에 산리오 콜라보 기획세트로 나와서 바로 구매했어요! 🛍️ 일단 산리오 파우치 실물이 너무 귀여워서 개봉하자마자 소리 질렀습니다ㅠㅠ 🎀 파우치 퀄리티도 도톰하고 부들부들해서 가방에 들고 다니기 딱 좋아요. ✨ 본품에 리필까지 알차게 챙겨주셔서 당분간 수분 걱정 없이 든든합니다. 💧 세럼 자체야 말해 뭐해, 끈적임 없이 촉촉하게 쏙 스며들어서 속건조 잡는 데는 이만한 게 없어요. 💙 귀여운 거랑 제품력 둘 다 챙긴 기획세트라 대만족입니다! 🧸💖",https://www.oliveyoung.co.kr/store/goods/getGoodsDetail.do?goodsNo=A000000264146&dispCatNo=100000100010014&trackingCd=Cat100000100010014_Small&t_page=카테고리관&t_click=에센스/세럼/앰플_전체__상품상세&t_number=11
[헬로키티 테리백 증정/리뷰이벤트/산리오] 에스네이처 아쿠아 스쿠알란 세럼 50ml 리필기획(+리필50ml+파우치),5,"16,571",없음,"에스네이처 아쿠아 스쿠알란 세럼50ml 기획 상품 (리필팩 50ml+크림10ml) 6월 올영세일 기간에 22,900원-> 20,610원으로 구매했습니다. 현 시점으로 정가가 35,900원으로 조회되는데 뭐가 맞는건지…ㅎ 에스네이처 수분 천재로 유명하잖아요 수분크림도 평타 이상 하고,,,ㅋㅋㅋ 막 와! 엄청 좋다 이건 아닌데 없으면 뭔가 불안한 그런 제품이에요…ㅋㅋㅋㅋ 약간 평양냉면처럼 슴슴한데 계속 찾게 되는 그런 제품… 피지조절, 모공개선, 진정, 속촉촉 등 효과가 많다고는하나, 제가 느끼기에는 속촉촉의 효과가 제일 크지 않나 싶네요. 건조한 간절기 봄, 가을 그리고 겨울에 사용하는 걸 추천합니다~",https://www.oliveyoung.co.kr/store/goods/getGoodsDetail.do?goodsNo=A000000264146&dispCatNo=100000100010014&trackingCd=Cat100000100010014_Small&t_page=카테고리관&t_click=에센스/세럼/앰플_전체__상품상세&t_number=11
[헬로키티 테리백 증정/리뷰이벤트/산리오] 에스네이처 아쿠아 스쿠알란 세럼 50ml 리필기획(+리필50ml+파우치),5,"16,571",없음,"저 원래 수분 세럼 고를 때 은근 까다로운 편이거든요 ..? 촉촉하다고 해서 샀는데 겉에서만 미끌거리거나, 조금만 지나도 다시 피부가 당기는 제품들이 생각보다 많더라구요 ㅠ 근데 요 에스네이처 아쿠아 스쿠알란 세럼은 바르자마자 느낌이 좀 달라요 (진지) 피부 위에 겉도는 촉촉함이 아니라 피부가 수분을 제대로 머금은 것처럼 촉촉하고 탱글해지는 느낌..? 손으로 볼 눌러보고 괜히 한 번 더 만져보게 됩니다ㅋㅎㅋ💦 🩵사용감 제일 마음에 들었던 부분! 너무 물처럼 흘러내리는 제형도 아니고 그렇다고 끈적하거나 무거운 제형도 아니라 딱 좋아요. 부드럽게 펴 발리고 피부에 싹 스며드는데, 바른 뒤에는 수분감만 기분 좋게 남아요. 여러 번 레이어링해도 부담스럽지 않아서 건조한 날에는 두세 번씩 발라주고 있어용 🩵메이크업 전에 쓰는 것 대큰찬성 저는 속건조가 심한 날에는 베이스가 예쁘게 안 먹는 게 제일 스트레스인데 요거 충분히 흡수시켜주고 메이크업하면 피부가 훨씬 촉촉하고 매끈하게 정돈된 느낌이에요. 그냥 걸어다니는 화잘먹 ; 친구들도 얼굴에서 광난다 그래요. 그래서 요즘은 아침 스킨케어할 때 거의 필수로 쓰는 중…✨물론 ? 자기전에도 발라줌 🙂‍↕️ 🩵그리고 .. 헬로키티 파우치 🎀 아니 헬로키티 파우치 너무 귀여운 거 아닌가요…🥹❤️ 제가 진짜 헬로키티 러버라 일본가면 헬로키티만 n0만원 사오는 찜팬인데 싸구려 파우치 느낌이 아니라 고퀄이라 평소에 립 , 안약 , 데일밴드 같은거 넣어다님 체고에요 지쨔 이미지 보시면 요 세럼 사용하기 전에 축축 늘어졌던 모공 보이실거에여 .. 저희 동생도 제가 쓰는거보고 50ml 리필 증정 같이 들어있던거 들고갔어요 😇 가끔 건성이 쓰기에도 괜찮냐고 물어보는데 전 한겨울엔 얼굴에 바X린을 바르는 악악악건성이람니다 ~ 무작정 세럼이 찐득하고 무겁다고 속수분 채워지는 거 아닌고 아셔야대요 항상 세럼은 유목민마냥 이제품 저제품 사용했는데 아마 에스네이처 아쿠아 스쿠알란 세럼에 정착하지 않으까 예상해봄니다.. 아직 구매안한 아갓시들 달려 🏃🏻‍♀️🏃🏻‍♀️🏃🏻‍♀️",https://www.oliveyoung.co.kr/store/goods/getGoodsDetail.do?goodsNo=A000000264146&dispCatNo=100000100010014&trackingCd=Cat100000100010014_Small&t_page=카테고리관&t_click=에센스/세럼/앰플_전체__상품상세&t_number=11
[헬로키티 테리백 증정/리뷰이벤트/산리오] 에스네이처 아쿠아 스쿠알란 세럼 50ml 리필기획(+리필50ml+파우치),5,"16,571",없음,에스네이처 아쿠아 스쿠알란 × 헬로키티 아기 낳고 피부 푸석하고 오돌토돌 너무 힘들었었는데 이럴 땐 수분을 많이 채워주면 좋다고 해서 알아보던 중 제가 제일 좋아하는 키티랑 콜라보 하는 기초 제품을 알게 되었지 모예요🤣 물론 핑크색 좋아하는 키친녀이지만 크롬 실버 쇠 맛도 겐지 감성이라 너무 귀엽고 도도해 보이는 키티가 돼서 너무 이뻐요 ㅋㅋ 이번 콜라보 제품은 다 사서 써보니 정말 촉촉했고 저는 미스트 뿌리고 세럼 얹고 미스트 뿌리는 방법으로 스킨케어를 하는데 무겁거나 밀리지 않고 찹 스며들었답니다 키친녀겸 애엄마의 가뭄피부에 수분을 선사해준 에스네이처 감사해요🩷 할인만 기다리고 있는 아줌마의 리뷰였습니다🙈,https://www.oliveyoung.co.kr/store/goods/getGoodsDetail.do?goodsNo=A000000264146&dispCatNo=100000100010014&trackingCd=Cat100000100010014_Small&t_page=카테고리관&t_click=에센스/세럼/앰플_전체__상품상세&t_number=11
[헬로키티 테리백 증정/리뷰이벤트/산리오] 에스네이처 아쿠아 스쿠알란 세럼 50ml 리필기획(+리필50ml+파우치),5,"16,571",없음,라방보고 홀린듯이 주문했는데 키티파우치도 파우친데 제가 써본 수분 세럼들 중에 1티어 드립니다 도톰제형인데 얼굴에 올리면 싹 흡수되고 수분감이 쫙 하고 흡수되고 그러다보니 왜 화잘먹 화잘먹 하는지 알겠게 되.. 💝 덕분에 좋은제품 알게되구 주변에 영업중입니다 ㅜㅜ,https://www.oliveyoung.co.kr/store/goods/getGoodsDetail.do?goodsNo=A000000264146&dispCatNo=100000100010014&trackingCd=Cat100000100010014_Small&t_page=카테고리관&t_click=에센스/세럼/앰플_전체__상품상세&t_number=11
[헬로키티 테리백 증정/리뷰이벤트/산리오] 에스네이처 아쿠아 스쿠알란 세럼 50ml 리필기획(+리필50ml+파우치),5,"16,571",복합성,"속건조는 있는데 무거운 세럼을 바르면 답답해서, 촉촉하면서도 메이크업 전에 쓰기 편한 제품을 찾다가 에스네이처 아쿠아 스쿠알란 세럼을 한 달 정도 사용해봤어요. 😊장점 한 달 써보니 왜 화장 전에 많이 쓰는지 알겠더라고요. 제형은 수분감 있게 부드럽게 발리는데 끈적임이나 기름진 느낌이 심하지 않아요. 아침에 얇게 바르고 선크림, 쿠션을 올려도 밀림이 거의 없었고 피부가 푸석한 날에는 베이스가 조금 더 촉촉하게 먹는 느낌이었어요. 스쿠알란이라고 해서 오일리할까 걱정했는데 생각보다 가벼웠어요. 냉방 때문에 피부가 건조하게 느껴지는 여름에도 부담 없이 손이 갔고, 밤에는 조금 넉넉하게 발라주면 촉촉함이 오래가는 편이었어요. 50ml 한 통을 쓰면서 좋았던 건 피부 컨디션 크게 안 타고 매일 편하게 쓸 수 있다는 점이에요. 자극적인 기능성 세럼보다는 수분 채우는 기본템 느낌이라 다른 스킨케어랑 같이 쓰기도 편했어요. 리필 50ml까지 있어서 한 달 사용하고도 넉넉한 것도 좋았고요. 아쉬운 점😢 건성 피부가 이것 하나만으로 보습을 끝내기에는 가벼울 수 있어요. 저도 건조한 날에는 마지막에 수분크림을 같이 발라주는 게 더 좋았어요. 피부 고민을 빠르게 해결하는 기능성 제품보다는 꾸준히 수분 관리하기 좋은 세럼에 가까워요. 💕이런 분들께 추천해요 -속건조 때문에 화장이 들뜨는 분 -메이크업 전에 쓰기 좋은 수분 세럼을 찾는 분 -끈적이거나 오일리한 세럼이 싫은 분 -매일 부담 없이 사용할 기본 수분 세럼이 필요한 분 -본품+리필로 넉넉하게 사용하고 싶은 분",https://www.oliveyoung.co.kr/store/goods/getGoodsDetail.do?goodsNo=A000000264146&dispCatNo=100000100010014&trackingCd=Cat100000100010014_Small&t_page=카테고리관&t_click=에센스/세럼/앰플_전체__상품상세&t_number=11
[헬로키티 테리백 증정/리뷰이벤트/산리오] 에스네이처 아쿠아 스쿠알란 세럼 50ml 리필기획(+리필50ml+파우치),5,"16,571",복합성,핼친자로써 이번 콜라보 놓칠수없었어요 🎀귀여운파우치보고 반하고 리뷰보고 기대하면서 처음으로 에스네이처 세럼을 구매했는데요?!!! 일단 리필용도 포함된 구성이 마음에들었고!! 용기가 유리가 아닌 플라스틱이라 여행이나 휴대용으로도 부담없을것같아요‼️자극없이 순하고 발림성도 굿굿!! 집에있는 마스크팩 아낄수있을것같아요 ㅎㅎ 제 피부가 복합성인데 가을겨울만 되면 건조+각질난리부르쓰인대 ㅠㅠ 에스네이처와 함께 이번 가을겨울은 촉촉하게 보낼수있을것같아요🥹🫶🏻🫶🏻이번 리뷰이벤트를통해 다양한 산리오 캐릭터즈 제품들도 만나보고싶어요🩷‼️,https://www.oliveyoung.co.kr/store/goods/getGoodsDetail.do?goodsNo=A000000264146&dispCatNo=100000100010014&trackingCd=Cat100000100010014_Small&t_page=카테고리관&t_click=에센스/세럼/앰플_전체__상품상세&t_number=11
[산리오캐릭터즈 에디션] 메디힐 마데카소사이드 더마 세럼 50+50mL(+폼폼푸린 스마트톡),5,"5,130",없음,피부가 약한편이라 아무거나 막 쓰면 가끔 트러블 올라오는 편인데 이건 생각보다 순해서 잘 쓰고있어요! 수분감도 괜찮고 바르고나면 피부가 좀 편안해지는 느낌이라 꾸준히 써봤는데 트러블 날때도 은근 도움이 되더라구요ㅎㅎ 끈적이는거 진짜 싫어하는데 부담없이 쓰기 좋았고 피부 예민한날에도 손이 잘 갔어요 용량도 50+50이라 넉넉해서 아끼지않고 팍팍 쓰는중이에요ㅋㅋ 피부가 약하고 가끔 트러블나는 저한테는 잘 맞아서 만족합니다!,https://www.oliveyoung.co.kr/store/goods/getGoodsDetail.do?goodsNo=A000000262436&dispCatNo=100000100010014&trackingCd=Cat100000100010014_Small&t_page=카테고리관&t_click=에센스/세럼/앰플_전체__상품상세&t_number=12
[산리오캐릭터즈 에디션] 메디힐 마데카소사이드 더마 세럼 50+50mL(+폼폼푸린 스마트톡),5,"5,130",복합성,예전에 쓰던 마데카 세럼이 리뉴얼되었네용. 여전히 촉촉하고 가볍게 쓰기 좋아요,https://www.oliveyoung.co.kr/store/goods/getGoodsDetail.do?goodsNo=A000000262436&dispCatNo=100000100010014&trackingCd=Cat100000100010014_Small&t_page=카테고리관&t_click=에센스/세럼/앰플_전체__상품상세&t_number=12
[산리오캐릭터즈 에디션] 메디힐 마데카소사이드 더마 세럼 50+50mL(+폼폼푸린 스마트톡),5,"5,130",복합성,제품 잘 받았습니다. 때때로 피부 장벽이 무너지는게 항상 고민이었는데 판테놀이나 히알루론 같은 좋은 성분 제품으로 찾아보다가 구매해 봤어요. 올영 세일 기간에 리필 구성으로 저렴하게 잘 구매한 거 같아요. 재형이 에센스처럼 맑고 부드러워서 트러블 피부와 건조해진 피부에 수분 보충과 영양 보충 하기 너무 좋은 거 같아요. 50mm 용량에 리필까지 넉넉해서 한동안 너무 잘 쓸 것 같네요. 성분 구성도 마음에 들고 부드럽게 잘 발리는 느낌이 너무 좋은 제품이에요.,https://www.oliveyoung.co.kr/store/goods/getGoodsDetail.do?goodsNo=A000000262436&dispCatNo=100000100010014&trackingCd=Cat100000100010014_Small&t_page=카테고리관&t_click=에센스/세럼/앰플_전체__상품상세&t_number=12
[산리오캐릭터즈 에디션] 메디힐 마데카소사이드 더마 세럼 50+50mL(+폼폼푸린 스마트톡),5,"5,130",복합성,"메디힐 세럼이 원래 진짜 유명하잖아요? 근데 리뉴얼 됐다고 해서 전에 구매했는데 넘 좋아서 세일 끝나기 전 또 구매,,,ㅎㅎ 일단 용기가 전보다 훨씬 이쁨 제형도 무겁거나 끈적이지 않아서 아침에도 바르기 좋아요 요즘같이 피부 컨디션 들쑥날쑥할 때 아침저녁으로 꾸준히 챙겨바르는 중,,, 마데카소사이드가 들어있어서 흔적케어+피부진정까지 할 수 있는 제품! 저는 아직 3번밖에 안 썼는데 수분충전이랑 피부진정에 효과있는 것 같아요 꾸준히 더 쓰면 흔적까지 효과 볼 듯! 역시 리뉴얼된 제품 훨씬 좋네요 제 리뷰가 도움이 되셨다면 좋아요 버튼👍 부탁드려요😍😍",https://www.oliveyoung.co.kr/store/goods/getGoodsDetail.do?goodsNo=A000000262436&dispCatNo=100000100010014&trackingCd=Cat100000100010014_Small&t_page=카테고리관&t_click=에센스/세럼/앰플_전체__상품상세&t_number=12
[산리오캐릭터즈 에디션] 메디힐 마데카소사이드 더마 세럼 50+50mL(+폼폼푸린 스마트톡),5,"5,130",없음,"요즘 피부가 건조하면서도 예민해져서 수분감 있는 세럼을 찾다가 메디힐 마데카소 사이드 더마 세럼을 사용해봤어요. 처음 발랐을 때는 촉촉하고 부드럽게 펴 발리는 느낌이 좋았고, 끈적임이 심하지 않아서 부담 없이 사용할 수 있었어요. 특히 피부에 수분을 채워주는 느낌이 들면서 사용 후 피부가 편안해지는 느낌이 있어서 좋았습니다. 저는 복합성 피부라 너무 무겁거나 유분감이 많은 제품은 사용하기 어려운데, 이 제품은 적당히 촉촉하면서도 답답한 느낌이 덜했어요. 아침저녁으로 스킨 다음에 사용하기에도 괜찮았고, 여러 번 덧발라도 부담스럽지 않았습니다. 피부가 푸석하거나 건조하게 느껴질 때 사용하면 촉촉함을 더해주기 좋은 것 같아요. 전체적으로 사용감이 만족스러워서 꾸준히 사용해보고 싶은 제품입니다!",https://www.oliveyoung.co.kr/store/goods/getGoodsDetail.do?goodsNo=A000000262436&dispCatNo=100000100010014&trackingCd=Cat100000100010014_Small&t_page=카테고리관&t_click=에센스/세럼/앰플_전체__상품상세&t_number=12
[산리오캐릭터즈 에디션] 메디힐 마데카소사이드 더마 세럼 50+50mL(+폼폼푸린 스마트톡),5,"5,130",건성,리뉴얼 됐다고 해서 사봤는데 좋아요 용기 크기도 커서 만족했고 다 쓰면 또 살거에요,https://www.oliveyoung.co.kr/store/goods/getGoodsDetail.do?goodsNo=A000000262436&dispCatNo=100000100010014&trackingCd=Cat100000100010014_Small&t_page=카테고리관&t_click=에센스/세럼/앰플_전체__상품상세&t_number=12
[산리오캐릭터즈 에디션] 메디힐 마데카소사이드 더마 세럼 50+50mL(+폼폼푸린 스마트톡),5,"5,130",건성,"벌써 몇 병째 쓰고 있는 제 인생 세럼인데, 이번엔 폼폼푸린 에디션이라 고민 없이 바로 또 재구매했어요! 💛 피부가 예민할 때마다 마데카소사이드로 싹 진정시켜 줘서 항시 쟁여두는 아이템입니다. 끈적임 없이 수분만 촉촉하게 채워주고 속건조까지 잡아줘서 매일 손이 가요. 쓰면 쓸수록 피부결이 매끈해지고 붉은기도 많이 편안해지는 게 보여서 끊을 수가 없네요. 게다가 50mL+50mL 대용량 기획에 너무 귀여운 폼폼푸린 스마트톡까지 얻을 수 있어서 이번 재구매는 진짜 대성공입니다! 앞으로도 계속 안고 갈 꿀템이에요.",https://www.oliveyoung.co.kr/store/goods/getGoodsDetail.do?goodsNo=A000000262436&dispCatNo=100000100010014&trackingCd=Cat100000100010014_Small&t_page=카테고리관&t_click=에센스/세럼/앰플_전체__상품상세&t_number=12
[산리오캐릭터즈 에디션] 메디힐 마데카소사이드 더마 세럼 50+50mL(+폼폼푸린 스마트톡),5,"5,130",건성,피부 진정에 너무 좋아요! 토너 다음 바로 사용하는데 만족합니다,https://www.oliveyoung.co.kr/store/goods/getGoodsDetail.do?goodsNo=A000000262436&dispCatNo=100000100010014&trackingCd=Cat100000100010014_Small&t_page=카테고리관&t_click=에센스/세럼/앰플_전체__상품상세&t_number=12
[산리오캐릭터즈 에디션] 메디힐 마데카소사이드 더마 세럼 50+50mL(+폼폼푸린 스마트톡),5,"5,130",없음,마스크팩만 사용하다가 세럼 써보는데 정말 좋네요 아침 저녁으로 바르고 있는데 진정에 효과 있어요 용량도 더 커지고 부담없이 쓰기 좋습니다!,https://www.oliveyoung.co.kr/store/goods/getGoodsDetail.do?goodsNo=A000000262436&dispCatNo=100000100010014&trackingCd=Cat100000100010014_Small&t_page=카테고리관&t_click=에센스/세럼/앰플_전체__상품상세&t_number=12
[산리오캐릭터즈 에디션] 메디힐 마데카소사이드 더마 세럼 50+50mL(+폼폼푸린 스마트톡),5,"5,130",없음,촉촉하게 마무리돼서 수분보습에 좋고 얼굴에 붉은기가 좀 있는 편인데 이거 바르니까 붉은기가 가라앉더라구여 수분진정 필요하신분들한테 좋을 것 같네여,https://www.oliveyoung.co.kr/store/goods/getGoodsDetail.do?goodsNo=A000000262436&dispCatNo=100000100010014&trackingCd=Cat100000100010014_Small&t_page=카테고리관&t_click=에센스/세럼/앰플_전체__상품상세&t_number=12
[트러블진정세럼] 넘버즈인 1번 판토텐산 액티브업 수딩세럼 50ml 리필기획 (50ml+50ml),5,"18,498",없음,"소인이 감히 아뢰옵건대, 좁쌀여드름으로 고민하는 이들이라면 한 번쯤은 꼭 사용해 보시기를 권하고 싶은 세럼이옵니다. 피부가 예민한 편인 소인에게도 부담 없이 사용할 수 있었으며, 꾸준히 사용하니 피부가 한결 차분해지는 느낌을 받을 수 있었나이다. 제형은 촉촉하면서도 끈적임이 거의 없어 아침저녁으로 사용하기 좋았사옵니다. 피부에 빠르게 흡수되어 다음 단계 스킨케어를 하기에도 편하였고, 답답함이 남지 아니하여 계절에 관계없이 손이 자주 가는 물건이었나이다. 무엇보다 이 제품은 소인이 단순히 한 번 사용하고 끝낸 제품이 아니옵니다. 본품을 모두 사용한 뒤 리필까지 비웠고, 결국 또다시 구매하여 사용하고 있는 제품이옵니다. 화장품은 말보다 행동이 더 솔직한 법인데, 이 정도면 소인의 만족도가 어느 정도인지 짐작하실 수 있으리라 사료되옵니다. 총평하자면, 촉촉한 사용감과 피부 진정은 물론, 좁쌀 관리에도 만족스러워 계속해서 손이 가는 애정템이라 하겠사옵니다. 💬 도움이 되셨다면 아래 ‘도움이 돼요’ 버튼을 살포시 눌러주시옵소서… 소인의 재재구매 체험담이 좁쌀여드름으로 고민하는 이들에게 작은 길잡이가 되기를 바라옵나이다. 🙇‍♀️🙇‍♂️",https://www.oliveyoung.co.kr/store/goods/getGoodsDetail.do?goodsNo=A000000207225&dispCatNo=100000100010014&trackingCd=Cat100000100010014_Small&t_page=카테고리관&t_click=에센스/세럼/앰플_전체__상품상세&t_number=13
[트러블진정세럼] 넘버즈인 1번 판토텐산 액티브업 수딩세럼 50ml 리필기획 (50ml+50ml),5,"18,498",없음,"예 또 샀습니다 리필까지 10통 넘게 썼습니다 넘버즈인 리뷰를 너무 자주 써서 걍 붙여넣기 할까 싶었지만 리뷰 작성에 매우 진심인지라 또 써보겠습니다 - 산뜻촉촉 그 자체, 레이어드 해도 쫙쫙 다 흡수됨 (사용감이 진짜 넘사벽...) - 한여름에 발라도 유분X 수분만 가득한 가벼운 제형 - 나이아신아마이드 4% 들어있어 얼굴톤 맑아짐 (심지어 아침에 바르고 출근했다가 저녁에 세수하고 와도 얼굴이 환해져있음 아직도 신기) - 여드름이나 트러블이 바로 괜찮아진다!! 할 순 없지만 붉게 올라온 자잘한 트러블이 점점 작아지는 효과는 몇번 봤음 - 초민감성+복합성 피부인데 레이어드 횟수만 달리 해서 사계절내내 바름 진짜 인생 세럼",https://www.oliveyoung.co.kr/store/goods/getGoodsDetail.do?goodsNo=A000000207225&dispCatNo=100000100010014&trackingCd=Cat100000100010014_Small&t_page=카테고리관&t_click=에센스/세럼/앰플_전체__상품상세&t_number=13
[트러블진정세럼] 넘버즈인 1번 판토텐산 액티브업 수딩세럼 50ml 리필기획 (50ml+50ml),5,"18,498",없음,트러블고민이면 사야됨 엔시티가 광고하는거면 걍사는 정병인간이라 홀린듯이 샀음; 박지성은 못가지는 반면 얼굴엔 드름이들과 공조하는 수분부족 지성을 달고사는 인간임.. 멘헤라 마냥 수시로 달래줘야하는 민강섬피부인데 트러블 면에선 이 세럼이 젤 좋았음 첨엔 수부지속건조를 잡기엔 애매하군 했는데 🫪4일 정도쓰면 좁쌀들어가고 화농성 2개날거 1개나는 느낌임🫪그냥 근본적인 수분문제 해결해주는 교과서전용이였슨 화장 전에도 크림 발라야될만큼 건조함이 조금 느껴지긴 했음 뭐 수분세럼이라기보단 좁쌀세럼이 더 잘맞는말인듯 여름에 수부지는 가벼운 겔크림이랑 써도 좋았고 건성부턴 리치한 크림 필요할듯 어떤 기초랑도 궁합좋으심 드름*끼들 잡는데 너무좋음 그냥 이런 세럼을 발견해서 기모찌 +리필까지 박박쓰는 중 스킨케어유목민인데 재구매각🩵,https://www.oliveyoung.co.kr/store/goods/getGoodsDetail.do?goodsNo=A000000207225&dispCatNo=100000100010014&trackingCd=Cat100000100010014_Small&t_page=카테고리관&t_click=에센스/세럼/앰플_전체__상품상세&t_number=13
[트러블진정세럼] 넘버즈인 1번 판토텐산 액티브업 수딩세럼 50ml 리필기획 (50ml+50ml),5,"18,498",건성,넘버즈인 앰플은 그냥 믿고 사는듯.. 6번 자주 쓰는데 데일리로 1번 구매해봤고 자극없어서 아침에 자주 발랐습니당,https://www.oliveyoung.co.kr/store/goods/getGoodsDetail.do?goodsNo=A000000207225&dispCatNo=100000100010014&trackingCd=Cat100000100010014_Small&t_page=카테고리관&t_click=에센스/세럼/앰플_전체__상품상세&t_number=13
[트러블진정세럼] 넘버즈인 1번 판토텐산 액티브업 수딩세럼 50ml 리필기획 (50ml+50ml),5,"18,498",없음,💙한줄요약: 여름에 사용하기 최적의 앰플 👍 💙장점 : 피지 많이 올라올때 사용하면 좋다고해서 이번 여름 시작하자마자 구입함 !일단 제형이 진짜 가볍고 금방 흡수되어서 여름에 사용하기에도 전혀 무겁지 않아서 너무 좋았음 좁쌀 많이 올라올때 피지량 많을때 꾸준히 사용하면 확실히 도움을 많이 받음 피지가 없어져요 정도는 아니지만 그전에 일주일에 한번 피지제거할정도면 지금은 2주에 한번 정도? 본품1+1행사를 자주해서 세일때 쟁여두면 좋을듯! 💙단점 : 아무래도 제형이 물같이 흐르는제형이라 생각보다 금방씀ㅠ 💙나만의꿀팁! 좁쌀이 조금 많이 올라온다 하는 고민부위에 수분토너 2~3번 레이어드한뒤 약국에 파는 톡톡이 연고와 이거랑 함께 사용해주고 재생크림 바르고 자면 다음날 좁쌀이 많이 가라앉아있는걸 볼 수 있음👍 도움이되셨다면 도움돼요 부탁드립니다❤️,https://www.oliveyoung.co.kr/store/goods/getGoodsDetail.do?goodsNo=A000000207225&dispCatNo=100000100010014&trackingCd=Cat100000100010014_Small&t_page=카테고리관&t_click=에센스/세럼/앰플_전체__상품상세&t_number=13
[트러블진정세럼] 넘버즈인 1번 판토텐산 액티브업 수딩세럼 50ml 리필기획 (50ml+50ml),5,"18,498",없음,"요즘 피부 뒤집어지고 난리 나서 속상했는데, 역시 넘버즈인 1번 세럼이 효자템이네요! 🩵 우선 제형부터 미쳤어요… 워터리하게 주르륵 흐르는 가벼운 수분 텍스처인데, 피부에 올리는 순간 끈적임 1도 없이 싹- 흡수돼요! 7초 만에 속수분 꽉 채워주는 느낌이랄까요? 판토텐산(B5) 성분이 들어가서 그런지 확실히 붉은 기랑 오돌토돌 붉게 올라온 피지 잡는 데 대박이에요 🥺✨ 바르고 나면 피부가 세상 쫀쫀 촉촉해지는데, 유분감은 잡아줘서 메이크업 전에 발라도 절대 안 밀림! 게다가 이번 더블 기획은 본품에 리필까지 들어있어서 아낌없이 듬뿍 바를 수 있답니다… 혜자 구성 너무 사랑해 갓버즈인…💕 수부지/여드름성 피부라 세럼 아무거나 못 쓰시는분들 완전 강추",https://www.oliveyoung.co.kr/store/goods/getGoodsDetail.do?goodsNo=A000000207225&dispCatNo=100000100010014&trackingCd=Cat100000100010014_Small&t_page=카테고리관&t_click=에센스/세럼/앰플_전체__상품상세&t_number=13
[트러블진정세럼] 넘버즈인 1번 판토텐산 액티브업 수딩세럼 50ml 리필기획 (50ml+50ml),4,"18,498",복합성,그렇게 좋다길래 .. 궁금해서 써보려구요 !! 여드름 개선에 도움이 되면 정착할거같아요,https://www.oliveyoung.co.kr/store/goods/getGoodsDetail.do?goodsNo=A000000207225&dispCatNo=100000100010014&trackingCd=Cat100000100010014_Small&t_page=카테고리관&t_click=에센스/세럼/앰플_전체__상품상세&t_number=13
[트러블진정세럼] 넘버즈인 1번 판토텐산 액티브업 수딩세럼 50ml 리필기획 (50ml+50ml),5,"18,498",지성,넘버즈인 1번라인은 제게 없어서는 안되는 제품!!!! 마스크팩 패드 세럼 파우더까지 진짜 1번라인 판토텐산 너무 좋아요 트러블 민감성 피부분들은 꼭 사셔야해요...!!!! 1번 패드 붙여주고 이 세럼까지 발라주면 붉고 오톨도톨한 피부가 바로 진정되어요!!!,https://www.oliveyoung.co.kr/store/goods/getGoodsDetail.do?goodsNo=A000000207225&dispCatNo=100000100010014&trackingCd=Cat100000100010014_Small&t_page=카테고리관&t_click=에센스/세럼/앰플_전체__상품상세&t_number=13
[트러블진정세럼] 넘버즈인 1번 판토텐산 액티브업 수딩세럼 50ml 리필기획 (50ml+50ml),5,"18,498",없음,제가 쓰고 있는 모든 기초 제품들 통틀어서 가장 많이 썼습니다 리필까지 다 합치면 10통은 넘게 썼을 거에요 진짜 인생템 - 초민감성+복합성 피부인데 레이어드 횟수만 달리 해서 사계절내내 사용 - 유분X 수분만 가득한 산뜻촉촉 제형(흡수 짱빠름) - 사실 진정이나 피지조절 보다도 미백 효과가 너무 좋아서 계속 쓰는 중(나이아신아마이드 4% 들어있대요!),https://www.oliveyoung.co.kr/store/goods/getGoodsDetail.do?goodsNo=A000000207225&dispCatNo=100000100010014&trackingCd=Cat100000100010014_Small&t_page=카테고리관&t_click=에센스/세럼/앰플_전체__상품상세&t_number=13
[트러블진정세럼] 넘버즈인 1번 판토텐산 액티브업 수딩세럼 50ml 리필기획 (50ml+50ml),1,"18,498",없음,솔직히 잘 모르겠음 이거 쓰고 여드름 더 생김 ㅋㅋ 비추요 !!,https://www.oliveyoung.co.kr/store/goods/getGoodsDetail.do?goodsNo=A000000207225&dispCatNo=100000100010014&trackingCd=Cat100000100010014_Small&t_page=카테고리관&t_click=에센스/세럼/앰플_전체__상품상세&t_number=13
[1등미백앰플] 메디큐브 PDRN 핑크 펩타이드 앰플 30ml 한정기획 (+리필팩 50ml+앰플 10ml),2,"15,803",지성,이거 좀 애매;; 지성이면 많이쓰지마세요. 좁쌀나요..근데 또 색소침착은 기가막히게 옅어져요;; 전체적으로 쓰면 톤업되는 효과 있음. 피부엔 쫀쫀한 제형인데 잘 흡수됩니다.,https://www.oliveyoung.co.kr/store/goods/getGoodsDetail.do?goodsNo=A000000264301&dispCatNo=100000100010014&trackingCd=Cat100000100010014_Small&t_page=카테고리관&t_click=에센스/세럼/앰플_전체__상품상세&t_number=14
[1등미백앰플] 메디큐브 PDRN 핑크 펩타이드 앰플 30ml 한정기획 (+리필팩 50ml+앰플 10ml),5,"15,803",복합성,산뜻할거란 내 예상과달리 생각보다 보습을 빡!주는 타입의 에센스 단품쓰고 좋아서 리필기획까지 재구매했어요,https://www.oliveyoung.co.kr/store/goods/getGoodsDetail.do?goodsNo=A000000264301&dispCatNo=100000100010014&trackingCd=Cat100000100010014_Small&t_page=카테고리관&t_click=에센스/세럼/앰플_전체__상품상세&t_number=14
[1등미백앰플] 메디큐브 PDRN 핑크 펩타이드 앰플 30ml 한정기획 (+리필팩 50ml+앰플 10ml),5,"15,803",없음,앰플 촉촉하니 좋아여 피부 매끈해짐 최근 구매한 것들 중에서 무난하기도 하고 가성비도 개만족하구 찐만족했던 거랍니당 그만큼 제 꿀템이라능요,https://www.oliveyoung.co.kr/store/goods/getGoodsDetail.do?goodsNo=A000000264301&dispCatNo=100000100010014&trackingCd=Cat100000100010014_Small&t_page=카테고리관&t_click=에센스/세럼/앰플_전체__상품상세&t_number=14
[1등미백앰플] 메디큐브 PDRN 핑크 펩타이드 앰플 30ml 한정기획 (+리필팩 50ml+앰플 10ml),5,"15,803",지성,결광이 생겨서 너무 좋아서 엄마한테도 이번에 사드렸습니다 🔆🔆코스알엑스 펩타이드 세럼이랑 궁합 너무 좋고🔆🔆 여름에도 과하지 않아요 환절기에도 너무 잘 쓸 것 같습니다,https://www.oliveyoung.co.kr/store/goods/getGoodsDetail.do?goodsNo=A000000264301&dispCatNo=100000100010014&trackingCd=Cat100000100010014_Small&t_page=카테고리관&t_click=에센스/세럼/앰플_전체__상품상세&t_number=14
[1등미백앰플] 메디큐브 PDRN 핑크 펩타이드 앰플 30ml 한정기획 (+리필팩 50ml+앰플 10ml),5,"15,803",없음,- 진짜 핑크색 앰플임 그래서 핑크앰플인가 - 핑크색이랑 PDRN이랑 무슨 상관관계가 있는지는 잘 모르겠지만 메디큐브에서 PDRN 홍보 많이하길래 구매해봤었을때 그닥 나쁘진 않았어서 재구매해봄 - 원료의 효능을 느끼진 못했지만 적당한 보습용앰플로 잘 사용햇음,https://www.oliveyoung.co.kr/store/goods/getGoodsDetail.do?goodsNo=A000000264301&dispCatNo=100000100010014&trackingCd=Cat100000100010014_Small&t_page=카테고리관&t_click=에센스/세럼/앰플_전체__상품상세&t_number=14
[1등미백앰플] 메디큐브 PDRN 핑크 펩타이드 앰플 30ml 한정기획 (+리필팩 50ml+앰플 10ml),5,"15,803",건성,핑크색이라 이뻐서 샀습니다 ㅋㅋ 보습력 좋아요 꽤괜입니다앙,https://www.oliveyoung.co.kr/store/goods/getGoodsDetail.do?goodsNo=A000000264301&dispCatNo=100000100010014&trackingCd=Cat100000100010014_Small&t_page=카테고리관&t_click=에센스/세럼/앰플_전체__상품상세&t_number=14
[1등미백앰플] 메디큐브 PDRN 핑크 펩타이드 앰플 30ml 한정기획 (+리필팩 50ml+앰플 10ml),5,"15,803",없음,피부 탄력과 미백에 도움을 많이 받고 있어요. 제형이 살짝 쫀쫀하지만 끈적임 없이 피부에 착 감기듯 흡수됩니다. 꾸준히 사용하니 피부 톤도 한층 밝아지고 피부 속부터 탱탱해지는 느낌이에요. 기획 세트로 용량도 넉넉해서 가성비 좋게 잘 쓰고 있습니다. 피부 결 개선과 잡티 케어를 동시에 하고 싶으신 분들께 강력 추천합니다!,https://www.oliveyoung.co.kr/store/goods/getGoodsDetail.do?goodsNo=A000000264301&dispCatNo=100000100010014&trackingCd=Cat100000100010014_Small&t_page=카테고리관&t_click=에센스/세럼/앰플_전체__상품상세&t_number=14
[1등미백앰플] 메디큐브 PDRN 핑크 펩타이드 앰플 30ml 한정기획 (+리필팩 50ml+앰플 10ml),4,"15,803",복합성,출산하고나서 피부톤이 칙칙해지고 탄력이 없어져서 구매했어요! 기획상품에 세일까지 해서 그나마 저렴하게 쟁겼네요! 끈적임없고 데일리로 사용하기 좋아요! 미니사이즈는 여행용으로 들구 다니기 좋을거 같아여 리뷰 믿고 열씨미 사용해볼께요!,https://www.oliveyoung.co.kr/store/goods/getGoodsDetail.do?goodsNo=A000000264301&dispCatNo=100000100010014&trackingCd=Cat100000100010014_Small&t_page=카테고리관&t_click=에센스/세럼/앰플_전체__상품상세&t_number=14
[1등미백앰플] 메디큐브 PDRN 핑크 펩타이드 앰플 30ml 한정기획 (+리필팩 50ml+앰플 10ml),1,"15,803",건성,그냥 그래여 효과 몰라여 재구매 의사 없어여 ㅎㅎ ㅋㅋ 별로에여,https://www.oliveyoung.co.kr/store/goods/getGoodsDetail.do?goodsNo=A000000264301&dispCatNo=100000100010014&trackingCd=Cat100000100010014_Small&t_page=카테고리관&t_click=에센스/세럼/앰플_전체__상품상세&t_number=14
[1등미백앰플] 메디큐브 PDRN 핑크 펩타이드 앰플 30ml 한정기획 (+리필팩 50ml+앰플 10ml),5,"15,803",복합성,"촉촉하게 발리면서 피부에 은은하게 광이 올라와서 좋았어요! 꾸준히 사용하다 보니 피부톤이 조금 더 맑고 환해 보이는 느낌도 들었고, 미백 케어를 같이 할 수 있어서 만족스러웠어요. 끈적임도 심하지 않고 흡수가 잘돼서 데일리로 사용하기 좋은 앰플이어서 또 구매했습니당",https://www.oliveyoung.co.kr/store/goods/getGoodsDetail.do?goodsNo=A000000264301&dispCatNo=100000100010014&trackingCd=Cat100000100010014_Small&t_page=카테고리관&t_click=에센스/세럼/앰플_전체__상품상세&t_number=14
[3일진정세럼]브링그린 징크테카 트러블 세럼 대용량 기획,1,"24,485",없음,아니 진심 누구 머리에서 나온 리필용기임..? 원래 안이랬는데 진심 이게 뭐야 이거 리필 채울때마다 개 스트레스 받음.. 하.. 원래 플라스틱 깔대기 있어서 3초만에 쉽게 리필했는데 리필단자 없애고서는 무슨 10분이 걸림 그리고 리필중에 10ml는 질질 흘려 버림.. 돈아까움 뭐 거의 버리는게 반 ;;;; 진짜 누구머리에서 나온 용기인건지 친환경 생각하는건 좋지만 이건 진짜 종이빨대보다 더 분노를 일으킨다.. 브링그린 징크테카만 리필 포함 30통 넘게 쓴 사람으로서 진짜 제발 다시 다시 리뉴얼좀 해주세요 리필;; 안경만두 이런 캐릭터나 연예인 모델 콜라보 이딴거 다 필요없어요 그냥 제품보고 쓰는건데 이런 콜라보에 돈 쓰지말고 제발 … 리필 이게 뭡니까 .. 🔥콜라보 히느라 돈 아끼려고 플라스틱 깔대기 뺀건가요??🔥 하다하다 다 흘려서 가위로 반 잘라서 스포이드로 옮겨 썼어요 거지같이 .. 개밤티 리필용기 리뉴얼 기원 🙏🏻🙏🏻🙏🏻 진짜 다신 이런 밤티 리뉴얼 안하시길 바랍니다,https://www.oliveyoung.co.kr/store/goods/getGoodsDetail.do?goodsNo=A000000200646&dispCatNo=100000100010014&trackingCd=Cat100000100010014_Small&t_page=카테고리관&t_click=에센스/세럼/앰플_전체__상품상세&t_number=16
[3일진정세럼]브링그린 징크테카 트러블 세럼 대용량 기획,1,"24,485",없음,솔직히 좋은지 모르겠는데… 못생긴 남자모델까지 고용하니 더 안팔릴 것 같습니다. 대체 왜 저런 모델을 쓰나요? 수요가 있는지,https://www.oliveyoung.co.kr/store/goods/getGoodsDetail.do?goodsNo=A000000200646&dispCatNo=100000100010014&trackingCd=Cat100000100010014_Small&t_page=카테고리관&t_click=에센스/세럼/앰플_전체__상품상세&t_number=16
[3일진정세럼]브링그린 징크테카 트러블 세럼 대용량 기획,4,"24,485",건성,"‼️진정앰플중엔 꽤 괜찮, 트러블 없음‼️ ‼️두번째 공병템‼️ 확 효과 봤다도 아닌데, 트러블 없고 무난하니 2번째나 공병템입니다!! 트러블 올라온날 앰플로 쓰기 괜찮아요",https://www.oliveyoung.co.kr/store/goods/getGoodsDetail.do?goodsNo=A000000200646&dispCatNo=100000100010014&trackingCd=Cat100000100010014_Small&t_page=카테고리관&t_click=에센스/세럼/앰플_전체__상품상세&t_number=16
[3일진정세럼]브링그린 징크테카 트러블 세럼 대용량 기획,5,"24,485",건성,"건성피부(여름에는 복합성, 가끔 트러블 올라옴/턱 위주) 제형: 완전 흐르는 제형으로 약간 점성이 달팽이같이 늘어나는 느낌, 무거움 하나도 없어요 트러블 올라오면 꼭 바르는 진정세럼 확실히 바르고 자면 다음날 붉은기 사라지고 트러블이 들어갈 때가 많아서 꼭 구매해서 사용 중이에여 4계절 필수템인데 수분이 있는 제품은 아니라서 꼬옥! 수분 보습 제품 함께 사용 추천해요 요기 토너 제품도 여름에 항상 사용하는 진정토너(세안 후 바로 뿌려줘요) 이거 쟁여두고 이번에 재구매했는데 리필용기 너무 불편할 것 같은.... 세럼 입구에 저런 리필파우치가 잘 들어갈지",https://www.oliveyoung.co.kr/store/goods/getGoodsDetail.do?goodsNo=A000000200646&dispCatNo=100000100010014&trackingCd=Cat100000100010014_Small&t_page=카테고리관&t_click=에센스/세럼/앰플_전체__상품상세&t_number=16
[3일진정세럼]브링그린 징크테카 트러블 세럼 대용량 기획,1,"24,485",없음,제 피부는 수부지 민감성 여드름 피부입니다. 징크테카 성분이 여드름에 좋다는 얘기를 들어서 구매했습니다. 일주일 사용 하였는데 피부가 뒤집어졌어요….ㅠㅠㅜ 괜히 대용량으로 산 것 같아요. 징크테카 성분 처음 써보시는 분들은 대용량으로 사지 마시고 작은 용량으로 사서 한 번 테스트 해보고 대용량으로 사시길…,https://www.oliveyoung.co.kr/store/goods/getGoodsDetail.do?goodsNo=A000000200646&dispCatNo=100000100010014&trackingCd=Cat100000100010014_Small&t_page=카테고리관&t_click=에센스/세럼/앰플_전체__상품상세&t_number=16
[3일진정세럼]브링그린 징크테카 트러블 세럼 대용량 기획,1,"24,485",없음,아니 진심 누구 머리에서 나온 리필용기임..? 원래 안이랬는데 진심 이게 뭐야 이거 리필 채울때마다 개 스트레스 받음.. 하.. 원래 플라스틱 깔대기 있어서 3초만에 쉽게 리필했는데 리필단자 없애고서는 무슨 10분이 걸림 그리고 리필중에 10ml는 질질 흘려 버림.. 진짜 누구머리에서 나온 용기인건지 친환경 생각하는건 좋지만 이건 진짜 종이빨대보다 더 분노를 일으킨다.. 브링그린 징크테카만 리필 포함 30통 넘게 쓴 사람으로서 진짜 제발 다시 다시 리뉴얼좀 해주세요 리필;; 안경만두 이런 캐릭터나 연예인 모델 콜라보 이딴거 다 필요없어요 그냥 제품보고 쓰는건데 이런 콜라보에 돈 쓰지말고 제발 … 리필 이게 뭡니까 .. 🔥콜라보 히느라 돈 아끼려고 플라스틱 깔대기 뺀건가요??🔥 하다하다 다 흘려서 가위로 반 잘라서 스포이드로 옮겨 썼어요 거지같이 .. 개밤티 리필용기 리뉴얼 기원 🙏🏻🙏🏻🙏🏻 진짜 다신 이런 밤티 리뉴얼 안하시길 바랍니다,https://www.oliveyoung.co.kr/store/goods/getGoodsDetail.do?goodsNo=A000000200646&dispCatNo=100000100010014&trackingCd=Cat100000100010014_Small&t_page=카테고리관&t_click=에센스/세럼/앰플_전체__상품상세&t_number=16
[3일진정세럼]브링그린 징크테카 트러블 세럼 대용량 기획,5,"24,485",복합성,자극은 없는 것 같고 제가 이런 류의 냄새를 좋아해서 그런가 냄새는 극호였습니다 냄새의 특징은 풀 냄샌데 좀 마데카솔 냄새도 나고 그렇습니다 이거 덕분에 피부 여드름성이였는데 많이 나아졌어요 사진이 좀 웃기긴한데 ㅋㅋㅋㅋ 양해부탁드립니다,https://www.oliveyoung.co.kr/store/goods/getGoodsDetail.do?goodsNo=A000000200646&dispCatNo=100000100010014&trackingCd=Cat100000100010014_Small&t_page=카테고리관&t_click=에센스/세럼/앰플_전체__상품상세&t_number=16
[3일진정세럼]브링그린 징크테카 트러블 세럼 대용량 기획,5,"24,485",건성,유분감을 잡아주면서 피부에 필요한 수분을 깔끔하게 채워줘요. 예민하고 자극에 약한 피부도 민감함 없이 매일 아침·저녁으로 바르기 좋아요.,https://www.oliveyoung.co.kr/store/goods/getGoodsDetail.do?goodsNo=A000000200646&dispCatNo=100000100010014&trackingCd=Cat100000100010014_Small&t_page=카테고리관&t_click=에센스/세럼/앰플_전체__상품상세&t_number=16
[3일진정세럼]브링그린 징크테카 트러블 세럼 대용량 기획,5,"24,485",지성,👆위에 상세 후기영상이 있습니당👆 딱 쓰기 좋아요!! 민감성인데 너무 편안하네여!!,https://www.oliveyoung.co.kr/store/goods/getGoodsDetail.do?goodsNo=A000000200646&dispCatNo=100000100010014&trackingCd=Cat100000100010014_Small&t_page=카테고리관&t_click=에센스/세럼/앰플_전체__상품상세&t_number=16
[3일진정세럼]브링그린 징크테카 트러블 세럼 대용량 기획,5,"24,485",복합성,늘 사용하는 세럼이에여 몇통째인지 모를만큼 구매해서 사용중인데 물같은 제형이지만 흡수잘되고 진정도잘되요! 토너다음으로 가겹게 발라주기좋아요 리필용은 디자인이 좀바꼈네요 여러가지구성이있어서 골라서구매가능한게 좋은거같아요,https://www.oliveyoung.co.kr/store/goods/getGoodsDetail.do?goodsNo=A000000200646&dispCatNo=100000100010014&trackingCd=Cat100000100010014_Small&t_page=카테고리관&t_click=에센스/세럼/앰플_전체__상품상세&t_number=16
"[흔적 리페어_c-PDRN 10,000 PPM]리쥬덱스 더마 리페어링 솔루션 앰플 10mLx2EA",5,363,복합성,"리쥬덱스 크림 써보고 너무 좋았어서 앰플까지 구매,,, 역시 제품력ㅇ이 좋아서 그런지 가격대는 있는 편이네요ㅠㅠ 20ml에 3만원이 넘다니 주사기 느낌으로 짜서 바르는 형태예요 제형은 너무 묽지도 가볍지도 않았어요 바르고 나면 확실히 진정되는 것 같기는 해요 저는 저녁에 이 제품 바르고 같은 라인 크림까지 발라줘야 담날 아침에 상태가 진짜 좋아지더라구요 붉은기 진정에 확실한 효과를 볼 수 있삼 가격은 사악하지만 아껴쓰고 다쓰면 재구매 의향있ㅅ어요 제 리뷰가 도움이 되셨다면 좋아요 버튼👍 부탁드려요😍😍",https://www.oliveyoung.co.kr/store/goods/getGoodsDetail.do?goodsNo=A000000260346&dispCatNo=100000100010014&trackingCd=Cat100000100010014_Small&t_page=카테고리관&t_click=에센스/세럼/앰플_전체__상품상세&t_number=17
"[흔적 리페어_c-PDRN 10,000 PPM]리쥬덱스 더마 리페어링 솔루션 앰플 10mLx2EA",3,363,건성,제가 피부가 얇아서 왠만한 세럼/앰플들은 일반 피부에 비해 흡수가 엄청 빠른 타입이거든요 바르는 족족 다 빠르게 흡수되버려서.. 근데 이 제품은 일단 흡수가 요즘 제품들에 비해 느린 타입이었고 마무리감은 끈적였어요 저녁 사용 권장 용기 굉장히 마음에 안들어요 왜 굳이 이런 타입으로 만드는지 모르겠어요 그냥 스포이드로 만들면 사용하기 편할텐데 더 써보고 한달 후기 남길게요,https://www.oliveyoung.co.kr/store/goods/getGoodsDetail.do?goodsNo=A000000260346&dispCatNo=100000100010014&trackingCd=Cat100000100010014_Small&t_page=카테고리관&t_click=에센스/세럼/앰플_전체__상품상세&t_number=17
"[흔적 리페어_c-PDRN 10,000 PPM]리쥬덱스 더마 리페어링 솔루션 앰플 10mLx2EA",5,363,없음,"한 달 정도 사용해봤는데 피부가 푸석하고 건조할 때 사용하기 좋았어요! 앰플 제형이 촉촉하면서도 피부에 부담스럽게 끈적이지 않고, 사용하고 나면 피부가 매끈하고 탄탄하게 정돈되는 느낌이에요. 꾸준히 사용하니까 피부 컨디션 관리하는 데 도움이 되는 느낌이라 만족스러웠고, 특히 건조해서 피부가 거칠어 보일 때 사용하면 촉촉함이 잘 채워져서 좋았어요. 2개 구성이라 넉넉하게 사용할 수 있는 것도 마음에 들어요 :)",https://www.oliveyoung.co.kr/store/goods/getGoodsDetail.do?goodsNo=A000000260346&dispCatNo=100000100010014&trackingCd=Cat100000100010014_Small&t_page=카테고리관&t_click=에센스/세럼/앰플_전체__상품상세&t_number=17
"[흔적 리페어_c-PDRN 10,000 PPM]리쥬덱스 더마 리페어링 솔루션 앰플 10mLx2EA",5,363,복합성,"피부 컨디션이 안 좋을 때 집중적으로 관리해보려고 구매해봤어요ㅎㅎ 리쥬덱스 더마 리페어링 솔루션 앰플은 피부가 예민해졌거나 관리가 필요한 날 사용하기 좋았습니다. 피부에 부드럽게 발리고 촉촉하게 흡수되는 편이라 부담스럽지 않았고, 사용하고 나면 피부가 한결 편안해지는 느낌이었어요. 특히 피부에 자극이 있었던 날이나 컨디션이 떨어졌을 때 사용하면 좋더라고요. 평소 사용하는 기초 제품보다 조금 더 집중해서 관리하고 싶은 날 꺼내 쓰기 좋았습니다. 제형도 너무 무겁거나 끈적이는 느낌이 심하지 않아서 다른 스킨케어 제품과 같이 사용하기 편했고, 바르고 난 뒤 피부가 촉촉하게 유지되는 점도 마음에 들었어요. 아직 장기간 사용한 건 아니라 눈에 띄는 변화를 단정하기는 어렵지만, 피부가 예민해졌을 때 편안하게 관리하기 좋은 앰플이라는 생각이 들었습니다. 꾸준히 사용해보면서 피부 컨디션을 좀 더 지켜보려고 해요ㅎㅎ 전체적으로 사용감이 부담스럽지 않고 피부를 집중적으로 관리하고 싶을 때 사용하기 좋은 제품이었습니다. 특히 피부 관리 후나 컨디션이 좋지 않을 때 사용할 앰플을 찾는 분들에게 괜찮을 것 같아요.",https://www.oliveyoung.co.kr/store/goods/getGoodsDetail.do?goodsNo=A000000260346&dispCatNo=100000100010014&trackingCd=Cat100000100010014_Small&t_page=카테고리관&t_click=에센스/세럼/앰플_전체__상품상세&t_number=17
"[흔적 리페어_c-PDRN 10,000 PPM]리쥬덱스 더마 리페어링 솔루션 앰플 10mLx2EA",5,363,건성,"최근 피부과에서 레이저 시술 (피코토닝) 을 꾸준히 받는 중인데,극민감성이라 시술 받고 나면 피부가 너무 따갑고 예민해져서 시술 후에 좋은 거 없나 하다가 발견했어요 안 그래도 써보고 싶었는데 마침 오특..!! 앰플이랑 크림 같이 구매했는데 가격은 용량 대비 저렴하진 않지만 성분이랑 pdrn 함량이 높아서 괜찮다고 생각합니다 🤭 그래도 앰플은 양도 작지만 정말 만족했어요! 피부과 다녀온 후 뿐만 아니라 재생이나 진정 필요할 때 쓰면 참 좋아요 하지만 더 대용량 기획도 나오면 좋겠어요..👉🏻👈🏻",https://www.oliveyoung.co.kr/store/goods/getGoodsDetail.do?goodsNo=A000000260346&dispCatNo=100000100010014&trackingCd=Cat100000100010014_Small&t_page=카테고리관&t_click=에센스/세럼/앰플_전체__상품상세&t_number=17
"[흔적 리페어_c-PDRN 10,000 PPM]리쥬덱스 더마 리페어링 솔루션 앰플 10mLx2EA",5,363,없음,아주 약간의 점성이 느껴지는 제형인데 부드럽게 잘 흡수되고 특별한 향이 없어서 좋아요. 피부가 안좋은 상태에서 발라도 따가움이나 자극이 느껴지지 않았고 붉은기 진정이 확실히 빨랐습니다. 크림이랑 같이 사용하니 궁합이 좋았고 더 빨리 가라앉은 느낌이에요. 마무리감이 미끌하기 보다는 쫀쫀한 느낌이라 더 만족스러웠습니다.,https://www.oliveyoung.co.kr/store/goods/getGoodsDetail.do?goodsNo=A000000260346&dispCatNo=100000100010014&trackingCd=Cat100000100010014_Small&t_page=카테고리관&t_click=에센스/세럼/앰플_전체__상품상세&t_number=17
"[흔적 리페어_c-PDRN 10,000 PPM]리쥬덱스 더마 리페어링 솔루션 앰플 10mLx2EA",5,363,없음,점성이없어 묽고가벼운앰플이예요 산뜻하고 여름에바르기좋네요 물풀같은 끈적임없이 진정효과도 나쁘지않은듯 무난무난해요,https://www.oliveyoung.co.kr/store/goods/getGoodsDetail.do?goodsNo=A000000260346&dispCatNo=100000100010014&trackingCd=Cat100000100010014_Small&t_page=카테고리관&t_click=에센스/세럼/앰플_전체__상품상세&t_number=17
"[흔적 리페어_c-PDRN 10,000 PPM]리쥬덱스 더마 리페어링 솔루션 앰플 10mLx2EA",5,363,복합성,되게 묽은 제형인데 소량으로도 잘발리고 두드릴수록 흡수가 잘되어서 쫀쫀해져요 신기합니당 펌핑할때 마다 소량씩 나오는게 약간 답답하지만 아껴바를수 있어서 좋기두~?,https://www.oliveyoung.co.kr/store/goods/getGoodsDetail.do?goodsNo=A000000260346&dispCatNo=100000100010014&trackingCd=Cat100000100010014_Small&t_page=카테고리관&t_click=에센스/세럼/앰플_전체__상품상세&t_number=17
"[흔적 리페어_c-PDRN 10,000 PPM]리쥬덱스 더마 리페어링 솔루션 앰플 10mLx2EA",5,363,없음,피부에 자극 없이 순하고 흔적을 집중 케어해 주는 제품이에요.,https://www.oliveyoung.co.kr/store/goods/getGoodsDetail.do?goodsNo=A000000260346&dispCatNo=100000100010014&trackingCd=Cat100000100010014_Small&t_page=카테고리관&t_click=에센스/세럼/앰플_전체__상품상세&t_number=17
"[흔적 리페어_c-PDRN 10,000 PPM]리쥬덱스 더마 리페어링 솔루션 앰플 10mLx2EA",5,363,건성,리 주란 회사에서 만들어서 믿음이 가고 제품력도 굉장히 좋아요. 근데 가격이 조금 비싼 게 흠인 듯.,https://www.oliveyoung.co.kr/store/goods/getGoodsDetail.do?goodsNo=A000000260346&dispCatNo=100000100010014&trackingCd=Cat100000100010014_Small&t_page=카테고리관&t_click=에센스/세럼/앰플_전체__상품상세&t_number=17
[1+1][손거울 증정] 한율 쑥히알 세럼 40ml 리필 기획 (+40ml 리필+산리오 헬로키티 손거울(랜덤)),5,"5,991",지성,요놈 참 요물이니 강.추 합니다 사십시오 아 근데 단점 : 유리병 용기라 다 떨어질쯤 되면 펌핑이 전혀안돼서 뚜껑열고 뒤집어 팍팍 쳐야 세럼이 나옴ㅜ 이거말곤업내요.ㅋ 한율 할무니아줌마들 쓰는 브랜드로 인식이 되어잇어서 속상함 이것참조은대 . . . 기름기 개많은 청소년들과 어여쁜 젊은 언니들이 쓰기도 딱좋어요,https://www.oliveyoung.co.kr/store/goods/getGoodsDetail.do?goodsNo=A000000262934&dispCatNo=100000100010014&trackingCd=Cat100000100010014_Small&t_page=카테고리관&t_click=에센스/세럼/앰플_전체__상품상세&t_number=19
[1+1][손거울 증정] 한율 쑥히알 세럼 40ml 리필 기획 (+40ml 리필+산리오 헬로키티 손거울(랜덤)),5,"5,991",복합성,유분을 진짜 싹 잡아줌 여름에 넘 잘썼는데 겨울에도 로션크림 추가해서 잘쓸예정! 수부지는 강추입니다 기획 거울 랜덤이에용 거울+ 키링까지..,https://www.oliveyoung.co.kr/store/goods/getGoodsDetail.do?goodsNo=A000000262934&dispCatNo=100000100010014&trackingCd=Cat100000100010014_Small&t_page=카테고리관&t_click=에센스/세럼/앰플_전체__상품상세&t_number=19
[1+1][손거울 증정] 한율 쑥히알 세럼 40ml 리필 기획 (+40ml 리필+산리오 헬로키티 손거울(랜덤)),5,"5,991",지성,최애 세럼입니다.거의 5통 넘게 썻어요.일단 끈적이지 아모고 화장이 여름이던 겨울이던 뜨지 않아요.그리고 다음 세럼보다 호ㅓㄱ실리 유분이 좀 적게 낭하요.이거 없으면 전 죽어요. 지성들운 꼭꼭 트러이 해보시길 제발.같은 차인 제품들 다 써봣눈데 새럼이 레앙 찐 좋아요.이 세롬 댜체 세럼은 없어요. 전 좋아하는 최야탬들은 쟁여둬야 하는 정신병이 있어서 이거 리필이랑 본품 하나씩 쟁여둡니다. 제발 싸보세요,https://www.oliveyoung.co.kr/store/goods/getGoodsDetail.do?goodsNo=A000000262934&dispCatNo=100000100010014&trackingCd=Cat100000100010014_Small&t_page=카테고리관&t_click=에센스/세럼/앰플_전체__상품상세&t_number=19
[1+1][손거울 증정] 한율 쑥히알 세럼 40ml 리필 기획 (+40ml 리필+산리오 헬로키티 손거울(랜덤)),5,"5,991",없음,본품에 리필 구성이라서 구매해봤어요 세럼 안에 알갱이가 신기해요 헬로키티 거울 귀여워요,https://www.oliveyoung.co.kr/store/goods/getGoodsDetail.do?goodsNo=A000000262934&dispCatNo=100000100010014&trackingCd=Cat100000100010014_Small&t_page=카테고리관&t_click=에센스/세럼/앰플_전체__상품상세&t_number=19
[1+1][손거울 증정] 한율 쑥히알 세럼 40ml 리필 기획 (+40ml 리필+산리오 헬로키티 손거울(랜덤)),5,"5,991",복합성,한율쑥라인 좋아하는데 이번엔 이거 샀어요🙂 자극적이지않고 금방흡수되고 안끈적여서 딱 좋아요💜계속쓰면 피부결도 정돈될듯ㅎㅎ 왜냐??? 푸석한피부가 하루만에 아침에 화잘먹 얼굴 됬으요ㅎㅎ👍일단더써보고요~~,https://www.oliveyoung.co.kr/store/goods/getGoodsDetail.do?goodsNo=A000000262934&dispCatNo=100000100010014&trackingCd=Cat100000100010014_Small&t_page=카테고리관&t_click=에센스/세럼/앰플_전체__상품상세&t_number=19
[1+1][손거울 증정] 한율 쑥히알 세럼 40ml 리필 기획 (+40ml 리필+산리오 헬로키티 손거울(랜덤)),5,"5,991",없음,수분패드 증정용으로 써봤는데 좋아서 본품구매했어요. 수부지피부에도 적합하고 번들거리지않고 유분기잡아주는 성분있어서 끈적거리지않고 수분충전할수있어요. 추천합니다,https://www.oliveyoung.co.kr/store/goods/getGoodsDetail.do?goodsNo=A000000262934&dispCatNo=100000100010014&trackingCd=Cat100000100010014_Small&t_page=카테고리관&t_click=에센스/세럼/앰플_전체__상품상세&t_number=19
[1+1][손거울 증정] 한율 쑥히알 세럼 40ml 리필 기획 (+40ml 리필+산리오 헬로키티 손거울(랜덤)),5,"5,991",지성,한율 앰플 리뷰만 몇 번 쓰는지 모르겠음.. 세럼은 한율 산 이후로 한 번도 안 갈아타고 이것만 썼음!! 진짜 흡수 빠르고 쿨링감 좋고 보습도 잘 되고 뭐 하나 아쉬운 것 없는 세럼.. 그냥사세요제발사라고,https://www.oliveyoung.co.kr/store/goods/getGoodsDetail.do?goodsNo=A000000262934&dispCatNo=100000100010014&trackingCd=Cat100000100010014_Small&t_page=카테고리관&t_click=에센스/세럼/앰플_전체__상품상세&t_number=19
[1+1][손거울 증정] 한율 쑥히알 세럼 40ml 리필 기획 (+40ml 리필+산리오 헬로키티 손거울(랜덤)),5,"5,991",지성,아직도 한율앰플 좋은 거 모르는 사람 없죠?? 1. 쿨링감 좋음. 2. 보습 잘 됨. 3. 유분 막아줌. (드라마틱한 효과x) 4. 홍조박멸 5. 트러블 진정 6. 흡수빠름 그냥 사세요 제발 사라고 사,https://www.oliveyoung.co.kr/store/goods/getGoodsDetail.do?goodsNo=A000000262934&dispCatNo=100000100010014&trackingCd=Cat100000100010014_Small&t_page=카테고리관&t_click=에센스/세럼/앰플_전체__상품상세&t_number=19
[1+1][손거울 증정] 한율 쑥히알 세럼 40ml 리필 기획 (+40ml 리필+산리오 헬로키티 손거울(랜덤)),5,"5,991",없음,지성은 아묻따 사세요 제발!!!! 극지성인데 이거 토너 >> 세럼 >> 선크림 >> 이니스프리 파우더 발랏는데 진짜 기름이 한~~~참 뒤에 나와요 6시쯤 화장하고 나가면 점심지나서야 스멀스멀 기름 찔끔씩 예쁘게 나와요😆😆🤣🤣😇😌 진짜 지성혁명템,https://www.oliveyoung.co.kr/store/goods/getGoodsDetail.do?goodsNo=A000000262934&dispCatNo=100000100010014&trackingCd=Cat100000100010014_Small&t_page=카테고리관&t_click=에센스/세럼/앰플_전체__상품상세&t_number=19
[1+1][손거울 증정] 한율 쑥히알 세럼 40ml 리필 기획 (+40ml 리필+산리오 헬로키티 손거울(랜덤)),5,"5,991",복합성,"우산 든 키티가 위시엿는데 그래도 귀여우니까 괜찮아요! 수분 세럼인데 끈적임없고 유분감만 딱 잡아줘서 지금 3병째 쓰고있어요! 지성, 수부지 분들 여름에 유분 폭팔될 때 진정용으로 사용하기 좋아요!",https://www.oliveyoung.co.kr/store/goods/getGoodsDetail.do?goodsNo=A000000262934&dispCatNo=100000100010014&trackingCd=Cat100000100010014_Small&t_page=카테고리관&t_click=에센스/세럼/앰플_전체__상품상세&t_number=19
[흔적미백] 넘버즈인 5번 글루타치온C 흔적 앰플 30ml+30ml 듀오기획,5,"21,677",없음,"2026.01.09에 색소침착때문에 스트레스 받아서 유튜브 보면서 공부 하던중 나이아신아마이드, 비타민이 좋다는걸 접한 후 현재 ~ 2026.0729까지 일주일 2-3번씩 꼭 바르며 항상 발라옴 사진 없었으면 진짜 이정도로 변했단걸 못 느꼈을듯 예전사진 보고 충격 -> 보정 1도 안 한 아이폰 14 일반 카메라! 말로 주저리 설명하는 것 보단 이렇게 변화를 사진으로 올리는게 더 큰 도움이 될 거라고 생각. 공부를 하다보니 처음에 어떤 제품 살까 많은 고민 있었음 이 리뷰 보고 있으신 분들도 코스0엑스 제품이랑 고민하고 있을거라 생각하는데 비타민은 무조건 많이 들었다고 좋은게 XX!!! 완전 큰 착각 너무 많음 함량이면 오히려 피부에 자극을 줌 그리고 개인적으로 느낀건 코스0엑스는 넘 끈적거렸음 그래서 넘버즈인에 자연스레 손이 갔고 항상 쟁여두고 세일때마다 쓰는 중 친구들에게도 예전 리뷰 쓴거에도 다 칭찬 밖에 없을정도 없어지면 안 되는 제품이고 내 피부를 구원해준 제품 돈 없는 거지라 피부과 한 번도 가본적 없는 사람으로서 진짜 사랑임! 도움되셨다면 좋아요 한 번씩 부탁드려요 좋은 하루 되세요세상의 모든 피부 고민 홧팅..",https://www.oliveyoung.co.kr/store/goods/getGoodsDetail.do?goodsNo=A000000189837&dispCatNo=100000100010014&trackingCd=Cat100000100010014_Small&t_page=카테고리관&t_click=에센스/세럼/앰플_전체__상품상세&t_number=20
[흔적미백] 넘버즈인 5번 글루타치온C 흔적 앰플 30ml+30ml 듀오기획,5,"21,677",지성,저번에 쓴 리뷰가 좋아요를 정말 많이 받았더라고요! 일단 정말 감사합니다 아무래도 진심을 담고 피부가 좋아진 과정이 한 눈에 보여서 많은 분들이 관심을 가지고 좋아해주셨던 거 같아요 전 정말 넘버즈인을 숭배하고 싶습니다 넘버즈인 없었으면 아직도 눈 못 마주칠거에요 ㅎㅎ.. 저 진짜 예전 남친이랑도 눈을 못 마주쳤어요 지금생각하면 너무 답답했을 제 전 남자친구에게 너무 미안하네요 아..!아무튼 이게 중요한게아니고 이번에도 어김없이 또 구매했습니다 총 에이블리에서 샀던 거 통틀어서 9병째이네요 올해 1월부터 쓰기 시작해서 벌써 9월인데 정말 꾸준히가 중요한 거 같아요 솔직히 처음에는 다 바이럴인줄 알았어요 돈도 많이 날리고 학생이라 용돈은 없는데 피부과도 못가고 왜 나만 피부가 안 좋을까 우울했어요 근데 이젠 진짜 그런 생각 아예 안 하는 거 같아요 정말 예~~전에 찍어뒀던 사진까지 풀어왔습니다 한병으로 효과 보려고 생각하지 말고 꾸준히!! 꼭 오늘 굉장히 tmi와 함께 길게 말해버렸네용 그래도 이해해주세영 예전 사진이랑 비교해보시면 말이 왜이렇게 길어지시는지 아실겁니다..!! 마지막으로 저번에 좋아요 많이 눌러주신거 정말!! 너무!! 감사합니다 😁😁 앗 그리고 혹시나 해서 하는 말이지만 전부 제사진입니다. 아이폰 14 일반 카메라 보정 절대 X !사진 더 올리고 싶은데 제한이있네요우!,https://www.oliveyoung.co.kr/store/goods/getGoodsDetail.do?goodsNo=A000000189837&dispCatNo=100000100010014&trackingCd=Cat100000100010014_Small&t_page=카테고리관&t_click=에센스/세럼/앰플_전체__상품상세&t_number=20
[흔적미백] 넘버즈인 5번 글루타치온C 흔적 앰플 30ml+30ml 듀오기획,5,"21,677",지성,"넘버즈인 제품을 정말 많이사고 리뷰를 살 때 마다 쓰니깐 이제 할 말이 없네요 그냥 항상 너무 칭찬하는 제품이라 이제 말모말모입니다 색소침착으로 고민하는 모든 분들에게 한 번쯤은 진짜 꼭 써보셨으면 좋겠어요 항상 좀 부끄럽고 당연히 무보정이지만 그만큼 변화와, 진짜 안 좋었던 개복치 피부여도 이렇게 좋아질 수 있다는걸 여러분께 알려드리고 싶었어요 !!",https://www.oliveyoung.co.kr/store/goods/getGoodsDetail.do?goodsNo=A000000189837&dispCatNo=100000100010014&trackingCd=Cat100000100010014_Small&t_page=카테고리관&t_click=에센스/세럼/앰플_전체__상품상세&t_number=20
[흔적미백] 넘버즈인 5번 글루타치온C 흔적 앰플 30ml+30ml 듀오기획,5,"21,677",없음,아니.. 피부 여드름 흉터 때문에.. 진짜.. 화장으로도 안가려지고.. 생얼을 볼때면.. 한숨밖에 안나오고.. 걍 밖에 나가도 누가 내 피부 볼까봐 신경쓰이고 그러더라구여..ㅠ 그래서 피부에 자신감이 완전 zero 였는데.. 이거 쓰고 흉터는 남아있긴 한데.. 전보다 많이 옅어졌어여!!,https://www.oliveyoung.co.kr/store/goods/getGoodsDetail.do?goodsNo=A000000189837&dispCatNo=100000100010014&trackingCd=Cat100000100010014_Small&t_page=카테고리관&t_click=에센스/세럼/앰플_전체__상품상세&t_number=20
[흔적미백] 넘버즈인 5번 글루타치온C 흔적 앰플 30ml+30ml 듀오기획,3,"21,677",없음,"제품이야 유명하고 패키지 바뀌기 전부터 써서 꾸준히 구매해서 쓰는데 아니… 판매 메인 사진도 상세 글 페이지도 꼭 제품 2개 주는 듯이 광고하는데 스포이드 제외 더블, 듀오 구성도 어니고 그냥 떡하니 더블 구성, 듀오 세트, 1+1이라고 하는데 제품 2개에 스포이드 하나 구성이네요.. 누가봐도 여기저기 사진이며 글 모두 다 스포이드도 2개 주는 듯이 판매중인데 스포이드는 하나만 주는거잖어요,,,, 왜 본품 2개 인 듯 말해요. 본품은 1세트에 하나는 리필용 본품 이런 느낌이 맞죠 아니면 본품 2개(스포이드 1개) 어쨌든 좀 충분히 헷갈리게 판매하고 있고 처음에 뜯고 사기 당한줄.. 나눠 쓰려고 구매했다면 그렇게 못 하는 구성입니다! 스포이드는 1개라서요 본인이 다 쓰셔야 해요. 1개 스포이드로 2병을",https://www.oliveyoung.co.kr/store/goods/getGoodsDetail.do?goodsNo=A000000189837&dispCatNo=100000100010014&trackingCd=Cat100000100010014_Small&t_page=카테고리관&t_click=에센스/세럼/앰플_전체__상품상세&t_number=20
[흔적미백] 넘버즈인 5번 글루타치온C 흔적 앰플 30ml+30ml 듀오기획,5,"21,677",없음,주위추천으로샀다가 정착템되었어요ㅎㅎ밤에바르고자면 다음날피부좋아진게 딱보여용 저에게맞는제품!!,https://www.oliveyoung.co.kr/store/goods/getGoodsDetail.do?goodsNo=A000000189837&dispCatNo=100000100010014&trackingCd=Cat100000100010014_Small&t_page=카테고리관&t_click=에센스/세럼/앰플_전체__상품상세&t_number=20
[흔적미백] 넘버즈인 5번 글루타치온C 흔적 앰플 30ml+30ml 듀오기획,5,"21,677",없음,"넘버즈인 5번 글루타치온 비타민 농축 세럼은 잡티, 여드름 흔적, 칙칙한 피부 톤 개선에 특화되어 올리브영을 비롯한 국내외에서 큰 인기를 끌고 있는 미백 기능성 세럼입니다. 비타민 C 단독 고함량 제품들과 달리, 글루타치온, 5% 나이아신아마이드, 트라넥삼산(4%), 알파아르부틴 등 다양한 미백 성분을 황금 비율로 배합하여 피부 장벽에 자극을 주지 않으면서도 얼룩덜룩한 색소 침착을 부드럽게 케어해 줍니다. 약간의 점성이 있는 밀키한 노란빛 제형으로 바른 직후에는 약간의 끈적임이나 유분감이 감돌 수 있으나, 금방 산뜻하게 흡수되어 자연스러운 속광을 채워줍니다. 다만 이미 오래되어 깊게 자리 잡은 오래된 기미나 흉터에는 눈에 띄는 효과를 보기까지 다소 오랜 시간이 걸릴 수 있으며, 비타민 성분에 민감한 초민감성 피부라면 간혹 좁쌀 트러블이 올라올 수 있으므로 5번 라인의 토너 패드나 토너와 함께 단계별로 레이어링하며 적응해 나가는 것을 추천합니다",https://www.oliveyoung.co.kr/store/goods/getGoodsDetail.do?goodsNo=A000000189837&dispCatNo=100000100010014&trackingCd=Cat100000100010014_Small&t_page=카테고리관&t_click=에센스/세럼/앰플_전체__상품상세&t_number=20
[흔적미백] 넘버즈인 5번 글루타치온C 흔적 앰플 30ml+30ml 듀오기획,5,"21,677",없음,항상쓰던 제품으로 변함없이 계속사용 할듯 합니다. 제품 잘 만들어주세요,https://www.oliveyoung.co.kr/store/goods/getGoodsDetail.do?goodsNo=A000000189837&dispCatNo=100000100010014&trackingCd=Cat100000100010014_Small&t_page=카테고리관&t_click=에센스/세럼/앰플_전체__상품상세&t_number=20
[흔적미백] 넘버즈인 5번 글루타치온C 흔적 앰플 30ml+30ml 듀오기획,5,"21,677",없음,비타민씨 랑 글루타치온 이랑 트라넥삼산이랑 같이 쓰면 완전 시너지 효과로 미백의 강자가 됨요!! 글루타치온 쓰고 있는데 순하고 좋네요 ㅋㅋ,https://www.oliveyoung.co.kr/store/goods/getGoodsDetail.do?goodsNo=A000000189837&dispCatNo=100000100010014&trackingCd=Cat100000100010014_Small&t_page=카테고리관&t_click=에센스/세럼/앰플_전체__상품상세&t_number=20
[흔적미백] 넘버즈인 5번 글루타치온C 흔적 앰플 30ml+30ml 듀오기획,5,"21,677",복합성,하나씩 들어있는줄알고 나눠쓰려했는데 스포이드는 하나네요 비타민이라 어쩔 수 없는건가봄,https://www.oliveyoung.co.kr/store/goods/getGoodsDetail.do?goodsNo=A000000189837&dispCatNo=100000100010014&trackingCd=Cat100000100010014_Small&t_page=카테고리관&t_click=에센스/세럼/앰플_전체__상품상세&t_number=20
[9월 올영픽/산리오 콜라보] 구달 청귤 비타C 잡티케어 세럼 알파 50+50ml 리필 기획(+폼폼푸린 마그넷 피규어),5,"5,076",없음,- 맨 피부에 바르는 것보다는 토너를 바른 후에 피부결 정돈된 상태에서 바르는게 좋을 것 같음 - 기름기가 1도 없는 건조한편임 바르고 난 후 흡수되면 아무것도 안바른것같은 느낌도 들긴 함 - 보습은 크림단계에서 챙겨줘야할것같음 가벼운 제형이라 토너도 크림토너나 에멀전 사용하면 왠지 흡수안될것같아서 항상 물토너 사용했음(바이오힐보 제품 사용),https://www.oliveyoung.co.kr/store/goods/getGoodsDetail.do?goodsNo=A000000263562&dispCatNo=100000100010014&trackingCd=Cat100000100010014_Small&t_page=카테고리관&t_click=에센스/세럼/앰플_전체__상품상세&t_number=21
[9월 올영픽/산리오 콜라보] 구달 청귤 비타C 잡티케어 세럼 알파 50+50ml 리필 기획(+폼폼푸린 마그넷 피규어),5,"5,076",건성,구달 비타c는 워낙 유명하기도하고 전에 치이카와랑 콜라보해서 써본적 있던 세럼인데 이번에 폼푸기획이라 너무 귀여운거같아요!! 폼푸광인친구 주려고 제꺼하나 친구꺼하나 두개샀어요! 올영세일 쿠폰이 괜찮아서 저렴하게잘산거같아요,https://www.oliveyoung.co.kr/store/goods/getGoodsDetail.do?goodsNo=A000000263562&dispCatNo=100000100010014&trackingCd=Cat100000100010014_Small&t_page=카테고리관&t_click=에센스/세럼/앰플_전체__상품상세&t_number=21
[9월 올영픽/산리오 콜라보] 구달 청귤 비타C 잡티케어 세럼 알파 50+50ml 리필 기획(+폼폼푸린 마그넷 피규어),5,"5,076",건성,청귤세럼 재구매 두병째 하고 있어요 순한데 미백 효과가 있는 것 같아요 꾸준히 쓰니까 좀 잡티가 옅어진듯? 잡티이별세럼 인정해요 다른 비타민 세럼은 자극적인데 청귤세럼은 관리하기도 편하고 아침 저녁 사용할 수 있어서 더 효과를 잘 볼 수 있는 것 같아요 폼폼푸린 마그넷도 넘나리 귀여움,https://www.oliveyoung.co.kr/store/goods/getGoodsDetail.do?goodsNo=A000000263562&dispCatNo=100000100010014&trackingCd=Cat100000100010014_Small&t_page=카테고리관&t_click=에센스/세럼/앰플_전체__상품상세&t_number=21
[9월 올영픽/산리오 콜라보] 구달 청귤 비타C 잡티케어 세럼 알파 50+50ml 리필 기획(+폼폼푸린 마그넷 피규어),5,"5,076",복합성,나이드니 역시 잡티가 나오기 시작하네요ㅜㅜ 특히 더운여름 선크림을 바른다고 해도 뜨거운 햇빛을 피해갈수 없나봐요. 여름에 지친 피부와 잡티고민인 분들께 추천드리며 잡티명가 구달 제품이라 확실히 미백에는 효과가 보여서 만족합니다^^ 가격대비 리필에 사은품까지 기대이상이에요ㅎㅎ,https://www.oliveyoung.co.kr/store/goods/getGoodsDetail.do?goodsNo=A000000263562&dispCatNo=100000100010014&trackingCd=Cat100000100010014_Small&t_page=카테고리관&t_click=에센스/세럼/앰플_전체__상품상세&t_number=21
[9월 올영픽/산리오 콜라보] 구달 청귤 비타C 잡티케어 세럼 알파 50+50ml 리필 기획(+폼폼푸린 마그넷 피규어),5,"5,076",복합성,"완전 예전에 쓰고 이번에 폼폼푸린 기획+올영세일 겹칠 때 야무지게 샀어요ㅎㅎ 원래 청귤세럼,잡티이별세럼으로 효과는 많이 봤어서 제품력은 의심 노노링 일단 미백 이런 제품은 꼭 꾸준히 사용해야 효과가 보여요ㅠㅠ 그래서 저도 요즘 아침 저녁으로 써주는중! 또 미백제품이 잘못 바르면 자극이 있거나 피부가 붉어지는데 얘는 진짜 순해요 그런거 아예 없었어요 근데 또 꾸준히 쓰면 효과 굿 그리고 같이 주는 이 폼폼푸린 마그넷이 넘 귀여워요ㅠㅠ 먼가 아기자기한 소품샵에서 갠적으로 사고싶은ㅠㅠㅠ 암튼 세일에 넘 귀여운 콜라보까지 잘 샀네욤 히히 제 리뷰가 도움이 되셨다면 좋아요 버튼👍 부탁드려요😍😍",https://www.oliveyoung.co.kr/store/goods/getGoodsDetail.do?goodsNo=A000000263562&dispCatNo=100000100010014&trackingCd=Cat100000100010014_Small&t_page=카테고리관&t_click=에센스/세럼/앰플_전체__상품상세&t_number=21
[9월 올영픽/산리오 콜라보] 구달 청귤 비타C 잡티케어 세럼 알파 50+50ml 리필 기획(+폼폼푸린 마그넷 피규어),5,"5,076",건성,"벌써 몇 병째 내돈내산 재구매인지 모를 제 인생 잡티세럼인데, 이번 산리오 콜라보 보자마자 바로 또 쟁였어요! 💛 민감 피부도 매일매일 사용할 수 있어야 잡티 개선 효과가 확실하다고 생각하는데, 구달 청귤세럼이 딱 그렇거든요! 예민한 피부에도 자극 없이 순한데 미백 효과는 확실하게 느껴져서 계속 꾸준히 구매하게 돼요. 끈적임 없이 촉촉하게 흡수되니까 아침저녁으로 데일리 케어하기 진짜 좋습니다. 특히 이번 산리오 에디션으로 추가된 '폼폼푸린 마그넷'이 실물 갑이에요! 자석이라 냉장고나 타공판에 붙여도 되고, 고리가 있어서 키링으로 활용 가능한 점이 너무 귀엽고 유용해요. 순하지만 효과는 확실한 청귤세럼에 대용량 기획, 귀여운 마그넷까지 얻어서 이번 재구매도 대성공입니다!",https://www.oliveyoung.co.kr/store/goods/getGoodsDetail.do?goodsNo=A000000263562&dispCatNo=100000100010014&trackingCd=Cat100000100010014_Small&t_page=카테고리관&t_click=에센스/세럼/앰플_전체__상품상세&t_number=21
[9월 올영픽/산리오 콜라보] 구달 청귤 비타C 잡티케어 세럼 알파 50+50ml 리필 기획(+폼폼푸린 마그넷 피규어),5,"5,076",없음,구달 청귤세럼 워낙 유명해서 궁금했는데 직접 써보니 왜 꾸준히 찾는지 알겠어요ㅎㅎ 제형이 너무 무겁거나 끈적이지 않고 촉촉하게 펴 발리는 타입이라 아침저녁으로 사용하기 부담 없었어요. 바르고 나면 피부가 답답하지 않고 산뜻하게 흡수되는 편이라 다른 스킨케어 제품이랑 같이 사용하기도 좋더라구요. 꾸준히 사용하면서 피부가 칙칙해 보일 때 데일리로 관리해주기 괜찮다는 느낌을 받았어요. 이번에는 산리오 콜라보 구성으로 구매했는데 본품이랑 리필까지 있어서 넉넉하게 사용할 수 있는 것도 마음에 들고 폼폼푸린 마그넷까지 너무 귀여워요ㅋㅋ 제품도 실용적이고 굿즈도 예뻐서 만족스러운 구매였습니다!,https://www.oliveyoung.co.kr/store/goods/getGoodsDetail.do?goodsNo=A000000263562&dispCatNo=100000100010014&trackingCd=Cat100000100010014_Small&t_page=카테고리관&t_click=에센스/세럼/앰플_전체__상품상세&t_number=21
[9월 올영픽/산리오 콜라보] 구달 청귤 비타C 잡티케어 세럼 알파 50+50ml 리필 기획(+폼폼푸린 마그넷 피규어),5,"5,076",건성,한 달 동안 아침저녁으로 꾸준히 발라주니 칙칙했던 피부 톤이 한층 밝아지고 맑아졌어요. 비타민 세럼인데도 자극적이지 않고 촉촉하게 스며들어서 잡티 케어용으로 부담 없이 사용했습니다.,https://www.oliveyoung.co.kr/store/goods/getGoodsDetail.do?goodsNo=A000000263562&dispCatNo=100000100010014&trackingCd=Cat100000100010014_Small&t_page=카테고리관&t_click=에센스/세럼/앰플_전체__상품상세&t_number=21
[9월 올영픽/산리오 콜라보] 구달 청귤 비타C 잡티케어 세럼 알파 50+50ml 리필 기획(+폼폼푸린 마그넷 피규어),5,"5,076",복합성,촉촉하면서 살짝 점성이 느껴지는 제형이고 피부에 부드럽게 펴 발리는 편이에요 바르고 난 뒤에도 수분감이 느껴져서 저는 아침저녁 데일리 스킨케어에 넣기 좋았어요 역시 믿고 사는 브랜드입니다🙃,https://www.oliveyoung.co.kr/store/goods/getGoodsDetail.do?goodsNo=A000000263562&dispCatNo=100000100010014&trackingCd=Cat100000100010014_Small&t_page=카테고리관&t_click=에센스/세럼/앰플_전체__상품상세&t_number=21
[9월 올영픽/산리오 콜라보] 구달 청귤 비타C 잡티케어 세럼 알파 50+50ml 리필 기획(+폼폼푸린 마그넷 피규어),5,"5,076",건성,폼푸 마그넷이 진짜 귀여워요 입체적인데 꽤 크기가 커서 왕크왕귀임.. 구달 청귤 비타C세럼은 비타세럼이지만 자극이 없고 순한느낌의 세럼이라 부담없이 선물주기도 좋더라구요! 건성기준 여름에 쓰기 좋아요!,https://www.oliveyoung.co.kr/store/goods/getGoodsDetail.do?goodsNo=A000000263562&dispCatNo=100000100010014&trackingCd=Cat100000100010014_Small&t_page=카테고리관&t_click=에센스/세럼/앰플_전체__상품상세&t_number=21
아이오페 레티놀 레티젝션 세럼 30ml 기획 (+세럼10ml+크림15ml),5,672,없음,두통째 쓰고 있는 레티놀! 30대는 레티놀 꼭 바르라고 해서 바르는데 아이오페 레티놀이 좋다고 해서 바르고 있어요. 그 중에서도 피부속으로 더 잘 침투되라고 요 스피큘 세럼을 바르고 있고 마무리로 약국 3천원 짜리 콜라겐 크림이랑 아지렐린 섞어서 마무리하고 있어요. (내돈내산이예요. 그냥 꿀조합 공유하려고 적은것입니다.) 레티놀 바르고 재생크림을 바르기도 합니다. 유튜브에 검색해서 사용방법 보시고 꿀조합 찾아서 발라보시길 추천드립니다.,https://www.oliveyoung.co.kr/store/goods/getGoodsDetail.do?goodsNo=A000000232357&dispCatNo=100000100010014&trackingCd=Cat100000100010014_Small&t_page=카테고리관&t_click=에센스/세럼/앰플_전체__상품상세&t_number=22
아이오페 레티놀 레티젝션 세럼 30ml 기획 (+세럼10ml+크림15ml),5,672,복합성,언니가 부탁해서 구입했어요. 일본에 있는데 명절때 한국에 와서 가져간데요. 자주 쎄일해주세요,https://www.oliveyoung.co.kr/store/goods/getGoodsDetail.do?goodsNo=A000000232357&dispCatNo=100000100010014&trackingCd=Cat100000100010014_Small&t_page=카테고리관&t_click=에센스/세럼/앰플_전체__상품상세&t_number=22
아이오페 레티놀 레티젝션 세럼 30ml 기획 (+세럼10ml+크림15ml),5,672,복합성,요거 엄청 유명하잖아요 짐 쓰는 레티놀이 있긴한데 그냥 세일하길래 사봤어요 ㅎ 쓰던거 빨리 쓰고 써보려고 아직 뜯지 않았어요 순하다고 하니 기대됩니다,https://www.oliveyoung.co.kr/store/goods/getGoodsDetail.do?goodsNo=A000000232357&dispCatNo=100000100010014&trackingCd=Cat100000100010014_Small&t_page=카테고리관&t_click=에센스/세럼/앰플_전체__상품상세&t_number=22
아이오페 레티놀 레티젝션 세럼 30ml 기획 (+세럼10ml+크림15ml),5,672,없음,"일단 전 민감성 피부지만 레티놀 제품을 2년 넘게 꾸준히 써왔기때문에 자극은 전혀 못느꼈숩니당 한번 써봤지만 다음날 붉어짐,따가움 등 이상 없었어요~ 기분 탓인지 4시간 잤는데도 피부 컨디션이 푹 자고 일어난 컨디션이라 꾸준히 써볼 예정입니당",https://www.oliveyoung.co.kr/store/goods/getGoodsDetail.do?goodsNo=A000000232357&dispCatNo=100000100010014&trackingCd=Cat100000100010014_Small&t_page=카테고리관&t_click=에센스/세럼/앰플_전체__상품상세&t_number=22
아이오페 레티놀 레티젝션 세럼 30ml 기획 (+세럼10ml+크림15ml),5,672,건성,보습만 신경 쓰는데 나이 들수록 약간 주름이 신경 쓰이는 것 같아서 이걸로 사봤어요. 니들 샷 써봤어서 하얀색 안 사고 이거부터 샀어요. 평이 좋아서 기대돼요. 여기서도 이제,https://www.oliveyoung.co.kr/store/goods/getGoodsDetail.do?goodsNo=A000000232357&dispCatNo=100000100010014&trackingCd=Cat100000100010014_Small&t_page=카테고리관&t_click=에센스/세럼/앰플_전체__상품상세&t_number=22
아이오페 레티놀 레티젝션 세럼 30ml 기획 (+세럼10ml+크림15ml),5,672,복합성,부모님 드리니 매우 좋아하시네요 ㅎㅎ주름 모공에 좋은 것 같아요ㅕ,https://www.oliveyoung.co.kr/store/goods/getGoodsDetail.do?goodsNo=A000000232357&dispCatNo=100000100010014&trackingCd=Cat100000100010014_Small&t_page=카테고리관&t_click=에센스/세럼/앰플_전체__상품상세&t_number=22
아이오페 레티놀 레티젝션 세럼 30ml 기획 (+세럼10ml+크림15ml),5,672,없음,레티놀 중에 젤 좋은 제품이라고 해서 구입했어요 효과가 좋았으면 좋겠네요,https://www.oliveyoung.co.kr/store/goods/getGoodsDetail.do?goodsNo=A000000232357&dispCatNo=100000100010014&trackingCd=Cat100000100010014_Small&t_page=카테고리관&t_click=에센스/세럼/앰플_전체__상품상세&t_number=22
아이오페 레티놀 레티젝션 세럼 30ml 기획 (+세럼10ml+크림15ml),5,672,없음,레티놀 중에 젤 좋은 제품이라고 해서 구입했어요 꾸준히 써볼게요,https://www.oliveyoung.co.kr/store/goods/getGoodsDetail.do?goodsNo=A000000232357&dispCatNo=100000100010014&trackingCd=Cat100000100010014_Small&t_page=카테고리관&t_click=에센스/세럼/앰플_전체__상품상세&t_number=22
아이오페 레티놀 레티젝션 세럼 30ml 기획 (+세럼10ml+크림15ml),5,672,없음,"탄력이 떨어지고 모공이 예전보다 눈에 띄는 것 같아서 레티놀 세럼을 꾸준히 사용해보고 있어요ㅎㅎ 처음에는 레티놀이라 자극이 걱정됐는데 제 피부에는 생각보다 편안하게 잘 맞았고, 부드럽게 펴 발리면서 촉촉하게 마무리돼요. 꾸준히 바르다 보니 피부결이 매끈하고 쫀쫀해지는 느낌이 들어서 특히 저녁 스킨케어 때 잘 사용하고 있어요😊 건조함도 크게 느껴지지 않아 탄력과 모공을 함께 관리하고 싶을 때 손이 자주 가는 제품이에요!",https://www.oliveyoung.co.kr/store/goods/getGoodsDetail.do?goodsNo=A000000232357&dispCatNo=100000100010014&trackingCd=Cat100000100010014_Small&t_page=카테고리관&t_click=에센스/세럼/앰플_전체__상품상세&t_number=22
아이오페 레티놀 레티젝션 세럼 30ml 기획 (+세럼10ml+크림15ml),5,672,없음,요즘 탄력이 예전 같지 않은 것 같아서 레티놀 제품 하나 써보고 싶었는데 아이오페라 믿고 사용해봤어요ㅎㅎ 처음에는 자극 있을까 봐 저녁에 소량씩 발랐는데 저는 생각보다 따갑거나 불편한 느낌 없이 잘 맞더라고요👍 촉촉하게 발리고 흡수된 뒤에는 끈적임도 심하지 않아요. 며칠 꾸준히 사용하니까 아침에 세안할 때 피부가 좀 매끈하고 탄탄해진 느낌도 들고요ㅋㅋ 세럼이랑 크림까지 같이 들어 있어서 저녁에 세트로 챙겨 바르기도 좋네용!! 꾸준히 써봐야겠어요^^,https://www.oliveyoung.co.kr/store/goods/getGoodsDetail.do?goodsNo=A000000232357&dispCatNo=100000100010014&trackingCd=Cat100000100010014_Small&t_page=카테고리관&t_click=에센스/세럼/앰플_전체__상품상세&t_number=22
[30ml+30ml / 강력토닝케어] 아렌시아 비타민 C 부스터 샷 30ml 더블기획,3,"1,410",없음,계속 쓰고 있는데 뭐 바뀌는게 하나도 없는 그저 바이럴 잘 된 상품.. 그리고 바르면 노래지니 낮에는 추천 안합니다,https://www.oliveyoung.co.kr/store/goods/getGoodsDetail.do?goodsNo=A000000254661&dispCatNo=100000100010014&trackingCd=Cat100000100010014_Small&t_page=카테고리관&t_click=에센스/세럼/앰플_전체__상품상세&t_number=24
[30ml+30ml / 강력토닝케어] 아렌시아 비타민 C 부스터 샷 30ml 더블기획,5,"1,410",없음,"🍋 한 달 정도 꾸준히 사용해봤는데 확실히 저녁 스킨케어에 손이 자주 가는 앰플이에요 발림성이 산뜻하고 끈적임이 거의 없어서 요즘처럼 더울 때 사용하기에도 부담이 없었습니다 비타민C 함량이 높은 제품이라 꾸준히 사용하니까 피부톤이 조금 더 화사해진 느낌도 들었고, 자극감 없이 순하게 사용할 수 있어서 좋았어요 흡수도 빠른 편이라 화장 전에 발라도 밀림이 거의 없어서 아침에 사용하기 딱 좋았습니다 30ml+30ml 구성이라 넉넉하게 사용할 수 있고 가격도 이 정도 용량이면 괜찮은 편이라 만족해요 한 달 사용해보니 앞으로도 꾸준히 사용할 것 같습니당 🍋",https://www.oliveyoung.co.kr/store/goods/getGoodsDetail.do?goodsNo=A000000254661&dispCatNo=100000100010014&trackingCd=Cat100000100010014_Small&t_page=카테고리관&t_click=에센스/세럼/앰플_전체__상품상세&t_number=24
[30ml+30ml / 강력토닝케어] 아렌시아 비타민 C 부스터 샷 30ml 더블기획,5,"1,410",건성,"칙칙하고 피부톤이 균일하지 않아 보이는 날 집중 케어용으로 사용해 봤어요. 제형이 피부에 비교적 빠르게 펴 발리고 여러 번 덧발라도 크게 무겁지 않았습니다. 사용 후 피부가 촉촉해지고 피부톤이 조금 더 생기 있어 보이는 느낌이 들어서 아침저녁 스킨케어에 활용하기 좋았어요. 비타민C 제품 특유의 산뜻한 느낌도 마음에 들었고, 꾸준히 사용하면서 피부 컨디션을 관리하기 좋은 제품이라고 느꼈습니다.",https://www.oliveyoung.co.kr/store/goods/getGoodsDetail.do?goodsNo=A000000254661&dispCatNo=100000100010014&trackingCd=Cat100000100010014_Small&t_page=카테고리관&t_click=에센스/세럼/앰플_전체__상품상세&t_number=24
[30ml+30ml / 강력토닝케어] 아렌시아 비타민 C 부스터 샷 30ml 더블기획,5,"1,410",없음,에이미님 보고 샀는데 겨드랑이 ㄹㅇ 하얘짐 바세린이랑 섞발하세요!,https://www.oliveyoung.co.kr/store/goods/getGoodsDetail.do?goodsNo=A000000254661&dispCatNo=100000100010014&trackingCd=Cat100000100010014_Small&t_page=카테고리관&t_click=에센스/세럼/앰플_전체__상품상세&t_number=24
[30ml+30ml / 강력토닝케어] 아렌시아 비타민 C 부스터 샷 30ml 더블기획,5,"1,410",없음,잡티나 기미에 좋아서 샀구요 한달 체감 효과는 드라마틱하진 않아서 좀 더 지켜봐야 할 것 같아요 월 수 금 에 바르고 그 외에는 레티놀 바르고 있음요,https://www.oliveyoung.co.kr/store/goods/getGoodsDetail.do?goodsNo=A000000254661&dispCatNo=100000100010014&trackingCd=Cat100000100010014_Small&t_page=카테고리관&t_click=에센스/세럼/앰플_전체__상품상세&t_number=24
[30ml+30ml / 강력토닝케어] 아렌시아 비타민 C 부스터 샷 30ml 더블기획,5,"1,410",없음,"제형이 부담스럽게 무겁지 않고 피부에 부드럽게 펴 발려서 데일리 케어로 사용하기 괜찮았어요. 칙칙해 보이는 피부가 신경 쓰일 때 집중적으로 사용해주니 피부가 한층 생기 있고 깔끔해 보이는 느낌이었어요. 비타민 C 제품 특유의 산뜻한 느낌도 마음에 들었고, 스킨케어 마지막 단계에 추가해서 사용하기 편했어요. 30ml 용량이라 휴대하기에도 좋고 필요한 부위에 집중적으로 바르기 좋더라고요. 꾸준히 사용하면서 피부 톤과 맑은 인상을 관리해보려고 해요.",https://www.oliveyoung.co.kr/store/goods/getGoodsDetail.do?goodsNo=A000000254661&dispCatNo=100000100010014&trackingCd=Cat100000100010014_Small&t_page=카테고리관&t_click=에센스/세럼/앰플_전체__상품상세&t_number=24
[30ml+30ml / 강력토닝케어] 아렌시아 비타민 C 부스터 샷 30ml 더블기획,5,"1,410",없음,비타민 C 부스터 샷이라 꾸준히 사용해보려고 더블기획으로 선택했는데 두 개라 넉넉하게 사용할 수 있어 마음에 들어요ㅎㅎ 제형이 가볍게 펴 발리고 끈적임이 심하지 않아서 스킨케어 마지막 단계에 사용하기 편했어요. 바르고 나면 피부가 촉촉하게 정돈되고 피부결도 한결 매끈해 보이는 느낌이라 만족스럽습니다. 처음에는 피부 상태를 봐가면서 사용량을 조절하고 보습도 충분히 해주려고 해요. 30ml라 부담스럽지 않은 용량이고 두 개 구성이라 꾸준히 관리하기 좋을 것 같아요.,https://www.oliveyoung.co.kr/store/goods/getGoodsDetail.do?goodsNo=A000000254661&dispCatNo=100000100010014&trackingCd=Cat100000100010014_Small&t_page=카테고리관&t_click=에센스/세럼/앰플_전체__상품상세&t_number=24
[30ml+30ml / 강력토닝케어] 아렌시아 비타민 C 부스터 샷 30ml 더블기획,5,"1,410",없음,"평소에 좋아하는 브랜드라 믿고 구매했습니다~ 소량으로 써봤는데 자극없어서 얼굴전체 발랐는데 피부톤이 밝아지는게 느껴지네요 기미,잡티가 없어지는건 오래 써봐야알것같고 피부가 매끈해져서 도움이됩니다!! 매일 저녁에 쓰고 있는데 밝아지면 좋겠네요~~",https://www.oliveyoung.co.kr/store/goods/getGoodsDetail.do?goodsNo=A000000254661&dispCatNo=100000100010014&trackingCd=Cat100000100010014_Small&t_page=카테고리관&t_click=에센스/세럼/앰플_전체__상품상세&t_number=24
[30ml+30ml / 강력토닝케어] 아렌시아 비타민 C 부스터 샷 30ml 더블기획,5,"1,410",복합성,강력토닝케어라는 말에 구매했어요! ㅎㅎ 비타민c 부스터샷 꾸준히 사용해보려구용,https://www.oliveyoung.co.kr/store/goods/getGoodsDetail.do?goodsNo=A000000254661&dispCatNo=100000100010014&trackingCd=Cat100000100010014_Small&t_page=카테고리관&t_click=에센스/세럼/앰플_전체__상품상세&t_number=24
[30ml+30ml / 강력토닝케어] 아렌시아 비타민 C 부스터 샷 30ml 더블기획,5,"1,410",없음,상큼한 사용감과 함께 피부가 칙칙해 보일 때 톤 케어용으로 사용하기 좋았어요. 무겁거나 끈적이는 느낌이 적고 피부에 촉촉하게 흡수되는 편이라 아침·저녁으로 부담 없이 사용하기 좋았습니다. 꾸준히 사용하면서 피부톤과 잡티를 관리하고 싶은 분께 잘 맞을 것 같아요.,https://www.oliveyoung.co.kr/store/goods/getGoodsDetail.do?goodsNo=A000000254661&dispCatNo=100000100010014&trackingCd=Cat100000100010014_Small&t_page=카테고리관&t_click=에센스/세럼/앰플_전체__상품상세&t_number=24
[9월 올영픽] 파티온 노스카나인 트러블 세럼 50ml 리필 기획 (+리필40ml+크림10ml),5,"80,531",복합성,"평소 피부가 예민해지거나 갑자기 올라오는 트러블 때문에 고민이예요. 이세럼은 워터리하면서도 약간의 농감이 느껴지는 제형인데, 피부에 올리는 순간 겉돌지 않고 수분감 있게 싹 흡수되어서 사용감이 좋아요 끈적임이나 답답함이 전혀 없어서 아침 메이크업 전에 바르기에도 좋은거 같아요 부담이 없고, 저녁에는 레이어링해서 듬뿍 발라주면 자극받았던 피부가 한결 편안하게",https://www.oliveyoung.co.kr/store/goods/getGoodsDetail.do?goodsNo=A000000219609&dispCatNo=100000100010014&trackingCd=Cat100000100010014_MID&t_page=카테고리관&t_click=에센스/세럼/앰플_전체__상품상세&t_number=25
[9월 올영픽] 파티온 노스카나인 트러블 세럼 50ml 리필 기획 (+리필40ml+크림10ml),5,"80,531",복합성,사용해보고 마음에 들어서 올영세일을 맞아 재구매했어요 피부 컨디션이 안 좋을 때 신경 쓰이는 부분에 집중해서 사용하기 좋았고 세럼이라 그런지 촉촉하게 펴발려서 데일리 스킨케어에 넣기 편하더라고요 무겁거나 답답한 느낌이 적어서 아침저녁으로 사용하기 괜찮았고 화장 전에 발라도 부담스럽지 않았어요,https://www.oliveyoung.co.kr/store/goods/getGoodsDetail.do?goodsNo=A000000219609&dispCatNo=100000100010014&trackingCd=Cat100000100010014_MID&t_page=카테고리관&t_click=에센스/세럼/앰플_전체__상품상세&t_number=25
[9월 올영픽] 파티온 노스카나인 트러블 세럼 50ml 리필 기획 (+리필40ml+크림10ml),5,"80,531",복합성,세럼이라 발림성이 가볍고 피부에 부드럽게 펴발려서 아침저녁으로 부담 없이 사용하기 좋더라고요 끈적임이 심하지 않고 흡수되고 나면 피부가 답답하지 않아서 재구매해서 사용중이예요,https://www.oliveyoung.co.kr/store/goods/getGoodsDetail.do?goodsNo=A000000219609&dispCatNo=100000100010014&trackingCd=Cat100000100010014_MID&t_page=카테고리관&t_click=에센스/세럼/앰플_전체__상품상세&t_number=25
[9월 올영픽] 파티온 노스카나인 트러블 세럼 50ml 리필 기획 (+리필40ml+크림10ml),5,"80,531",없음,트러블이 잘 안나지만 나면 진짜 아픈거 나서 그때 발라주려고 구매했는데 순하고 조으네용 유명한 이유가 있어요,https://www.oliveyoung.co.kr/store/goods/getGoodsDetail.do?goodsNo=A000000219609&dispCatNo=100000100010014&trackingCd=Cat100000100010014_MID&t_page=카테고리관&t_click=에센스/세럼/앰플_전체__상품상세&t_number=25
[9월 올영픽] 파티온 노스카나인 트러블 세럼 50ml 리필 기획 (+리필40ml+크림10ml),5,"80,531",복합성,가족 모두가 민감성 피부라 집에 상비약처럼 구비해 놓고 있는 제품이에요. 진정 효과 빠르고 좋습니다. 아이 여드름에도 잘 발라주고 있어요. 특히 이 제품은 리필까지 있어서 가성비가 정말 좋은 듯 합니다. 항상 믿고 쓰는 파티온이에요.,https://www.oliveyoung.co.kr/store/goods/getGoodsDetail.do?goodsNo=A000000219609&dispCatNo=100000100010014&trackingCd=Cat100000100010014_MID&t_page=카테고리관&t_click=에센스/세럼/앰플_전체__상품상세&t_number=25
[9월 올영픽] 파티온 노스카나인 트러블 세럼 50ml 리필 기획 (+리필40ml+크림10ml),5,"80,531",복합성,요즘 갑자기 올라오는 트러블 때문에 화장할 때마다 신경 쓰여서 하나 장만해봤어요 평소 스킨케어 제품은 여러 개 바르는 것보다 필요한 제품만 간단하게 사용하는 편인데 이건 사용하기 어렵지 않아서 좋았어요 세안하고 기초 케어한 다음 신경 쓰이는 부위에 소량씩 발라주고 있는데 부담스럽게 무겁지 않아서 저녁에 사용하기 괜찮더라고요,https://www.oliveyoung.co.kr/store/goods/getGoodsDetail.do?goodsNo=A000000219609&dispCatNo=100000100010014&trackingCd=Cat100000100010014_MID&t_page=카테고리관&t_click=에센스/세럼/앰플_전체__상품상세&t_number=25
[9월 올영픽] 파티온 노스카나인 트러블 세럼 50ml 리필 기획 (+리필40ml+크림10ml),5,"80,531",복합성,파티온 노스카나인 세럼만 진짜 6통 넘게 비운 사람이에요. 나 진짜 진심임.. 다들 써보셔요ㅠ 왜 결국 얘로 돌아오는지 알게돼요.. 피부결 미칌!!!,https://www.oliveyoung.co.kr/store/goods/getGoodsDetail.do?goodsNo=A000000219609&dispCatNo=100000100010014&trackingCd=Cat100000100010014_MID&t_page=카테고리관&t_click=에센스/세럼/앰플_전체__상품상세&t_number=25
[9월 올영픽] 파티온 노스카나인 트러블 세럼 50ml 리필 기획 (+리필40ml+크림10ml),5,"80,531",복합성,흡수력도 빠르면서 끈적이지 않는 마무리감이 너무 1마음에 들어요. 트러블 세럼이면 완전 물타입에 빠르게 날아가는 제형이 많은데 파티온 세럼은 콧물세럼 타입으로 피부속에 흡수되는게 느껴졌어요:)스포이드형 타입이라 양조절하기에도 좋고 물은 세럼 제형이라 부드럽게 펴바르기에도 좋고 수분감이 빠르게 느껴지는 세럼이에요.,https://www.oliveyoung.co.kr/store/goods/getGoodsDetail.do?goodsNo=A000000219609&dispCatNo=100000100010014&trackingCd=Cat100000100010014_MID&t_page=카테고리관&t_click=에센스/세럼/앰플_전체__상품상세&t_number=25
[9월 올영픽] 파티온 노스카나인 트러블 세럼 50ml 리필 기획 (+리필40ml+크림10ml),5,"80,531",복합성,"트러블이랑 트러블 자국이 신경쓰여서 파티온 세럼 또또 구매한 1인,,, 원래 브0그린 세럼 썼는데 너무 묽어서,,, 올영세일 때 구매했더니 본품 50 리필 40 크림 10 으로 구성 알차구요 사용해보니까 제형이 생각보다 가벼워서 여름에 사용하기 좋을 듯 해요 끈적임 거의 없고 빠르게 흡수 됩니다 꾸준히 사용해 트러블과 트러블 자국에 효과있길 기대해볼게요!! 제 리뷰가 도움이 되셨다면 좋아요 버튼👍 부탁드려요😍😍",https://www.oliveyoung.co.kr/store/goods/getGoodsDetail.do?goodsNo=A000000219609&dispCatNo=100000100010014&trackingCd=Cat100000100010014_MID&t_page=카테고리관&t_click=에센스/세럼/앰플_전체__상품상세&t_number=25
[9월 올영픽] 파티온 노스카나인 트러블 세럼 50ml 리필 기획 (+리필40ml+크림10ml),5,"80,531",건성,"솔직히 트러블 진정 라인이라고 해서 다 거기서 거기겠지 하고 별 기대 없이 썼는데, 이거 진짜 물건임. 울긋불긋하게 썽난 부위에 슥 얹어놓고 자면 다음 날 아침에 붉은 기가 눈에 띄게 쏙 들어가 있어서 거울 보고 진심 소름 돋았잖아. 끈적거리는 잔여감도 전혀 없고 피부 속까지 수분이 촘촘하게 차오르는 느낌이라 요즘 내 피부 구원투수임. 리필이랑 크림까지 덤으로 얹어주는 구성이라 마음까지 아주 든든함.",https://www.oliveyoung.co.kr/store/goods/getGoodsDetail.do?goodsNo=A000000219609&dispCatNo=100000100010014&trackingCd=Cat100000100010014_MID&t_page=카테고리관&t_click=에센스/세럼/앰플_전체__상품상세&t_number=25
[단독기획] 아누아 TXA 나이아신 흔적 세럼 30ml 2입,5,"6,386",없음,"여드름이 다 가라앉고 색소침착이 남아서 얼렁 관리를 해 줘야 해서 급하게 샀는데 일단 그생각보다 가볍게 발려요! 여러 번 발라도 밀리는 현상이 없고 촉촉하게 남아있어서 아침, 저녁 발라도 전혀 무리 없는 세럼이에용 꾸준히 써봐야 효과가 나타나겠지만 일단 첫인상은 좋아용",https://www.oliveyoung.co.kr/store/goods/getGoodsDetail.do?goodsNo=A000000226201&dispCatNo=100000100010014&trackingCd=Cat100000100010014_MID&t_page=카테고리관&t_click=에센스/세럼/앰플_전체__상품상세&t_number=26
[단독기획] 아누아 TXA 나이아신 흔적 세럼 30ml 2입,5,"6,386",건성,트러블 잡티 케어하려고 구매했어요. 붉거나 칙칙하게 남은 트러블 흔적과 멜라닌 착색 부위를 집중적으로 케어해 준다고 하는데 꾸준히 써봐야 할 것 같아요.,https://www.oliveyoung.co.kr/store/goods/getGoodsDetail.do?goodsNo=A000000226201&dispCatNo=100000100010014&trackingCd=Cat100000100010014_MID&t_page=카테고리관&t_click=에센스/세럼/앰플_전체__상품상세&t_number=26
[단독기획] 아누아 TXA 나이아신 흔적 세럼 30ml 2입,5,"6,386",복합성,매번 구매해서 사용 하는 제품이라 다시 구매했습니다! 세일 기간에 저렴하게 사서 좋아요!👍😄,https://www.oliveyoung.co.kr/store/goods/getGoodsDetail.do?goodsNo=A000000226201&dispCatNo=100000100010014&trackingCd=Cat100000100010014_MID&t_page=카테고리관&t_click=에센스/세럼/앰플_전체__상품상세&t_number=26
[단독기획] 아누아 TXA 나이아신 흔적 세럼 30ml 2입,5,"6,386",없음,바로 드라마틱한 효과는 아니지만 이거 바르고 나서는 약간 피부가 환해진것같아요~근데 마무리감이 끈적여서 저녁에만 바르고있어요~,https://www.oliveyoung.co.kr/store/goods/getGoodsDetail.do?goodsNo=A000000226201&dispCatNo=100000100010014&trackingCd=Cat100000100010014_MID&t_page=카테고리관&t_click=에센스/세럼/앰플_전체__상품상세&t_number=26
[단독기획] 아누아 TXA 나이아신 흔적 세럼 30ml 2입,5,"6,386",없음,몇 주 써본 결과.. 확실히 턱에 오돌토돌 올라오는걸 잘패주는것같아여 진물이 차는 딱딱한 뽀루지 종류에는 효과없는거같고 피지가 막 차오르는 시점에 제일 잘먹히는 것 같네요 밤에 바르고 아침에 얼굴 씻으면 물세안해도 될 정도로 보드라워집니다 굿,https://www.oliveyoung.co.kr/store/goods/getGoodsDetail.do?goodsNo=A000000226201&dispCatNo=100000100010014&trackingCd=Cat100000100010014_MID&t_page=카테고리관&t_click=에센스/세럼/앰플_전체__상품상세&t_number=26
[단독기획] 아누아 TXA 나이아신 흔적 세럼 30ml 2입,5,"6,386",복합성,한번 사용해보고 싶었던 아누아 흔적 세럼인데 피부톤 하고.. 색소 침착에 개선되는 효과가 있다고 하니까 구매를 했어요!! 꾸준히 사용을 하고는 있는데 확! 개선이 됐다? 싶을 정도는.. 아니지만 조금은 화사해지는 느낌은 있어서 재구매 아이템^^,https://www.oliveyoung.co.kr/store/goods/getGoodsDetail.do?goodsNo=A000000226201&dispCatNo=100000100010014&trackingCd=Cat100000100010014_MID&t_page=카테고리관&t_click=에센스/세럼/앰플_전체__상품상세&t_number=26
[단독기획] 아누아 TXA 나이아신 흔적 세럼 30ml 2입,5,"6,386",지성,무난한 템? 피지조절이 확 된다기 보다는 조금 무게감 있는 앰플 치고 잘 되는 느낌이에요. 그리고 계속 쓰니까 진짜 흔적들이 쪼끔쪼끔씩 옅어지는 느낌이 있아요!!! 좀 느리긴 해도 역시 기초는 꾸준히가 답인가봐요,https://www.oliveyoung.co.kr/store/goods/getGoodsDetail.do?goodsNo=A000000226201&dispCatNo=100000100010014&trackingCd=Cat100000100010014_MID&t_page=카테고리관&t_click=에센스/세럼/앰플_전체__상품상세&t_number=26
[단독기획] 아누아 TXA 나이아신 흔적 세럼 30ml 2입,5,"6,386",복합성,마냥 가벼울줄 알았는데 실제 써보니 생각보다 촉촉한 세럼입니다. 쓸만하네요!,https://www.oliveyoung.co.kr/store/goods/getGoodsDetail.do?goodsNo=A000000226201&dispCatNo=100000100010014&trackingCd=Cat100000100010014_MID&t_page=카테고리관&t_click=에센스/세럼/앰플_전체__상품상세&t_number=26
[단독기획] 아누아 TXA 나이아신 흔적 세럼 30ml 2입,4,"6,386",건성,오랜만에 구매 나이아신 세럼으로 결관리를 위해 get했습니다. 앰플은 아누아 🫶,https://www.oliveyoung.co.kr/store/goods/getGoodsDetail.do?goodsNo=A000000226201&dispCatNo=100000100010014&trackingCd=Cat100000100010014_MID&t_page=카테고리관&t_click=에센스/세럼/앰플_전체__상품상세&t_number=26
[단독기획] 아누아 TXA 나이아신 흔적 세럼 30ml 2입,5,"6,386",복합성,"나이아신아마이드는 피부미백,피지조절 등 여러 효과가 있어서 하나쯤 스킨케어루틴에 추가하면 좋은것같아요",https://www.oliveyoung.co.kr/store/goods/getGoodsDetail.do?goodsNo=A000000226201&dispCatNo=100000100010014&trackingCd=Cat100000100010014_MID&t_page=카테고리관&t_click=에센스/세럼/앰플_전체__상품상세&t_number=26
